,game_id,map,team,Round_Win_%,Rank_Diff
0,165100,Ancient,Spirit,0.65,13
1,167804,Ancient,Spirit,0.4482758620689655,6
2,168008,Ancient,Spirit,0.4090909090909091,6
3,169837,Ancient,Spirit,0.5333333333333333,-10
4,177986,Ancient,Spirit,0.7647058823529411,-4
5,181123,Ancient,Spirit,0.4482758620689655,-9
6,183165,Ancient,Spirit,0.5416666666666666,-41
7,183343,Ancient,Spirit,0.4090909090909091,-12
8,189133,Ancient,Spirit,0.6842105263157895,-18
9,191949,Ancient,Spirit,0.5909090909090909,-13
10,195954,Ancient,Spirit,0.5909090909090909,-9
11,205194,Ancient,Spirit,0.5652173913043478,-15
12,205430,Ancient,Spirit,0.7222222222222222,-1
13,212718,Ancient,Spirit,0.5428571428571428,2
14,213616,Ancient,Spirit,0.5652173913043478,2
15,228416,Ancient,Spirit,0.8125,-105
16,228493,Ancient,Spirit,0.5428571428571428,-2
17,164629,Ancient,Spirit,0.6842105263157895,-70
18,165628,Ancient,Spirit,0.5333333333333333,19
19,166169,Ancient,Spirit,0.5333333333333333,-40
20,166829,Ancient,Spirit,0.5416666666666667,-9
21,166220,Ancient,Spirit,0.65,-2
22,167895,Ancient,Spirit,0.5714285714285715,9
23,169314,Ancient,Spirit,0.6842105263157895,10
24,169813,Ancient,Spirit,1.0,1
25,169966,Ancient,Spirit,0.65,8
26,170043,Ancient,Spirit,0.8125,3
27,170249,Ancient,Spirit,0.8125,-2
28,172311,Ancient,Spirit,0.65,4
29,172365,Ancient,Spirit,0.5909090909090908,8
30,175481,Ancient,Spirit,0.65,-19
31,175881,Ancient,Spirit,0.409090909090909,1
32,176394,Ancient,Spirit,0.9285714285714286,-16
33,176434,Ancient,Spirit,0.7647058823529412,2
34,177897,Ancient,Spirit,0.3809523809523809,1
35,178241,Ancient,Spirit,0.5909090909090908,-1
36,179208,Ancient,Spirit,0.2777777777777778,-5
37,182905,Ancient,Spirit,0.5416666666666667,-1
38,183240,Ancient,Spirit,0.8666666666666667,-20
39,183387,Ancient,Spirit,0.6842105263157895,-16
40,184981,Ancient,Spirit,0.1875,-7
41,187357,Ancient,Spirit,0.7222222222222222,-9
42,188521,Ancient,Spirit,0.409090909090909,2
43,189273,Ancient,Spirit,0.5333333333333333,-3
44,189615,Ancient,Spirit,0.7647058823529412,-1
45,189691,Ancient,Spirit,0.3157894736842105,-2
46,191085,Ancient,Spirit,0.523809523809524,-2
47,191669,Ancient,Spirit,0.6842105263157895,-16
48,195397,Ancient,Spirit,0.4347826086956522,-7
49,195800,Ancient,Spirit,0.4680851063829787,-7
50,198687,Ancient,Spirit,0.3157894736842105,-2
51,199520,Ancient,Spirit,0.7222222222222222,-13
52,203787,Ancient,Spirit,0.5333333333333333,-14
53,203935,Ancient,Spirit,0.5517241379310345,2
54,204158,Ancient,Spirit,0.6842105263157895,-2
55,204211,Ancient,Spirit,0.5416666666666667,1
56,204331,Ancient,Spirit,0.7647058823529412,-30
57,204492,Ancient,Spirit,0.3809523809523809,-8
58,205288,Ancient,Spirit,0.5333333333333333,1
59,205650,Ancient,Spirit,0.7222222222222222,-17
60,206441,Ancient,Spirit,0.0714285714285714,-8
61,209634,Ancient,Spirit,0.7647058823529412,-19
62,212528,Ancient,Spirit,0.65,-9
63,212620,Ancient,Spirit,0.4482758620689655,3
64,212681,Ancient,Spirit,0.6842105263157895,-11
65,216843,Ancient,Spirit,0.6190476190476191,-30
66,217351,Ancient,Spirit,0.3809523809523809,-12
67,223209,Ancient,Spirit,0.5416666666666667,-9
68,222012,Ancient,Spirit,0.5909090909090908,-4
69,222646,Ancient,Spirit,0.35,-6
70,223502,Ancient,Spirit,0.3809523809523809,1
71,226503,Ancient,Spirit,0.8666666666666667,-13
72,226598,Ancient,Spirit,0.6190476190476191,-64
73,228975,Ancient,Spirit,0.5416666666666667,-6
74,229142,Ancient,Spirit,0.5652173913043479,1
75,168026,Anubis,Spirit,0.5517241379310345,6
76,178171,Anubis,Spirit,0.5909090909090909,2
77,181127,Anubis,Spirit,0.2352941176470588,-9
78,183349,Anubis,Spirit,0.7647058823529411,-12
79,187176,Anubis,Spirit,0.5909090909090909,1
80,195624,Anubis,Spirit,0.6190476190476191,-54
81,194377,Anubis,Spirit,0.5416666666666666,-24
82,194813,Anubis,Spirit,0.6842105263157895,-6
83,195956,Anubis,Spirit,0.5909090909090909,-9
84,196594,Anubis,Spirit,0.3157894736842105,-1
85,198724,Anubis,Spirit,0.65,-19
86,164748,Anubis,Spirit,0.5517241379310345,-19
87,165803,Anubis,Spirit,0.5652173913043479,-18
88,165296,Anubis,Spirit,0.2352941176470588,4
89,165483,Anubis,Spirit,0.8125,8
90,166175,Anubis,Spirit,0.6190476190476191,-40
91,167079,Anubis,Spirit,0.7222222222222222,-12
92,167755,Anubis,Spirit,0.1333333333333333,-19
93,167937,Anubis,Spirit,0.6190476190476191,-1
94,169607,Anubis,Spirit,0.2352941176470588,11
95,169973,Anubis,Spirit,0.4583333333333333,8
96,170248,Anubis,Spirit,0.6190476190476191,-2
97,170767,Anubis,Spirit,0.6190476190476191,-9
98,171668,Anubis,Spirit,0.5416666666666667,-8
99,175757,Anubis,Spirit,0.65,-8
100,176519,Anubis,Spirit,0.5416666666666667,3
101,177900,Anubis,Spirit,0.7647058823529412,1
102,180073,Anubis,Spirit,0.6842105263157895,-9
103,180471,Anubis,Spirit,0.6842105263157895,-10
104,182791,Anubis,Spirit,0.9285714285714286,-13
105,183256,Anubis,Spirit,0.4482758620689655,-20
106,183379,Anubis,Spirit,0.3157894736842105,-16
107,184266,Anubis,Spirit,0.5416666666666667,-13
108,184907,Anubis,Spirit,0.4347826086956522,-5
109,187241,Anubis,Spirit,0.4482758620689655,2
110,187287,Anubis,Spirit,0.5277777777777778,-2
111,187413,Anubis,Spirit,0.2777777777777778,2
112,188400,Anubis,Spirit,0.4583333333333333,-35
113,189518,Anubis,Spirit,0.5909090909090908,-9
114,190550,Anubis,Spirit,0.8125,-21
115,191111,Anubis,Spirit,0.4666666666666667,-12
116,191665,Anubis,Spirit,0.4583333333333333,-16
117,195257,Anubis,Spirit,0.4347826086956522,-3
118,195932,Anubis,Spirit,0.6190476190476191,-5
119,196417,Anubis,Spirit,0.6842105263157895,-2
120,201382,Anubis,Spirit,0.5416666666666667,-4
121,218198,Anubis,Spirit,0.6190476190476191,-3
122,221913,Anubis,Spirit,0.65,-13
123,222033,Anubis,Spirit,0.5652173913043479,-4
124,223488,Anubis,Spirit,0.1875,1
125,226556,Anubis,Spirit,0.2352941176470588,5
126,176730,Dust2,Spirit,0.3157894736842105,2
127,177997,Dust2,Spirit,0.5416666666666666,-4
128,178164,Dust2,Spirit,0.5909090909090909,2
129,192180,Dust2,Spirit,0.3157894736842105,-3
130,195628,Dust2,Spirit,0.7647058823529411,-54
131,194823,Dust2,Spirit,0.5416666666666666,-6
132,198727,Dust2,Spirit,0.8666666666666667,-19
133,212707,Dust2,Spirit,0.35,2
134,213614,Dust2,Spirit,0.6842105263157895,2
135,213712,Dust2,Spirit,0.5416666666666666,5
136,215493,Dust2,Spirit,0.3809523809523809,4
137,226801,Dust2,Spirit,0.2777777777777778,8
138,228414,Dust2,Spirit,0.6842105263157895,-105
139,228489,Dust2,Spirit,0.5416666666666666,-2
140,175476,Dust2,Spirit,0.6190476190476191,-19
141,177899,Dust2,Spirit,0.65,1
142,178247,Dust2,Spirit,0.5909090909090908,-1
143,179987,Dust2,Spirit,0.8125,-48
144,180462,Dust2,Spirit,0.4571428571428572,-10
145,182607,Dust2,Spirit,0.5416666666666667,-12
146,184332,Dust2,Spirit,0.8125,-34
147,184505,Dust2,Spirit,0.2777777777777778,2
148,184888,Dust2,Spirit,0.8125,-5
149,184994,Dust2,Spirit,0.7222222222222222,-7
150,185083,Dust2,Spirit,0.409090909090909,-2
151,187346,Dust2,Spirit,0.7222222222222222,-9
152,187415,Dust2,Spirit,0.35,2
153,188387,Dust2,Spirit,0.9285714285714286,-19
154,188433,Dust2,Spirit,0.65,-38
155,189117,Dust2,Spirit,0.3157894736842105,-4
156,189281,Dust2,Spirit,0.65,-3
157,189521,Dust2,Spirit,0.5416666666666667,-9
158,189697,Dust2,Spirit,0.5416666666666667,-2
159,190554,Dust2,Spirit,0.9285714285714286,-21
160,191082,Dust2,Spirit,0.5909090909090908,-2
161,191121,Dust2,Spirit,0.8125,-12
162,191536,Dust2,Spirit,0.7647058823529412,-12
163,191601,Dust2,Spirit,0.5416666666666667,-2
164,191645,Dust2,Spirit,0.6190476190476191,-8
165,192060,Dust2,Spirit,0.5333333333333333,-2
166,194653,Dust2,Spirit,0.9285714285714286,-20
167,195386,Dust2,Spirit,0.65,-7
168,195792,Dust2,Spirit,0.8125,-7
169,196413,Dust2,Spirit,0.65,-2
170,198689,Dust2,Spirit,0.4285714285714286,-2
171,199427,Dust2,Spirit,0.7647058823529412,-37
172,199513,Dust2,Spirit,0.65,-13
173,199839,Dust2,Spirit,0.5416666666666667,-37
174,199941,Dust2,Spirit,0.7222222222222222,-13
175,201320,Dust2,Spirit,0.8125,-17
176,201337,Dust2,Spirit,0.65,-27
177,201850,Dust2,Spirit,0.409090909090909,1
178,203868,Dust2,Spirit,0.6190476190476191,-1
179,204327,Dust2,Spirit,0.4347826086956522,-30
180,204494,Dust2,Spirit,0.65,-8
181,206101,Dust2,Spirit,0.7222222222222222,-25
182,206367,Dust2,Spirit,0.5714285714285715,-14
183,206439,Dust2,Spirit,0.4482758620689655,-8
184,209773,Dust2,Spirit,0.6842105263157895,-22
185,209931,Dust2,Spirit,0.6190476190476191,-3
186,212617,Dust2,Spirit,0.3157894736842105,3
187,212678,Dust2,Spirit,0.5517241379310345,-11
188,213523,Dust2,Spirit,0.4482758620689655,3
189,215010,Dust2,Spirit,0.7222222222222222,-6
190,215408,Dust2,Spirit,0.5714285714285715,3
191,216853,Dust2,Spirit,0.7222222222222222,-30
192,217940,Dust2,Spirit,0.5517241379310345,-6
193,218073,Dust2,Spirit,0.8125,-1
194,218212,Dust2,Spirit,0.5517241379310345,-3
195,218499,Dust2,Spirit,0.6190476190476191,5
196,218542,Dust2,Spirit,0.6190476190476191,3
197,222644,Dust2,Spirit,0.3157894736842105,-6
198,223620,Dust2,Spirit,0.6842105263157895,-27
199,226505,Dust2,Spirit,0.5416666666666667,-13
200,226618,Dust2,Spirit,0.5416666666666667,-3
201,226665,Dust2,Spirit,0.7222222222222222,2
202,226713,Dust2,Spirit,0.65,5
203,228622,Dust2,Spirit,0.6190476190476191,3
204,228972,Dust2,Spirit,0.6842105263157895,-6
205,229056,Dust2,Spirit,0.8125,-5
206,229132,Dust2,Spirit,0.5714285714285715,1
207,165135,Mirage,Spirit,0.4090909090909091,13
208,168018,Mirage,Spirit,0.7222222222222222,6
209,169832,Mirage,Spirit,0.8666666666666667,-10
210,176738,Mirage,Spirit,0.4583333333333333,2
211,178153,Mirage,Spirit,0.4583333333333333,2
212,187180,Mirage,Spirit,0.5416666666666666,1
213,192189,Mirage,Spirit,0.4583333333333333,-3
214,196609,Mirage,Spirit,0.4347826086956521,-1
215,198810,Mirage,Spirit,0.3809523809523809,1
216,205417,Mirage,Spirit,0.5517241379310345,-1
217,212727,Mirage,Spirit,0.3157894736842105,2
218,213719,Mirage,Spirit,0.4482758620689655,5
219,215488,Mirage,Spirit,0.4722222222222222,4
220,226791,Mirage,Spirit,0.4482758620689655,8
221,164692,Mirage,Spirit,0.5652173913043479,-22
222,165284,Mirage,Spirit,0.2352941176470588,4
223,165635,Mirage,Spirit,0.6842105263157895,19
224,166146,Mirage,Spirit,0.4499999999999999,-40
225,166728,Mirage,Spirit,0.5652173913043479,-12
226,167075,Mirage,Spirit,0.65,-12
227,166230,Mirage,Spirit,0.5909090909090908,-2
228,167767,Mirage,Spirit,0.5714285714285715,-19
229,167844,Mirage,Spirit,0.3809523809523809,-18
230,167739,Mirage,Spirit,0.6190476190476191,9
231,167897,Mirage,Spirit,0.6190476190476191,9
232,167942,Mirage,Spirit,0.8125,-1
233,169122,Mirage,Spirit,0.5333333333333333,-76
234,169306,Mirage,Spirit,0.8666666666666667,10
235,169982,Mirage,Spirit,0.7647058823529412,8
236,170124,Mirage,Spirit,0.5652173913043479,9
237,170271,Mirage,Spirit,0.5416666666666667,9
238,170720,Mirage,Spirit,0.4583333333333333,6
239,171729,Mirage,Spirit,0.7647058823529412,-43
240,172330,Mirage,Spirit,0.8666666666666667,-30
241,172369,Mirage,Spirit,0.65,8
242,172573,Mirage,Spirit,0.35,9
243,175602,Mirage,Spirit,0.6190476190476191,-6
244,175885,Mirage,Spirit,0.2352941176470588,1
245,178250,Mirage,Spirit,0.2352941176470588,-1
246,179190,Mirage,Spirit,0.3809523809523809,-5
247,179996,Mirage,Spirit,0.5909090909090908,-48
248,181193,Mirage,Spirit,0.0714285714285714,-3
249,182788,Mirage,Spirit,0.7647058823529412,-13
250,182903,Mirage,Spirit,0.4666666666666667,-1
251,182969,Mirage,Spirit,0.5909090909090908,-8
252,184514,Mirage,Spirit,0.409090909090909,2
253,185005,Mirage,Spirit,0.5416666666666667,-7
254,185098,Mirage,Spirit,0.4482758620689655,-2
255,187250,Mirage,Spirit,0.4347826086956522,2
256,187281,Mirage,Spirit,0.5652173913043479,-2
257,187409,Mirage,Spirit,0.35,2
258,188525,Mirage,Spirit,0.7222222222222222,2
259,188588,Mirage,Spirit,0.6190476190476191,-41
260,188604,Mirage,Spirit,0.7222222222222222,-40
261,189174,Mirage,Spirit,0.8666666666666667,3
262,189279,Mirage,Spirit,0.4347826086956522,-3
263,189616,Mirage,Spirit,0.65,-1
264,191125,Mirage,Spirit,0.6190476190476191,-12
265,191593,Mirage,Spirit,0.3809523809523809,-2
266,192046,Mirage,Spirit,0.6190476190476191,-2
267,195260,Mirage,Spirit,0.65,-3
268,198551,Mirage,Spirit,0.8666666666666667,-24
269,198686,Mirage,Spirit,0.7647058823529412,-2
270,199359,Mirage,Spirit,0.5416666666666667,-8
271,199902,Mirage,Spirit,0.65,-18
272,199948,Mirage,Spirit,0.2777777777777778,-13
273,201844,Mirage,Spirit,0.5434782608695653,1
274,203939,Mirage,Spirit,0.4634146341463414,2
275,204147,Mirage,Spirit,0.5416666666666667,-2
276,204203,Mirage,Spirit,0.65,1
277,204329,Mirage,Spirit,0.8125,-30
278,204489,Mirage,Spirit,0.5416666666666667,-8
279,205300,Mirage,Spirit,0.7222222222222222,1
280,205659,Mirage,Spirit,0.4666666666666667,-17
281,206095,Mirage,Spirit,0.7647058823529412,-25
282,206297,Mirage,Spirit,0.409090909090909,-3
283,206371,Mirage,Spirit,0.65,-14
284,206435,Mirage,Spirit,0.5416666666666667,-8
285,209645,Mirage,Spirit,0.5416666666666667,-19
286,209947,Mirage,Spirit,0.5909090909090908,-3
287,210479,Mirage,Spirit,0.2777777777777778,-11
288,215070,Mirage,Spirit,0.7222222222222222,2
289,216599,Mirage,Spirit,0.5416666666666667,-61
290,217340,Mirage,Spirit,0.409090909090909,-12
291,218063,Mirage,Spirit,0.5333333333333333,-1
292,218494,Mirage,Spirit,0.4482758620689655,5
293,218546,Mirage,Spirit,0.8125,3
294,223200,Mirage,Spirit,0.6190476190476191,-9
295,221893,Mirage,Spirit,0.2352941176470588,-13
296,226560,Mirage,Spirit,0.2777777777777778,5
297,226596,Mirage,Spirit,0.3809523809523809,-64
298,226613,Mirage,Spirit,0.65,-3
299,226668,Mirage,Spirit,0.6190476190476191,2
300,226717,Mirage,Spirit,0.7647058823529412,5
301,228641,Mirage,Spirit,0.5416666666666667,3
302,229137,Mirage,Spirit,0.65,1
303,183172,Nuke,Spirit,0.5517241379310345,-41
304,183355,Nuke,Spirit,0.5416666666666666,-12
305,192186,Nuke,Spirit,0.2777777777777778,-3
306,194384,Nuke,Spirit,0.6842105263157895,-24
307,196605,Nuke,Spirit,0.7222222222222222,-1
308,198816,Nuke,Spirit,0.4090909090909091,1
309,205406,Nuke,Spirit,0.5416666666666666,-1
310,213714,Nuke,Spirit,0.4571428571428571,5
311,223770,Nuke,Spirit,0.4583333333333333,-1
312,226798,Nuke,Spirit,0.4347826086956521,8
313,164636,Nuke,Spirit,0.8125,-70
314,164752,Nuke,Spirit,0.5909090909090908,-19
315,165288,Nuke,Spirit,0.8125,4
316,165494,Nuke,Spirit,0.5652173913043479,8
317,165902,Nuke,Spirit,0.3809523809523809,8
318,166735,Nuke,Spirit,0.5652173913043479,-12
319,167070,Nuke,Spirit,0.4571428571428572,-12
320,167781,Nuke,Spirit,0.409090909090909,-19
321,167836,Nuke,Spirit,0.35,-18
322,167735,Nuke,Spirit,0.5909090909090908,9
323,169609,Nuke,Spirit,0.2352941176470588,11
324,169184,Nuke,Spirit,0.5333333333333333,-19
325,170129,Nuke,Spirit,0.7222222222222222,9
326,170269,Nuke,Spirit,0.5909090909090908,9
327,170776,Nuke,Spirit,0.5416666666666667,-9
328,171732,Nuke,Spirit,0.6190476190476191,-43
329,172355,Nuke,Spirit,0.4482758620689655,8
330,172577,Nuke,Spirit,0.5428571428571429,9
331,175598,Nuke,Spirit,0.5416666666666667,-6
332,176439,Nuke,Spirit,0.6190476190476191,2
333,176522,Nuke,Spirit,0.5652173913043479,3
334,178258,Nuke,Spirit,0.6842105263157895,-1
335,179044,Nuke,Spirit,0.7647058823529412,-20
336,179202,Nuke,Spirit,0.5333333333333333,-5
337,180477,Nuke,Spirit,0.5652173913043479,-10
338,181189,Nuke,Spirit,0.1875,-3
339,182582,Nuke,Spirit,0.65,-12
340,182900,Nuke,Spirit,0.5909090909090908,-1
341,182957,Nuke,Spirit,0.65,-8
342,183250,Nuke,Spirit,0.35,-20
343,183392,Nuke,Spirit,0.8666666666666667,-16
344,184259,Nuke,Spirit,0.5909090909090908,-13
345,184328,Nuke,Spirit,0.5517241379310345,-34
346,184900,Nuke,Spirit,0.4583333333333333,-5
347,188531,Nuke,Spirit,0.4666666666666667,2
348,189611,Nuke,Spirit,0.35,-1
349,189688,Nuke,Spirit,0.6190476190476191,-2
350,190288,Nuke,Spirit,0.7647058823529412,-27
351,191118,Nuke,Spirit,0.6842105263157895,-12
352,191531,Nuke,Spirit,0.7222222222222222,-12
353,191605,Nuke,Spirit,0.4666666666666667,-2
354,191637,Nuke,Spirit,0.5652173913043479,-8
355,191671,Nuke,Spirit,0.7647058823529412,-16
356,195249,Nuke,Spirit,0.5588235294117647,-3
357,195371,Nuke,Spirit,0.4666666666666667,-7
358,195795,Nuke,Spirit,0.4482758620689655,-7
359,195933,Nuke,Spirit,0.5909090909090908,-5
360,198557,Nuke,Spirit,0.5909090909090908,-24
361,199367,Nuke,Spirit,0.5416666666666667,-8
362,199896,Nuke,Spirit,0.5909090909090908,-18
363,199946,Nuke,Spirit,0.5652173913043479,-13
364,201852,Nuke,Spirit,0.4347826086956522,1
365,203793,Nuke,Spirit,0.6190476190476191,-14
366,203871,Nuke,Spirit,0.5652173913043479,-1
367,204152,Nuke,Spirit,0.409090909090909,-2
368,204216,Nuke,Spirit,0.6842105263157895,1
369,205653,Nuke,Spirit,0.1875,-17
370,206302,Nuke,Spirit,0.4583333333333333,-3
371,209639,Nuke,Spirit,0.2352941176470588,-19
372,210475,Nuke,Spirit,0.409090909090909,-11
373,212532,Nuke,Spirit,0.5416666666666667,-9
374,213525,Nuke,Spirit,0.3809523809523809,3
375,215404,Nuke,Spirit,0.7647058823529412,3
376,216607,Nuke,Spirit,0.7222222222222222,-61
377,218504,Nuke,Spirit,0.35,5
378,221732,Nuke,Spirit,0.5652173913043479,-8
379,221904,Nuke,Spirit,0.5909090909090908,-13
380,229062,Nuke,Spirit,0.8666666666666667,-5
381,164753,Ancient,Falcons,0.4482758620689655,-31
382,164845,Ancient,Falcons,0.4482758620689655,20
383,165213,Ancient,Falcons,0.2352941176470588,12
384,169536,Ancient,Falcons,0.8666666666666667,-32
385,170125,Ancient,Falcons,0.5416666666666666,10
386,170249,Ancient,Falcons,0.1875,2
387,174257,Ancient,Falcons,0.4583333333333333,-6
388,175685,Ancient,Falcons,0.6190476190476191,3
389,176466,Ancient,Falcons,0.4583333333333333,-3
390,181174,Ancient,Falcons,0.4090909090909091,11
391,181352,Ancient,Falcons,0.3157894736842105,8
392,182058,Ancient,Falcons,0.5909090909090909,-13
393,182739,Ancient,Falcons,0.4090909090909091,7
394,182337,Ancient,Falcons,0.5416666666666666,-33
395,183931,Ancient,Falcons,0.4583333333333333,7
396,184865,Ancient,Falcons,0.4347826086956521,13
397,184957,Ancient,Falcons,0.5238095238095238,8
398,186875,Ancient,Falcons,0.4583333333333333,8
399,191544,Ancient,Falcons,0.4090909090909091,9
400,192268,Ancient,Falcons,0.4090909090909091,-136
401,192855,Ancient,Falcons,0.6190476190476191,4
402,193259,Ancient,Falcons,0.6842105263157895,6
403,193350,Ancient,Falcons,0.4090909090909091,4
404,195645,Ancient,Falcons,0.4347826086956521,1
405,194491,Ancient,Falcons,0.5517241379310345,-3
406,195787,Ancient,Falcons,0.6842105263157895,-46
407,195917,Ancient,Falcons,0.4571428571428571,-1
408,197489,Ancient,Falcons,0.5333333333333333,2
409,197511,Ancient,Falcons,0.65,-5
410,197583,Ancient,Falcons,0.4666666666666667,1
411,197643,Ancient,Falcons,0.6190476190476191,3
412,198611,Ancient,Falcons,0.5652173913043478,1
413,198687,Ancient,Falcons,0.6842105263157895,2
414,201192,Ancient,Falcons,0.6842105263157895,-14
415,200106,Ancient,Falcons,0.5909090909090909,-13
416,200286,Ancient,Falcons,0.6190476190476191,-6
417,205695,Ancient,Falcons,0.5909090909090909,-3
418,205782,Ancient,Falcons,0.5909090909090909,6
419,207439,Ancient,Falcons,0.8666666666666667,-10
420,207716,Ancient,Falcons,0.5428571428571428,-8
421,208249,Ancient,Falcons,0.6842105263157895,-2
422,209740,Ancient,Falcons,0.5333333333333333,-2
423,209950,Ancient,Falcons,0.5909090909090909,3
424,210559,Ancient,Falcons,0.65,3
425,212512,Ancient,Falcons,0.8125,-18
426,212620,Ancient,Falcons,0.5517241379310345,-3
427,213275,Ancient,Falcons,0.7222222222222222,-2
428,215256,Ancient,Falcons,0.4090909090909091,-5
429,218121,Ancient,Falcons,0.4583333333333333,-17
430,219233,Ancient,Falcons,0.7647058823529411,-3
431,219874,Ancient,Falcons,0.3809523809523809,-2
432,223072,Ancient,Falcons,0.6842105263157895,-18
433,223563,Ancient,Falcons,0.9285714285714286,-34
434,224258,Ancient,Falcons,0.4347826086956521,-2
435,228422,Ancient,Falcons,0.5416666666666666,-51
436,228596,Ancient,Falcons,0.5652173913043478,-14
437,229071,Ancient,Falcons,0.65,-41
438,229142,Ancient,Falcons,0.4347826086956521,-1
439,229343,Ancient,Falcons,0.5416666666666666,-15
440,229507,Ancient,Falcons,0.5909090909090909,-12
441,229789,Ancient,Falcons,0.4090909090909091,-12
442,169485,Ancient,Falcons,0.1875,-9
443,170105,Ancient,Falcons,0.409090909090909,5
444,170488,Ancient,Falcons,0.3809523809523809,-16
445,180040,Ancient,Falcons,0.409090909090909,7
446,180389,Ancient,Falcons,0.0714285714285714,6
447,182217,Ancient,Falcons,0.65,-9
448,183817,Ancient,Falcons,0.7222222222222222,-83
449,192309,Ancient,Falcons,0.8666666666666667,-8
450,192806,Ancient,Falcons,0.3157894736842105,-2
451,194787,Ancient,Falcons,0.65,-7
452,201091,Ancient,Falcons,0.3809523809523809,-19
453,210431,Ancient,Falcons,0.65,-3
454,214998,Ancient,Falcons,0.4347826086956522,-13
455,226508,Ancient,Falcons,0.9285714285714286,-11
456,164679,Anubis,Falcons,0.4482758620689655,1
457,164852,Anubis,Falcons,0.5416666666666666,20
458,165298,Anubis,Falcons,0.4090909090909091,46
459,169654,Anubis,Falcons,0.3809523809523809,9
460,170063,Anubis,Falcons,0.4090909090909091,-14
461,170248,Anubis,Falcons,0.3809523809523809,2
462,174428,Anubis,Falcons,0.1875,5
463,175757,Anubis,Falcons,0.35,8
464,176380,Anubis,Falcons,0.4347826086956521,7
465,176469,Anubis,Falcons,0.4347826086956521,-3
466,178119,Anubis,Falcons,0.7647058823529411,-45
467,180114,Anubis,Falcons,0.6190476190476191,-14
468,183713,Anubis,Falcons,0.5652173913043478,-2
469,184858,Anubis,Falcons,0.2777777777777778,13
470,186759,Anubis,Falcons,0.3809523809523809,10
471,188298,Anubis,Falcons,0.2777777777777778,9
472,217425,Anubis,Falcons,0.2352941176470588,2
473,219220,Anubis,Falcons,0.5909090909090909,-3
474,219446,Anubis,Falcons,0.5416666666666666,1
475,226556,Anubis,Falcons,0.7647058823529411,-5
476,165055,Anubis,Falcons,0.3157894736842105,19
477,170109,Anubis,Falcons,0.5652173913043479,5
478,175512,Anubis,Falcons,0.409090909090909,-13
479,180983,Anubis,Falcons,0.5416666666666667,-82
480,181061,Anubis,Falcons,0.5652173913043479,-6
481,182188,Anubis,Falcons,0.7222222222222222,2
482,182392,Anubis,Falcons,0.5416666666666667,-4
483,182534,Anubis,Falcons,0.3809523809523809,-2
484,183823,Anubis,Falcons,0.7647058823529412,-83
485,186739,Anubis,Falcons,0.4347826086956522,-6
486,188240,Anubis,Falcons,0.5517241379310345,-36
487,218020,Anubis,Falcons,0.35,-8
488,218180,Anubis,Falcons,0.7222222222222222,-9
489,176399,Dust2,Falcons,0.5652173913043478,-12
490,178149,Dust2,Falcons,0.5416666666666666,-1
491,181238,Dust2,Falcons,0.6190476190476191,7
492,181340,Dust2,Falcons,0.4482758620689655,8
493,182061,Dust2,Falcons,0.5333333333333333,-13
494,182607,Dust2,Falcons,0.4583333333333333,12
495,182354,Dust2,Falcons,0.8125,-33
496,182648,Dust2,Falcons,0.3157894736842105,4
497,183719,Dust2,Falcons,0.4090909090909091,-2
498,183916,Dust2,Falcons,0.5517241379310345,7
499,184020,Dust2,Falcons,0.4347826086956521,-35
500,184967,Dust2,Falcons,0.3157894736842105,8
501,191549,Dust2,Falcons,0.65,9
502,192650,Dust2,Falcons,0.65,-11
503,192760,Dust2,Falcons,0.5714285714285714,-1
504,192847,Dust2,Falcons,0.3809523809523809,4
505,193255,Dust2,Falcons,0.5416666666666666,6
506,193336,Dust2,Falcons,0.3157894736842105,4
507,194480,Dust2,Falcons,0.4090909090909091,-3
508,195061,Dust2,Falcons,0.5909090909090909,-6
509,197487,Dust2,Falcons,0.6842105263157895,2
510,198057,Dust2,Falcons,0.5909090909090909,-8
511,198114,Dust2,Falcons,0.7647058823529411,4
512,198260,Dust2,Falcons,0.8125,6
513,198368,Dust2,Falcons,0.5714285714285714,8
514,198605,Dust2,Falcons,0.6842105263157895,1
515,198689,Dust2,Falcons,0.5714285714285714,2
516,198800,Dust2,Falcons,0.6842105263157895,1
517,198878,Dust2,Falcons,0.3157894736842105,3
518,201157,Dust2,Falcons,0.4583333333333333,-38
519,200111,Dust2,Falcons,0.8125,-13
520,200173,Dust2,Falcons,0.2352941176470588,1
521,200337,Dust2,Falcons,0.35,3
522,203800,Dust2,Falcons,0.4090909090909091,4
523,203879,Dust2,Falcons,0.35,-2
524,207869,Dust2,Falcons,0.6842105263157895,1
525,210644,Dust2,Falcons,0.2777777777777778,5
526,212617,Dust2,Falcons,0.6842105263157895,-3
527,213523,Dust2,Falcons,0.5517241379310345,-3
528,215260,Dust2,Falcons,0.5652173913043478,-5
529,215408,Dust2,Falcons,0.4285714285714285,-3
530,217210,Dust2,Falcons,0.6190476190476191,-12
531,217521,Dust2,Falcons,0.4583333333333333,-17
532,218127,Dust2,Falcons,0.5909090909090909,-17
533,218238,Dust2,Falcons,0.4722222222222222,-1
534,219227,Dust2,Falcons,0.4583333333333333,-3
535,219858,Dust2,Falcons,0.4666666666666667,-2
536,223078,Dust2,Falcons,0.6190476190476191,-18
537,223343,Dust2,Falcons,0.4090909090909091,-5
538,223700,Dust2,Falcons,0.4482758620689655,1
539,226617,Dust2,Falcons,0.3157894736842105,3
540,226713,Dust2,Falcons,0.35,-5
541,226776,Dust2,Falcons,0.5416666666666666,1
542,228415,Dust2,Falcons,0.7222222222222222,-51
543,228588,Dust2,Falcons,0.5416666666666666,-14
544,228710,Dust2,Falcons,0.6190476190476191,-3
545,229019,Dust2,Falcons,0.5277777777777778,2
546,229076,Dust2,Falcons,0.7222222222222222,-41
547,229132,Dust2,Falcons,0.4285714285714285,-1
548,229505,Dust2,Falcons,0.65,-12
549,229637,Dust2,Falcons,0.65,-6
550,229800,Dust2,Falcons,0.3157894736842105,-12
551,180037,Dust2,Falcons,0.35,7
552,180383,Dust2,Falcons,0.5517241379310345,6
553,180891,Dust2,Falcons,0.4583333333333333,-2
554,181046,Dust2,Falcons,0.65,-6
555,182167,Dust2,Falcons,0.65,1
556,182289,Dust2,Falcons,0.5909090909090908,1
557,186915,Dust2,Falcons,0.4285714285714286,12
558,190348,Dust2,Falcons,0.5333333333333333,-26
559,192340,Dust2,Falcons,0.8666666666666667,-8
560,192808,Dust2,Falcons,0.65,-2
561,193142,Dust2,Falcons,0.3157894736842105,5
562,194797,Dust2,Falcons,0.1333333333333333,-7
563,195135,Dust2,Falcons,0.409090909090909,5
564,197242,Dust2,Falcons,0.2777777777777778,-12
565,218188,Dust2,Falcons,0.5909090909090908,-9
566,219144,Dust2,Falcons,0.5652173913043479,-9
567,228532,Dust2,Falcons,0.0714285714285714,-13
568,229310,Dust2,Falcons,0.5416666666666667,-49
569,192647,Inferno,Falcons,0.5909090909090909,-11
570,194465,Inferno,Falcons,0.5333333333333333,-3
571,195785,Inferno,Falcons,0.5517241379310345,-46
572,195925,Inferno,Falcons,0.4761904761904761,-1
573,197279,Inferno,Falcons,0.1333333333333333,-5
574,197363,Inferno,Falcons,0.5909090909090909,-7
575,197425,Inferno,Falcons,0.6842105263157895,-20
576,197508,Inferno,Falcons,0.65,-5
577,198104,Inferno,Falcons,0.4090909090909091,4
578,198158,Inferno,Falcons,0.3809523809523809,8
579,198360,Inferno,Falcons,0.1333333333333333,8
580,198873,Inferno,Falcons,0.5909090909090909,3
581,201198,Inferno,Falcons,0.4761904761904761,-14
582,200293,Inferno,Falcons,0.6190476190476191,-6
583,200340,Inferno,Falcons,0.4583333333333333,3
584,205785,Inferno,Falcons,0.3809523809523809,6
585,205847,Inferno,Falcons,0.4090909090909091,7
586,207699,Inferno,Falcons,0.7647058823529411,-8
587,208243,Inferno,Falcons,0.7647058823529411,-2
588,209964,Inferno,Falcons,0.1875,3
589,210550,Inferno,Falcons,0.5517241379310345,3
590,210632,Inferno,Falcons,0.4347826086956521,5
591,212509,Inferno,Falcons,0.6190476190476191,-18
592,213143,Inferno,Falcons,0.2777777777777778,1
593,213276,Inferno,Falcons,0.4583333333333333,-2
594,213779,Inferno,Falcons,0.5517241379310345,2
595,213844,Inferno,Falcons,0.8125,1
596,215170,Inferno,Falcons,0.3157894736842105,-1
597,215259,Inferno,Falcons,0.7647058823529411,-5
598,217414,Inferno,Falcons,0.5652173913043478,2
599,217527,Inferno,Falcons,0.4583333333333333,-17
600,218113,Inferno,Falcons,0.7222222222222222,-17
601,218225,Inferno,Falcons,0.4666666666666667,-1
602,219433,Inferno,Falcons,0.7647058823529411,1
603,223329,Inferno,Falcons,0.4090909090909091,-5
604,223559,Inferno,Falcons,0.4666666666666667,-34
605,228717,Inferno,Falcons,0.4583333333333333,-3
606,229329,Inferno,Falcons,0.5588235294117647,-15
607,186924,Inferno,Falcons,0.2352941176470588,12
608,190590,Inferno,Falcons,0.3157894736842105,-3
609,191473,Inferno,Falcons,0.35,5
610,194776,Inferno,Falcons,0.4583333333333333,-7
611,195122,Inferno,Falcons,0.3809523809523809,5
612,205834,Inferno,Falcons,0.3157894736842105,-1
613,209648,Inferno,Falcons,0.6190476190476191,-4
614,210425,Inferno,Falcons,0.409090909090909,-3
615,216542,Inferno,Falcons,0.8666666666666667,-44
616,218035,Inferno,Falcons,0.3809523809523809,-8
617,226506,Inferno,Falcons,0.5652173913043479,-11
618,164682,Mirage,Falcons,0.3157894736842105,1
619,164756,Mirage,Falcons,0.7222222222222222,-31
620,165305,Mirage,Falcons,0.2352941176470588,46
621,170130,Mirage,Falcons,0.7647058823529411,10
622,171451,Mirage,Falcons,0.5909090909090909,-41
623,174246,Mirage,Falcons,0.1875,-6
624,174301,Mirage,Falcons,0.4583333333333333,-122
625,175397,Mirage,Falcons,0.2777777777777778,3
626,175677,Mirage,Falcons,0.2777777777777778,3
627,178158,Mirage,Falcons,0.5909090909090909,-1
628,181231,Mirage,Falcons,0.3809523809523809,7
629,182257,Mirage,Falcons,0.6842105263157895,7
630,182720,Mirage,Falcons,0.4583333333333333,7
631,182641,Mirage,Falcons,0.4090909090909091,4
632,184009,Mirage,Falcons,0.4347826086956521,-35
633,186758,Mirage,Falcons,0.4090909090909091,10
634,188341,Mirage,Falcons,0.35,-16
635,191554,Mirage,Falcons,0.4583333333333333,9
636,192286,Mirage,Falcons,0.5517241379310345,-136
637,192751,Mirage,Falcons,0.3809523809523809,-1
638,192850,Mirage,Falcons,0.5652173913043478,4
639,193340,Mirage,Falcons,0.7647058823529411,4
640,195047,Mirage,Falcons,0.5333333333333333,-6
641,195913,Mirage,Falcons,0.5416666666666666,-1
642,197280,Mirage,Falcons,0.0714285714285714,-5
643,197485,Mirage,Falcons,0.4090909090909091,2
644,197587,Mirage,Falcons,0.5652173913043478,1
645,197638,Mirage,Falcons,0.7222222222222222,3
646,198108,Mirage,Falcons,0.5416666666666666,4
647,198154,Mirage,Falcons,0.4482758620689655,8
648,198388,Mirage,Falcons,0.5652173913043478,8
649,198686,Mirage,Falcons,0.2352941176470588,2
650,198897,Mirage,Falcons,0.5333333333333333,3
651,201161,Mirage,Falcons,0.6842105263157895,-38
652,200175,Mirage,Falcons,0.4285714285714285,1
653,203719,Mirage,Falcons,0.6842105263157895,-7
654,203803,Mirage,Falcons,0.4090909090909091,4
655,203877,Mirage,Falcons,0.4583333333333333,-2
656,207433,Mirage,Falcons,0.9285714285714286,-10
657,213149,Mirage,Falcons,0.4583333333333333,1
658,213277,Mirage,Falcons,0.6842105263157895,-2
659,213621,Mirage,Falcons,0.5652173913043478,-27
660,213857,Mirage,Falcons,0.4571428571428571,1
661,215060,Mirage,Falcons,0.9285714285714286,-31
662,215161,Mirage,Falcons,0.5416666666666666,-1
663,216787,Mirage,Falcons,0.65,-36
664,217431,Mirage,Falcons,0.6842105263157895,2
665,217514,Mirage,Falcons,0.4090909090909091,-17
666,219421,Mirage,Falcons,0.4666666666666667,1
667,219865,Mirage,Falcons,0.65,-2
668,223566,Mirage,Falcons,0.8666666666666667,-34
669,223686,Mirage,Falcons,0.5416666666666666,1
670,224252,Mirage,Falcons,0.4583333333333333,-2
671,226560,Mirage,Falcons,0.7222222222222222,-5
672,226614,Mirage,Falcons,0.5652173913043478,3
673,226717,Mirage,Falcons,0.2352941176470588,-5
674,226782,Mirage,Falcons,0.5416666666666666,1
675,228723,Mirage,Falcons,0.5714285714285714,-3
676,228999,Mirage,Falcons,0.4090909090909091,2
677,229137,Mirage,Falcons,0.35,-1
678,229636,Mirage,Falcons,0.35,-6
679,229795,Mirage,Falcons,0.3157894736842105,-12
680,165066,Mirage,Falcons,0.65,19
681,170213,Mirage,Falcons,0.7222222222222222,-10
682,170492,Mirage,Falcons,0.4482758620689655,-16
683,178232,Mirage,Falcons,0.6842105263157895,-15
684,180996,Mirage,Falcons,0.5909090909090908,-82
685,181050,Mirage,Falcons,0.4347826086956522,-6
686,182164,Mirage,Falcons,0.2777777777777778,1
687,182296,Mirage,Falcons,0.9285714285714286,1
688,195129,Mirage,Falcons,0.5517241379310345,5
689,209651,Mirage,Falcons,0.6842105263157895,-4
690,212711,Mirage,Falcons,0.65,-11
691,216553,Mirage,Falcons,0.5652173913043479,-44
692,218030,Mirage,Falcons,0.5652173913043479,-8
693,228524,Mirage,Falcons,0.5909090909090908,-13
694,164681,Nuke,Falcons,0.7647058823529411,1
695,164859,Nuke,Falcons,0.5416666666666666,20
696,165006,Nuke,Falcons,0.4482758620689655,1
697,169646,Nuke,Falcons,0.5428571428571428,9
698,170070,Nuke,Falcons,0.5652173913043478,-14
699,170386,Nuke,Falcons,0.35,11
700,174252,Nuke,Falcons,0.5909090909090909,-6
701,174310,Nuke,Falcons,0.5652173913043478,-122
702,174433,Nuke,Falcons,0.2777777777777778,5
703,176401,Nuke,Falcons,0.7647058823529411,-12
704,176464,Nuke,Falcons,0.6842105263157895,-3
705,178122,Nuke,Falcons,0.5238095238095238,-45
706,180121,Nuke,Falcons,0.7222222222222222,-14
707,181162,Nuke,Falcons,0.3157894736842105,11
708,182582,Nuke,Falcons,0.35,12
709,182349,Nuke,Falcons,0.4347826086956521,-33
710,183702,Nuke,Falcons,0.4347826086956521,-2
711,184953,Nuke,Falcons,0.4583333333333333,8
712,188263,Nuke,Falcons,0.4285714285714285,18
713,188339,Nuke,Falcons,0.65,-16
714,192277,Nuke,Falcons,0.6842105263157895,-136
715,192768,Nuke,Falcons,0.4583333333333333,-1
716,193345,Nuke,Falcons,0.4583333333333333,4
717,194627,Nuke,Falcons,0.4090909090909091,1
718,197354,Nuke,Falcons,0.3157894736842105,-7
719,197578,Nuke,Falcons,0.7647058823529411,1
720,197642,Nuke,Falcons,0.65,3
721,198053,Nuke,Falcons,0.6190476190476191,-8
722,198219,Nuke,Falcons,0.7647058823529411,-5
723,198261,Nuke,Falcons,0.6842105263157895,6
724,198394,Nuke,Falcons,0.4761904761904761,8
725,198790,Nuke,Falcons,0.5333333333333333,1
726,198902,Nuke,Falcons,0.3809523809523809,3
727,200035,Nuke,Falcons,0.7222222222222222,-34
728,201111,Nuke,Falcons,0.4090909090909091,-26
729,201159,Nuke,Falcons,0.5652173913043478,-38
730,201195,Nuke,Falcons,0.4090909090909091,-14
731,200108,Nuke,Falcons,0.4482758620689655,-13
732,200290,Nuke,Falcons,0.4090909090909091,-6
733,203716,Nuke,Falcons,0.5416666666666666,-7
734,205789,Nuke,Falcons,0.5652173913043478,6
735,205853,Nuke,Falcons,0.8125,7
736,207859,Nuke,Falcons,0.5416666666666666,1
737,208316,Nuke,Falcons,0.4583333333333333,2
738,209735,Nuke,Falcons,0.8666666666666667,-2
739,209973,Nuke,Falcons,0.65,3
740,213525,Nuke,Falcons,0.6190476190476191,-3
741,213781,Nuke,Falcons,0.65,2
742,213847,Nuke,Falcons,0.4090909090909091,1
743,215009,Nuke,Falcons,0.7222222222222222,-18
744,215176,Nuke,Falcons,0.4347826086956521,-1
745,215404,Nuke,Falcons,0.2352941176470588,-3
746,216783,Nuke,Falcons,0.5652173913043478,-36
747,217200,Nuke,Falcons,0.5333333333333333,-12
748,223712,Nuke,Falcons,0.5652173913043478,1
749,226619,Nuke,Falcons,0.5333333333333333,3
750,229003,Nuke,Falcons,0.5238095238095238,2
751,229638,Nuke,Falcons,0.5652173913043478,-6
752,229788,Nuke,Falcons,0.5416666666666666,-12
753,169951,Nuke,Falcons,0.3157894736842105,-1
754,170219,Nuke,Falcons,0.5416666666666667,-10
755,170378,Nuke,Falcons,0.6190476190476191,-25
756,170427,Nuke,Falcons,0.2777777777777778,-1
757,174363,Nuke,Falcons,0.3809523809523809,-20
758,175528,Nuke,Falcons,0.8125,-13
759,178016,Nuke,Falcons,0.4666666666666667,-11
760,178229,Nuke,Falcons,0.5909090909090908,-15
761,178246,Nuke,Falcons,0.409090909090909,4
762,180399,Nuke,Falcons,0.409090909090909,6
763,180881,Nuke,Falcons,0.6190476190476191,-2
764,182180,Nuke,Falcons,0.3157894736842105,2
765,182172,Nuke,Falcons,0.4347826086956522,1
766,182219,Nuke,Falcons,0.6190476190476191,-9
767,182369,Nuke,Falcons,0.1875,-4
768,186743,Nuke,Falcons,0.409090909090909,-6
769,190597,Nuke,Falcons,0.4722222222222222,-3
770,192813,Nuke,Falcons,0.6842105263157895,-2
771,193158,Nuke,Falcons,0.6190476190476191,5
772,210434,Nuke,Falcons,0.5517241379310345,-3
773,212705,Nuke,Falcons,0.6842105263157895,-11
774,219122,Nuke,Falcons,0.65,-9
775,228519,Nuke,Falcons,0.3809523809523809,-13
776,204146,Ancient,FUT,0.2777777777777778,-26
777,204651,Ancient,FUT,0.5416666666666666,20
778,205058,Ancient,FUT,0.5588235294117647,-33
779,207310,Ancient,FUT,0.4583333333333333,-29
780,208301,Ancient,FUT,0.4583333333333333,-29
781,208023,Ancient,FUT,0.6842105263157895,-23
782,208533,Ancient,FUT,0.6842105263157895,-2
783,210799,Ancient,FUT,0.3157894736842105,26
784,212481,Ancient,FUT,0.5277777777777778,-15
785,211316,Ancient,FUT,0.2352941176470588,-132
786,215221,Ancient,FUT,0.5909090909090909,-12
787,214132,Ancient,FUT,0.4583333333333333,-101
788,214787,Ancient,FUT,0.8125,2
789,214815,Ancient,FUT,0.4347826086956521,-22
790,216397,Ancient,FUT,0.5416666666666666,-23
791,217788,Ancient,FUT,0.5652173913043478,10
792,217852,Ancient,FUT,0.7647058823529411,12
793,218053,Ancient,FUT,0.4090909090909091,5
794,219661,Ancient,FUT,0.4347826086956521,10
795,221078,Ancient,FUT,0.7222222222222222,-16
796,221869,Ancient,FUT,0.2777777777777778,-5
797,222699,Ancient,FUT,0.5416666666666666,5
798,225644,Ancient,FUT,0.8125,-25
799,225804,Ancient,FUT,0.8125,-19
800,228666,Ancient,FUT,0.5517241379310345,-16
801,203457,Ancient,FUT,0.4680851063829787,103
802,206258,Ancient,FUT,0.7647058823529412,-3
803,208078,Ancient,FUT,0.5428571428571429,-42
804,208127,Ancient,FUT,0.4583333333333333,-14
805,208855,Ancient,FUT,0.3809523809523809,-14
806,210950,Ancient,FUT,0.5416666666666667,32
807,215338,Ancient,FUT,0.5652173913043479,-14
808,214119,Ancient,FUT,0.35,-86
809,214291,Ancient,FUT,0.5333333333333333,-9
810,217019,Ancient,FUT,0.35,-163
811,217706,Ancient,FUT,0.5517241379310345,15
812,221703,Ancient,FUT,0.3157894736842105,1
813,221962,Ancient,FUT,0.4583333333333333,-1
814,222797,Ancient,FUT,0.2352941176470588,1
815,226242,Ancient,FUT,0.5416666666666667,-5
816,226391,Ancient,FUT,0.7222222222222222,3
817,228867,Ancient,FUT,0.35,-6
818,221063,Anubis,FUT,0.4347826086956521,-16
819,221196,Anubis,FUT,0.65,-10
820,217184,Anubis,FUT,0.4347826086956522,-7
821,216879,Anubis,FUT,0.4347826086956522,25
822,217715,Anubis,FUT,0.4482758620689655,15
823,219062,Anubis,FUT,0.4482758620689655,4
824,219274,Anubis,FUT,0.409090909090909,13
825,222138,Anubis,FUT,0.8125,-6
826,204144,Dust2,FUT,0.3157894736842105,-26
827,204661,Dust2,FUT,0.5909090909090909,20
828,206846,Dust2,FUT,0.4347826086956521,-13
829,208348,Dust2,FUT,0.7647058823529411,-33
830,208528,Dust2,FUT,0.4285714285714285,-2
831,210928,Dust2,FUT,0.6842105263157895,33
832,211072,Dust2,FUT,0.3809523809523809,23
833,212337,Dust2,FUT,0.3809523809523809,-39
834,212490,Dust2,FUT,0.4090909090909091,-15
835,211321,Dust2,FUT,0.4583333333333333,-132
836,214700,Dust2,FUT,0.65,-41
837,214789,Dust2,FUT,0.7222222222222222,2
838,214824,Dust2,FUT,0.3157894736842105,-22
839,217783,Dust2,FUT,0.65,10
840,218045,Dust2,FUT,0.4090909090909091,5
841,219646,Dust2,FUT,0.4722222222222222,10
842,221213,Dust2,FUT,0.5416666666666666,-10
843,222308,Dust2,FUT,0.5416666666666666,3
844,222607,Dust2,FUT,0.5416666666666666,9
845,222706,Dust2,FUT,0.35,5
846,225633,Dust2,FUT,0.4090909090909091,-25
847,226008,Dust2,FUT,0.5416666666666666,8
848,227705,Dust2,FUT,0.5416666666666666,12
849,228793,Dust2,FUT,0.4583333333333333,-22
850,203450,Dust2,FUT,0.4583333333333333,103
851,204262,Dust2,FUT,0.4285714285714286,17
852,206233,Dust2,FUT,0.5714285714285715,-3
853,206348,Dust2,FUT,0.4347826086956522,15
854,206917,Dust2,FUT,0.5517241379310345,-37
855,207602,Dust2,FUT,0.409090909090909,-5
856,208120,Dust2,FUT,0.5333333333333333,-14
857,208569,Dust2,FUT,0.65,-37
858,208587,Dust2,FUT,0.5416666666666667,-5
859,208888,Dust2,FUT,0.409090909090909,-5
860,210967,Dust2,FUT,0.5652173913043479,32
861,214359,Dust2,FUT,0.6190476190476191,-11
862,217195,Dust2,FUT,0.2777777777777778,-7
863,216889,Dust2,FUT,0.4583333333333333,25
864,217724,Dust2,FUT,0.2777777777777778,15
865,217936,Dust2,FUT,0.6842105263157895,25
866,221950,Dust2,FUT,0.2777777777777778,-1
867,222122,Dust2,FUT,0.6190476190476191,-6
868,222785,Dust2,FUT,0.6190476190476191,1
869,226406,Dust2,FUT,0.8125,3
870,206803,Inferno,FUT,0.65,-97
871,206839,Inferno,FUT,0.5652173913043478,-13
872,207341,Inferno,FUT,0.4583333333333333,-29
873,207459,Inferno,FUT,0.4583333333333333,-34
874,211064,Inferno,FUT,0.4571428571428571,23
875,206249,Inferno,FUT,0.4482758620689655,-3
876,208087,Inferno,FUT,0.5909090909090908,-42
877,208110,Inferno,FUT,0.4666666666666667,-14
878,205047,Mirage,FUT,0.5416666666666666,-33
879,205155,Mirage,FUT,0.4347826086956521,5
880,205332,Mirage,FUT,0.65,-33
881,205393,Mirage,FUT,0.2777777777777778,6
882,206799,Mirage,FUT,0.7222222222222222,-97
883,207320,Mirage,FUT,0.6190476190476191,-29
884,207470,Mirage,FUT,0.5909090909090909,-34
885,208294,Mirage,FUT,0.5909090909090909,-29
886,208030,Mirage,FUT,0.9285714285714286,-23
887,208353,Mirage,FUT,0.5652173913043478,-33
888,208524,Mirage,FUT,0.6190476190476191,-2
889,210921,Mirage,FUT,0.5517241379310345,33
890,211054,Mirage,FUT,0.6190476190476191,23
891,212342,Mirage,FUT,0.65,-39
892,212474,Mirage,FUT,0.3809523809523809,-15
893,215217,Mirage,FUT,0.5652173913043478,-12
894,214138,Mirage,FUT,0.7647058823529411,-101
895,214218,Mirage,FUT,0.6842105263157895,2
896,214262,Mirage,FUT,0.2777777777777778,-112
897,214332,Mirage,FUT,0.5333333333333333,-2
898,214781,Mirage,FUT,0.4583333333333333,2
899,217071,Mirage,FUT,0.8666666666666667,-17
900,216401,Mirage,FUT,0.5416666666666666,-23
901,218038,Mirage,FUT,0.5909090909090909,5
902,219477,Mirage,FUT,0.3809523809523809,11
903,219656,Mirage,FUT,0.5652173913043478,10
904,221071,Mirage,FUT,0.7222222222222222,-16
905,221204,Mirage,FUT,0.4347826086956521,-10
906,221880,Mirage,FUT,0.8125,-5
907,222300,Mirage,FUT,0.2352941176470588,3
908,222629,Mirage,FUT,0.5416666666666666,9
909,222692,Mirage,FUT,0.2777777777777778,5
910,225639,Mirage,FUT,0.6842105263157895,-25
911,226013,Mirage,FUT,0.6842105263157895,8
912,226331,Mirage,FUT,0.5333333333333333,5
913,227700,Mirage,FUT,0.3157894736842105,12
914,204266,Mirage,FUT,0.4583333333333333,17
915,204576,Mirage,FUT,0.7647058823529412,15
916,206100,Mirage,FUT,0.8125,-37
917,206330,Mirage,FUT,0.409090909090909,15
918,206930,Mirage,FUT,0.5909090909090908,-37
919,207615,Mirage,FUT,0.6842105263157895,-5
920,208574,Mirage,FUT,0.8125,-37
921,208594,Mirage,FUT,0.5652173913043479,-5
922,208895,Mirage,FUT,0.409090909090909,-5
923,210720,Mirage,FUT,0.5416666666666667,32
924,210961,Mirage,FUT,0.4583333333333333,32
925,215051,Mirage,FUT,0.7222222222222222,-75
926,215290,Mirage,FUT,0.6190476190476191,-7
927,215327,Mirage,FUT,0.65,-14
928,214298,Mirage,FUT,0.8125,-9
929,214736,Mirage,FUT,0.65,-30
930,217028,Mirage,FUT,0.6190476190476191,-163
931,217927,Mirage,FUT,0.5416666666666667,25
932,218134,Mirage,FUT,0.65,1
933,219049,Mirage,FUT,0.6842105263157895,4
934,219241,Mirage,FUT,0.5909090909090908,13
935,219383,Mirage,FUT,0.7647058823529412,1
936,221263,Mirage,FUT,0.5416666666666667,1
937,221708,Mirage,FUT,0.1875,1
938,226395,Mirage,FUT,0.7222222222222222,3
939,227797,Mirage,FUT,0.2777777777777778,3
940,204639,Nuke,FUT,0.3157894736842105,20
941,205146,Nuke,FUT,0.4634146341463415,5
942,205405,Nuke,FUT,0.3157894736842105,6
943,206791,Nuke,FUT,0.35,-97
944,206847,Nuke,FUT,0.1875,-13
945,207482,Nuke,FUT,0.65,-34
946,208308,Nuke,FUT,0.4583333333333333,-29
947,212348,Nuke,FUT,0.65,-39
948,211310,Nuke,FUT,0.8125,-132
949,214245,Nuke,FUT,0.5652173913043478,2
950,214268,Nuke,FUT,0.7222222222222222,-112
951,214807,Nuke,FUT,0.5333333333333333,-22
952,217067,Nuke,FUT,0.65,-17
953,217858,Nuke,FUT,0.5909090909090909,12
954,221858,Nuke,FUT,0.8125,-5
955,225807,Nuke,FUT,0.8666666666666667,-19
956,226324,Nuke,FUT,0.5652173913043478,5
957,227711,Nuke,FUT,0.4583333333333333,12
958,228776,Nuke,FUT,0.3809523809523809,-22
959,206097,Nuke,FUT,0.5909090909090908,-37
960,207628,Nuke,FUT,0.5416666666666667,-5
961,215048,Nuke,FUT,0.65,-75
962,215286,Nuke,FUT,0.6190476190476191,-7
963,218144,Nuke,FUT,0.1333333333333333,1
964,226401,Nuke,FUT,0.4666666666666667,3
965,227803,Nuke,FUT,0.4347826086956522,3
966,164507,Ancient,MOUZ,0.6842105263157895,-1
967,165628,Ancient,MOUZ,0.4666666666666667,-19
968,169314,Ancient,MOUZ,0.3157894736842105,-10
969,169324,Ancient,MOUZ,0.8666666666666667,-29
970,175881,Ancient,MOUZ,0.5909090909090909,-1
971,179000,Ancient,MOUZ,0.65,-30
972,182905,Ancient,MOUZ,0.4583333333333333,1
973,186286,Ancient,MOUZ,0.4583333333333333,4
974,189512,Ancient,MOUZ,0.5333333333333333,-4
975,189615,Ancient,MOUZ,0.2352941176470588,1
976,192940,Ancient,MOUZ,0.6190476190476191,-7
977,195397,Ancient,MOUZ,0.5652173913043478,7
978,195800,Ancient,MOUZ,0.5319148936170213,7
979,203935,Ancient,MOUZ,0.4482758620689655,-2
980,204211,Ancient,MOUZ,0.4583333333333333,-1
981,205288,Ancient,MOUZ,0.4666666666666667,-1
982,210444,Ancient,MOUZ,0.4666666666666667,-5
983,218029,Ancient,MOUZ,0.5909090909090909,-16
984,219887,Ancient,MOUZ,0.4347826086956521,-4
985,221986,Ancient,MOUZ,0.9285714285714286,-3
986,229390,Ancient,MOUZ,0.4347826086956521,-15
987,164602,Ancient,MOUZ,0.35,-31
988,165506,Ancient,MOUZ,0.65,-32
989,165943,Ancient,MOUZ,0.2352941176470588,1
990,167430,Ancient,MOUZ,0.5652173913043479,-4
991,167461,Ancient,MOUZ,0.35,-6
992,168110,Ancient,MOUZ,0.4347826086956522,-2
993,168140,Ancient,MOUZ,0.65,-7
994,170039,Ancient,MOUZ,0.523809523809524,-2
995,170103,Ancient,MOUZ,0.6842105263157895,-11
996,170133,Ancient,MOUZ,0.8125,-18
997,170238,Ancient,MOUZ,0.4583333333333333,3
998,170663,Ancient,MOUZ,0.5333333333333333,-30
999,172353,Ancient,MOUZ,0.8666666666666667,-3
1000,173468,Ancient,MOUZ,0.35,1
1001,175219,Ancient,MOUZ,0.7647058823529412,-8
1002,176411,Ancient,MOUZ,0.5416666666666667,-8
1003,176472,Ancient,MOUZ,0.4347826086956522,-2
1004,181174,Ancient,MOUZ,0.5909090909090908,-11
1005,184106,Ancient,MOUZ,0.4347826086956522,-9
1006,191590,Ancient,MOUZ,0.35,-2
1007,192633,Ancient,MOUZ,0.5517241379310345,-11
1008,192818,Ancient,MOUZ,0.4583333333333333,2
1009,192855,Ancient,MOUZ,0.3809523809523809,-4
1010,193242,Ancient,MOUZ,0.7222222222222222,-6
1011,193350,Ancient,MOUZ,0.5909090909090908,-4
1012,195645,Ancient,MOUZ,0.5652173913043479,-1
1013,194977,Ancient,MOUZ,0.6190476190476191,-4
1014,195273,Ancient,MOUZ,0.5416666666666667,3
1015,198039,Ancient,MOUZ,0.6190476190476191,-19
1016,201341,Ancient,MOUZ,0.4347826086956522,-8
1017,201609,Ancient,MOUZ,0.2352941176470588,-29
1018,204529,Ancient,MOUZ,0.7222222222222222,-22
1019,205782,Ancient,MOUZ,0.409090909090909,-6
1020,206290,Ancient,MOUZ,0.5652173913043479,-9
1021,206628,Ancient,MOUZ,0.5652173913043479,-28
1022,209950,Ancient,MOUZ,0.409090909090909,-3
1023,210559,Ancient,MOUZ,0.35,-3
1024,210615,Ancient,MOUZ,0.65,-10
1025,212513,Ancient,MOUZ,0.7222222222222222,-6
1026,213275,Ancient,MOUZ,0.2777777777777778,2
1027,221861,Ancient,MOUZ,0.4666666666666667,-8
1028,228413,Ancient,MOUZ,0.7222222222222222,-25
1029,228616,Ancient,MOUZ,0.409090909090909,-7
1030,229535,Ancient,MOUZ,0.523809523809524,-5
1031,229787,Ancient,MOUZ,0.9285714285714286,-16
1032,175573,Dust2,MOUZ,0.7647058823529411,-6
1033,179389,Dust2,MOUZ,0.9285714285714286,-2
1034,181374,Dust2,MOUZ,0.3157894736842105,-1
1035,185956,Dust2,MOUZ,0.5416666666666666,-7
1036,186276,Dust2,MOUZ,0.1333333333333333,4
1037,187271,Dust2,MOUZ,0.3157894736842105,2
1038,188302,Dust2,MOUZ,0.6190476190476191,4
1039,194847,Dust2,MOUZ,0.35,6
1040,195386,Dust2,MOUZ,0.35,7
1041,195462,Dust2,MOUZ,0.4090909090909091,6
1042,195792,Dust2,MOUZ,0.1875,7
1043,195950,Dust2,MOUZ,0.4583333333333333,6
1044,196717,Dust2,MOUZ,0.5416666666666666,6
1045,198578,Dust2,MOUZ,1.0,-13
1046,201850,Dust2,MOUZ,0.5909090909090909,-1
1047,200375,Dust2,MOUZ,0.4583333333333333,2
1048,218022,Dust2,MOUZ,0.5909090909090909,-16
1049,218517,Dust2,MOUZ,0.3157894736842105,3
1050,218542,Dust2,MOUZ,0.3809523809523809,-3
1051,219080,Dust2,MOUZ,0.35,-1
1052,219402,Dust2,MOUZ,0.2777777777777778,3
1053,220038,Dust2,MOUZ,0.4583333333333333,-1
1054,226665,Dust2,MOUZ,0.2777777777777778,-2
1055,229056,Dust2,MOUZ,0.1875,5
1056,175376,Dust2,MOUZ,0.5416666666666667,-22
1057,175788,Dust2,MOUZ,0.5909090909090908,-7
1058,181592,Dust2,MOUZ,0.5909090909090908,-2
1059,182931,Dust2,MOUZ,0.4347826086956522,-13
1060,183757,Dust2,MOUZ,0.4666666666666667,-33
1061,185983,Dust2,MOUZ,0.2777777777777778,-9
1062,186092,Dust2,MOUZ,0.65,-1
1063,189252,Dust2,MOUZ,0.5416666666666667,-11
1064,190471,Dust2,MOUZ,0.5277777777777778,-22
1065,192847,Dust2,MOUZ,0.6190476190476191,-4
1066,193336,Dust2,MOUZ,0.6842105263157895,-4
1067,196572,Dust2,MOUZ,0.5652173913043479,4
1068,198260,Dust2,MOUZ,0.1875,-6
1069,198713,Dust2,MOUZ,0.5416666666666667,-6
1070,198800,Dust2,MOUZ,0.3157894736842105,-1
1071,200028,Dust2,MOUZ,0.5909090909090908,-53
1072,201394,Dust2,MOUZ,0.6190476190476191,-9
1073,200173,Dust2,MOUZ,0.7647058823529412,-1
1074,218100,Dust2,MOUZ,0.35,-7
1075,218238,Dust2,MOUZ,0.5277777777777778,1
1076,218425,Dust2,MOUZ,0.65,-6
1077,221768,Dust2,MOUZ,0.409090909090909,-14
1078,222607,Dust2,MOUZ,0.4583333333333333,-9
1079,223449,Dust2,MOUZ,0.5416666666666667,-29
1080,226511,Dust2,MOUZ,0.409090909090909,-7
1081,226573,Dust2,MOUZ,0.7647058823529412,1
1082,226625,Dust2,MOUZ,0.409090909090909,4
1083,228474,Dust2,MOUZ,0.4666666666666667,-1
1084,228698,Dust2,MOUZ,0.5416666666666667,7
1085,228968,Dust2,MOUZ,0.5416666666666667,7
1086,229637,Dust2,MOUZ,0.35,6
1087,164486,Inferno,MOUZ,0.8666666666666667,-78
1088,164502,Inferno,MOUZ,0.2352941176470588,-1
1089,166261,Inferno,MOUZ,0.8666666666666667,-116
1090,169335,Inferno,MOUZ,0.3809523809523809,-29
1091,175251,Inferno,MOUZ,0.5909090909090909,-3
1092,181641,Inferno,MOUZ,0.4666666666666667,2
1093,183653,Inferno,MOUZ,0.6842105263157895,-102
1094,186192,Inferno,MOUZ,0.5652173913043478,2
1095,186272,Inferno,MOUZ,0.4583333333333333,4
1096,188235,Inferno,MOUZ,0.8125,-23
1097,188306,Inferno,MOUZ,0.65,4
1098,192951,Inferno,MOUZ,0.4482758620689655,-7
1099,193124,Inferno,MOUZ,0.5416666666666666,-5
1100,194830,Inferno,MOUZ,0.3157894736842105,6
1101,195473,Inferno,MOUZ,0.2777777777777778,6
1102,196700,Inferno,MOUZ,0.0,6
1103,198575,Inferno,MOUZ,0.4583333333333333,-13
1104,198658,Inferno,MOUZ,0.4090909090909091,2
1105,201944,Inferno,MOUZ,0.7647058823529411,1
1106,200327,Inferno,MOUZ,0.5416666666666666,-4
1107,200379,Inferno,MOUZ,0.3809523809523809,2
1108,204353,Inferno,MOUZ,0.9285714285714286,-33
1109,205694,Inferno,MOUZ,0.3157894736842105,-16
1110,206695,Inferno,MOUZ,0.3809523809523809,1
1111,210456,Inferno,MOUZ,0.6190476190476191,-5
1112,212601,Inferno,MOUZ,0.5365853658536586,4
1113,213127,Inferno,MOUZ,0.4347826086956521,4
1114,219093,Inferno,MOUZ,0.65,-1
1115,219205,Inferno,MOUZ,0.5909090909090909,-4
1116,219411,Inferno,MOUZ,0.3809523809523809,3
1117,219896,Inferno,MOUZ,0.7647058823529411,-4
1118,220048,Inferno,MOUZ,0.4347826086956521,-1
1119,220145,Inferno,MOUZ,0.5652173913043478,-5
1120,223223,Inferno,MOUZ,0.1875,-3
1121,229308,Inferno,MOUZ,0.35,-11
1122,165699,Inferno,MOUZ,0.8666666666666667,-11
1123,166344,Inferno,MOUZ,0.65,-27
1124,167408,Inferno,MOUZ,0.4571428571428572,-16
1125,167428,Inferno,MOUZ,0.5416666666666667,-4
1126,169190,Inferno,MOUZ,0.4666666666666667,-11
1127,172612,Inferno,MOUZ,0.409090909090909,-1
1128,173241,Inferno,MOUZ,0.5416666666666667,-31
1129,175088,Inferno,MOUZ,0.1875,-2
1130,176467,Inferno,MOUZ,0.3809523809523809,-2
1131,179302,Inferno,MOUZ,0.65,-16
1132,182684,Inferno,MOUZ,0.6190476190476191,-13
1133,183775,Inferno,MOUZ,0.4482758620689655,-33
1134,186040,Inferno,MOUZ,0.5714285714285715,-5
1135,187160,Inferno,MOUZ,0.5517241379310345,-1
1136,189182,Inferno,MOUZ,0.4347826086956522,-1
1137,191497,Inferno,MOUZ,0.409090909090909,-10
1138,192711,Inferno,MOUZ,0.5909090909090908,-8
1139,193233,Inferno,MOUZ,0.5333333333333333,-6
1140,194434,Inferno,MOUZ,0.4482758620689655,-7
1141,195267,Inferno,MOUZ,0.4583333333333333,3
1142,196387,Inferno,MOUZ,0.6190476190476191,3
1143,198036,Inferno,MOUZ,0.3157894736842105,-19
1144,198084,Inferno,MOUZ,0.6842105263157895,-11
1145,201535,Inferno,MOUZ,0.4583333333333333,-4
1146,201618,Inferno,MOUZ,0.5416666666666667,-29
1147,200093,Inferno,MOUZ,0.6190476190476191,-8
1148,203786,Inferno,MOUZ,0.65,-15
1149,204114,Inferno,MOUZ,0.5416666666666667,-4
1150,205785,Inferno,MOUZ,0.6190476190476191,-6
1151,206428,Inferno,MOUZ,0.35,-4
1152,206640,Inferno,MOUZ,0.8125,-28
1153,209750,Inferno,MOUZ,0.7647058823529412,-13
1154,209964,Inferno,MOUZ,0.8125,-3
1155,210075,Inferno,MOUZ,0.7222222222222222,-6
1156,210550,Inferno,MOUZ,0.4482758620689655,-3
1157,212516,Inferno,MOUZ,0.6190476190476191,-6
1158,212686,Inferno,MOUZ,0.8666666666666667,3
1159,213276,Inferno,MOUZ,0.5416666666666667,2
1160,215170,Inferno,MOUZ,0.6842105263157895,1
1161,215451,Inferno,MOUZ,0.1333333333333333,-8
1162,218108,Inferno,MOUZ,0.409090909090909,-7
1163,218189,Inferno,MOUZ,0.6842105263157895,-2
1164,218225,Inferno,MOUZ,0.5333333333333333,1
1165,221785,Inferno,MOUZ,0.8125,-14
1166,223463,Inferno,MOUZ,0.3809523809523809,-29
1167,226513,Inferno,MOUZ,0.5652173913043479,-7
1168,228479,Inferno,MOUZ,0.65,-1
1169,228604,Inferno,MOUZ,0.7647058823529412,-7
1170,229121,Inferno,MOUZ,0.65,-35
1171,229419,Inferno,MOUZ,0.4347826086956522,-9
1172,164499,Mirage,MOUZ,0.5517241379310345,-1
1173,165635,Mirage,MOUZ,0.3157894736842105,-19
1174,169306,Mirage,MOUZ,0.1333333333333333,-10
1175,170720,Mirage,MOUZ,0.5416666666666666,-6
1176,175256,Mirage,MOUZ,0.6190476190476191,-3
1177,175586,Mirage,MOUZ,0.8666666666666667,-6
1178,175885,Mirage,MOUZ,0.7647058823529411,-1
1179,179007,Mirage,MOUZ,0.7222222222222222,-30
1180,179405,Mirage,MOUZ,0.2777777777777778,-2
1181,181650,Mirage,MOUZ,0.4583333333333333,2
1182,182819,Mirage,MOUZ,0.6842105263157895,-22
1183,182903,Mirage,MOUZ,0.5333333333333333,1
1184,183631,Mirage,MOUZ,0.3809523809523809,-102
1185,186186,Mirage,MOUZ,0.35,2
1186,186280,Mirage,MOUZ,0.6842105263157895,4
1187,187274,Mirage,MOUZ,0.3157894736842105,2
1188,188259,Mirage,MOUZ,0.8125,-22
1189,188300,Mirage,MOUZ,0.2352941176470588,4
1190,189134,Mirage,MOUZ,0.4482758620689655,-4
1191,189616,Mirage,MOUZ,0.35,1
1192,192955,Mirage,MOUZ,0.8666666666666667,-7
1193,193127,Mirage,MOUZ,0.5416666666666666,-5
1194,195948,Mirage,MOUZ,0.4583333333333333,6
1195,196707,Mirage,MOUZ,0.5416666666666666,6
1196,198148,Mirage,MOUZ,0.5909090909090909,-4
1197,198651,Mirage,MOUZ,0.5909090909090909,2
1198,201318,Mirage,MOUZ,0.4583333333333333,-11
1199,201844,Mirage,MOUZ,0.4565217391304347,-1
1200,201942,Mirage,MOUZ,0.3809523809523809,1
1201,200377,Mirage,MOUZ,0.4090909090909091,2
1202,203862,Mirage,MOUZ,0.5652173913043478,-4
1203,203939,Mirage,MOUZ,0.5365853658536586,-2
1204,204166,Mirage,MOUZ,0.5909090909090909,1
1205,204203,Mirage,MOUZ,0.35,-1
1206,204358,Mirage,MOUZ,0.7222222222222222,-33
1207,205300,Mirage,MOUZ,0.2777777777777778,-1
1208,205701,Mirage,MOUZ,0.7647058823529411,-16
1209,206690,Mirage,MOUZ,0.35,1
1210,215070,Mirage,MOUZ,0.2777777777777778,-2
1211,218546,Mirage,MOUZ,0.1875,-3
1212,219212,Mirage,MOUZ,0.65,-4
1213,219902,Mirage,MOUZ,0.6842105263157895,-4
1214,220129,Mirage,MOUZ,0.6842105263157895,-5
1215,226668,Mirage,MOUZ,0.3809523809523809,-2
1216,229394,Mirage,MOUZ,0.5909090909090909,-15
1217,164597,Mirage,MOUZ,0.5588235294117647,-31
1218,166269,Mirage,MOUZ,0.5416666666666667,1
1219,166433,Mirage,MOUZ,0.1875,-10
1220,166457,Mirage,MOUZ,0.35,1
1221,167459,Mirage,MOUZ,0.4583333333333333,-6
1222,168134,Mirage,MOUZ,0.7222222222222222,-19
1223,168139,Mirage,MOUZ,0.9285714285714286,-7
1224,168204,Mirage,MOUZ,0.4583333333333333,2
1225,169094,Mirage,MOUZ,0.6190476190476191,-37
1226,170033,Mirage,MOUZ,0.6190476190476191,-2
1227,173102,Mirage,MOUZ,0.5909090909090908,-9
1228,173251,Mirage,MOUZ,0.6842105263157895,-31
1229,174611,Mirage,MOUZ,0.6190476190476191,-92
1230,174694,Mirage,MOUZ,0.5714285714285715,-23
1231,174878,Mirage,MOUZ,0.65,-12
1232,175801,Mirage,MOUZ,0.6190476190476191,-7
1233,179290,Mirage,MOUZ,0.4583333333333333,-16
1234,181596,Mirage,MOUZ,0.6190476190476191,-2
1235,184016,Mirage,MOUZ,0.7222222222222222,-18
1236,185982,Mirage,MOUZ,0.7222222222222222,-9
1237,186095,Mirage,MOUZ,0.4666666666666667,-1
1238,186238,Mirage,MOUZ,0.8125,-9
1239,189347,Mirage,MOUZ,0.7222222222222222,-12
1240,190479,Mirage,MOUZ,0.4583333333333333,-22
1241,191503,Mirage,MOUZ,0.4583333333333333,-10
1242,192637,Mirage,MOUZ,0.7222222222222222,-11
1243,192820,Mirage,MOUZ,0.35,2
1244,192850,Mirage,MOUZ,0.4347826086956522,-4
1245,193340,Mirage,MOUZ,0.2352941176470588,-4
1246,198037,Mirage,MOUZ,0.5909090909090908,-19
1247,198717,Mirage,MOUZ,0.8666666666666667,-6
1248,200031,Mirage,MOUZ,0.5909090909090908,-53
1249,201422,Mirage,MOUZ,0.5365853658536586,-9
1250,201543,Mirage,MOUZ,0.6842105263157895,-4
1251,200175,Mirage,MOUZ,0.5714285714285715,-1
1252,204108,Mirage,MOUZ,0.4347826086956522,-4
1253,205057,Mirage,MOUZ,0.7647058823529412,-10
1254,206080,Mirage,MOUZ,0.7647058823529412,-36
1255,206294,Mirage,MOUZ,0.5652173913043479,-9
1256,206432,Mirage,MOUZ,0.4666666666666667,-4
1257,206635,Mirage,MOUZ,0.409090909090909,-28
1258,209754,Mirage,MOUZ,0.5416666666666667,-13
1259,213277,Mirage,MOUZ,0.3157894736842105,2
1260,215161,Mirage,MOUZ,0.4583333333333333,1
1261,218179,Mirage,MOUZ,0.7222222222222222,-2
1262,219477,Mirage,MOUZ,0.6190476190476191,-11
1263,221779,Mirage,MOUZ,0.6190476190476191,-14
1264,221874,Mirage,MOUZ,0.9285714285714286,-8
1265,222629,Mirage,MOUZ,0.4583333333333333,-9
1266,226515,Mirage,MOUZ,0.7647058823529412,-7
1267,226576,Mirage,MOUZ,0.6190476190476191,1
1268,226622,Mirage,MOUZ,0.2777777777777778,4
1269,228410,Mirage,MOUZ,0.2352941176470588,-25
1270,228476,Mirage,MOUZ,0.5652173913043479,-1
1271,229116,Mirage,MOUZ,0.8666666666666667,-35
1272,229426,Mirage,MOUZ,0.8666666666666667,-9
1273,229636,Mirage,MOUZ,0.65,6
1274,169343,Nuke,MOUZ,0.5909090909090909,-29
1275,175259,Nuke,MOUZ,0.7222222222222222,-3
1276,178991,Nuke,MOUZ,0.4583333333333333,-30
1277,179399,Nuke,MOUZ,0.3809523809523809,-2
1278,182823,Nuke,MOUZ,0.65,-22
1279,182900,Nuke,MOUZ,0.4090909090909091,1
1280,186190,Nuke,MOUZ,0.5416666666666666,2
1281,189121,Nuke,MOUZ,0.6842105263157895,-10
1282,189514,Nuke,MOUZ,0.5909090909090909,-4
1283,189611,Nuke,MOUZ,0.65,1
1284,195371,Nuke,MOUZ,0.5333333333333333,7
1285,195467,Nuke,MOUZ,0.2352941176470588,6
1286,195795,Nuke,MOUZ,0.5517241379310345,7
1287,196723,Nuke,MOUZ,0.35,6
1288,198150,Nuke,MOUZ,0.65,-4
1289,198564,Nuke,MOUZ,0.5909090909090909,-13
1290,201852,Nuke,MOUZ,0.5652173913043478,-1
1291,200332,Nuke,MOUZ,0.5416666666666666,-4
1292,203865,Nuke,MOUZ,0.5652173913043478,-4
1293,204216,Nuke,MOUZ,0.3157894736842105,-1
1294,204352,Nuke,MOUZ,0.4090909090909091,-33
1295,212598,Nuke,MOUZ,0.3809523809523809,4
1296,213113,Nuke,MOUZ,0.4482758620689655,4
1297,218513,Nuke,MOUZ,0.35,3
1298,223221,Nuke,MOUZ,0.4583333333333333,-3
1299,229062,Nuke,MOUZ,0.1333333333333333,5
1300,229392,Nuke,MOUZ,0.6842105263157895,-15
1301,229509,Nuke,MOUZ,0.7647058823529411,-21
1302,164766,Nuke,MOUZ,0.2352941176470588,-2
1303,165688,Nuke,MOUZ,0.8125,-11
1304,165939,Nuke,MOUZ,0.3809523809523809,1
1305,166271,Nuke,MOUZ,0.3809523809523809,1
1306,166465,Nuke,MOUZ,0.4499999999999999,1
1307,168133,Nuke,MOUZ,0.65,-19
1308,169203,Nuke,MOUZ,0.3809523809523809,-11
1309,170234,Nuke,MOUZ,0.1875,3
1310,173081,Nuke,MOUZ,0.3809523809523809,-9
1311,173467,Nuke,MOUZ,0.6190476190476191,1
1312,173520,Nuke,MOUZ,0.3157894736842105,5
1313,174690,Nuke,MOUZ,0.9285714285714286,-23
1314,174876,Nuke,MOUZ,0.5416666666666667,-12
1315,175092,Nuke,MOUZ,0.7647058823529412,-2
1316,175215,Nuke,MOUZ,0.5909090909090908,-8
1317,176387,Nuke,MOUZ,0.409090909090909,-40
1318,176412,Nuke,MOUZ,0.6842105263157895,-8
1319,176470,Nuke,MOUZ,0.7222222222222222,-2
1320,179277,Nuke,MOUZ,0.65,-16
1321,181162,Nuke,MOUZ,0.6842105263157895,-11
1322,181247,Nuke,MOUZ,0.5416666666666667,-9
1323,182691,Nuke,MOUZ,0.8125,-13
1324,182935,Nuke,MOUZ,0.4722222222222222,-13
1325,183873,Nuke,MOUZ,0.3157894736842105,-9
1326,185979,Nuke,MOUZ,0.3809523809523809,-9
1327,186097,Nuke,MOUZ,0.65,-1
1328,186237,Nuke,MOUZ,0.8125,-9
1329,187163,Nuke,MOUZ,0.5416666666666667,-1
1330,187220,Nuke,MOUZ,0.409090909090909,-12
1331,189265,Nuke,MOUZ,0.5416666666666667,-11
1332,189352,Nuke,MOUZ,0.6842105263157895,-12
1333,190476,Nuke,MOUZ,0.35,-22
1334,191587,Nuke,MOUZ,0.35,-2
1335,192715,Nuke,MOUZ,0.6190476190476191,-8
1336,193238,Nuke,MOUZ,0.3809523809523809,-6
1337,193345,Nuke,MOUZ,0.5416666666666667,-4
1338,194450,Nuke,MOUZ,0.5416666666666667,-7
1339,194627,Nuke,MOUZ,0.5909090909090908,-1
1340,194986,Nuke,MOUZ,0.7647058823529412,-4
1341,195270,Nuke,MOUZ,0.6190476190476191,3
1342,196397,Nuke,MOUZ,0.8125,3
1343,196561,Nuke,MOUZ,0.5416666666666667,4
1344,198089,Nuke,MOUZ,0.5517241379310345,-11
1345,198261,Nuke,MOUZ,0.3157894736842105,-6
1346,198790,Nuke,MOUZ,0.4666666666666667,-1
1347,201406,Nuke,MOUZ,0.2352941176470588,-9
1348,201628,Nuke,MOUZ,0.5652173913043479,-29
1349,205044,Nuke,MOUZ,0.6190476190476191,-10
1350,205789,Nuke,MOUZ,0.4347826086956522,-6
1351,206085,Nuke,MOUZ,0.65,-36
1352,209640,Nuke,MOUZ,0.8125,-11
1353,209973,Nuke,MOUZ,0.35,-3
1354,215176,Nuke,MOUZ,0.5652173913043479,1
1355,215448,Nuke,MOUZ,0.4583333333333333,-8
1356,223471,Nuke,MOUZ,0.409090909090909,-29
1357,228402,Nuke,MOUZ,0.5714285714285715,-25
1358,228600,Nuke,MOUZ,0.4347826086956522,-7
1359,228702,Nuke,MOUZ,0.5588235294117647,7
1360,228969,Nuke,MOUZ,0.6190476190476191,7
1361,229638,Nuke,MOUZ,0.4347826086956522,6
1362,164810,Ancient,Legacy,0.5517241379310345,-55
1363,164876,Ancient,Legacy,0.4347826086956521,-70
1364,165315,Ancient,Legacy,0.5909090909090909,-62
1365,167510,Ancient,Legacy,0.4583333333333333,22
1366,168586,Ancient,Legacy,0.5333333333333333,-34
1367,168968,Ancient,Legacy,0.6190476190476191,-34
1368,169346,Ancient,Legacy,0.6842105263157895,22
1369,169491,Ancient,Legacy,0.3809523809523809,3
1370,171335,Ancient,Legacy,0.5714285714285714,32
1371,172259,Ancient,Legacy,0.4090909090909091,43
1372,173837,Ancient,Legacy,0.2777777777777778,-13
1373,173972,Ancient,Legacy,0.3809523809523809,-19
1374,176128,Ancient,Legacy,0.4347826086956521,-38
1375,177266,Ancient,Legacy,0.8125,-51
1376,177381,Ancient,Legacy,0.3809523809523809,-10
1377,177538,Ancient,Legacy,0.4347826086956521,27
1378,178741,Ancient,Legacy,0.7647058823529411,3
1379,178772,Ancient,Legacy,0.35,-41
1380,179924,Ancient,Legacy,0.4347826086956521,-129
1381,181988,Ancient,Legacy,0.4583333333333333,4
1382,182949,Ancient,Legacy,0.4583333333333333,49
1383,182693,Ancient,Legacy,0.6190476190476191,1
1384,183219,Ancient,Legacy,0.4347826086956521,-30
1385,184381,Ancient,Legacy,0.6190476190476191,-45
1386,184752,Ancient,Legacy,0.5652173913043478,-7
1387,184840,Ancient,Legacy,0.5652173913043478,-124
1388,185271,Ancient,Legacy,0.4482758620689655,4
1389,185351,Ancient,Legacy,0.6190476190476191,4
1390,185502,Ancient,Legacy,0.5909090909090909,-18
1391,186054,Ancient,Legacy,1.0,26
1392,186428,Ancient,Legacy,0.7647058823529411,-5
1393,186519,Ancient,Legacy,0.4583333333333333,26
1394,186653,Ancient,Legacy,0.1875,-18
1395,186883,Ancient,Legacy,0.65,29
1396,186947,Ancient,Legacy,0.0714285714285714,11
1397,187981,Ancient,Legacy,0.2777777777777778,15
1398,191774,Ancient,Legacy,0.7222222222222222,-11
1399,191941,Ancient,Legacy,0.4666666666666667,-11
1400,192476,Ancient,Legacy,0.7222222222222222,-1
1401,193119,Ancient,Legacy,0.5652173913043478,-78
1402,194931,Ancient,Legacy,0.5909090909090909,-43
1403,196886,Ancient,Legacy,0.5909090909090909,-36
1404,196991,Ancient,Legacy,0.7647058823529411,-83
1405,199067,Ancient,Legacy,0.6842105263157895,-32
1406,199238,Ancient,Legacy,0.8125,-117
1407,201336,Ancient,Legacy,0.4583333333333333,18
1408,201609,Ancient,Legacy,0.7647058823529411,29
1409,203291,Ancient,Legacy,0.7222222222222222,-100
1410,212310,Ancient,Legacy,0.8125,-13
1411,214586,Ancient,Legacy,0.4090909090909091,-20
1412,216810,Ancient,Legacy,0.4761904761904761,-72
1413,221064,Ancient,Legacy,0.5517241379310345,7
1414,221847,Ancient,Legacy,0.6842105263157895,4
1415,224237,Ancient,Legacy,0.8125,-99
1416,224590,Ancient,Legacy,0.8666666666666667,-20
1417,228905,Ancient,Legacy,0.3809523809523809,15
1418,229348,Ancient,Legacy,0.5714285714285714,-5
1419,164794,Ancient,Legacy,0.7647058823529412,-122
1420,165280,Ancient,Legacy,0.3809523809523809,-122
1421,166608,Ancient,Legacy,0.6842105263157895,-3
1422,172152,Ancient,Legacy,0.5517241379310345,52
1423,172230,Ancient,Legacy,0.65,54
1424,173854,Ancient,Legacy,0.5416666666666667,-32
1425,177359,Ancient,Legacy,0.523809523809524,-15
1426,178277,Ancient,Legacy,0.5416666666666667,-15
1427,178634,Ancient,Legacy,0.8666666666666667,-48
1428,180258,Ancient,Legacy,0.7647058823529412,-48
1429,180369,Ancient,Legacy,0.5652173913043479,-73
1430,182376,Ancient,Legacy,0.8125,-48
1431,182945,Ancient,Legacy,0.4666666666666667,-48
1432,182706,Ancient,Legacy,0.5652173913043479,-62
1433,183061,Ancient,Legacy,0.7222222222222222,-41
1434,185141,Ancient,Legacy,0.5652173913043479,-41
1435,186111,Ancient,Legacy,0.7222222222222222,-62
1436,186802,Ancient,Legacy,0.4666666666666667,28
1437,187929,Ancient,Legacy,0.1875,7
1438,194734,Ancient,Legacy,0.8666666666666667,-52
1439,195226,Ancient,Legacy,0.35,-46
1440,194058,Ancient,Legacy,0.6190476190476191,-152
1441,195606,Ancient,Legacy,0.6190476190476191,-12
1442,197332,Ancient,Legacy,0.35,17
1443,197412,Ancient,Legacy,0.35,18
1444,197837,Ancient,Legacy,0.4347826086956522,-21
1445,199249,Ancient,Legacy,0.5333333333333333,-22
1446,199317,Ancient,Legacy,0.5416666666666667,-23
1447,204377,Ancient,Legacy,0.8666666666666667,-21
1448,207716,Ancient,Legacy,0.4571428571428572,8
1449,207861,Ancient,Legacy,0.35,5
1450,209068,Ancient,Legacy,0.3157894736842105,-8
1451,209400,Ancient,Legacy,0.4583333333333333,6
1452,209490,Ancient,Legacy,0.1875,12
1453,211139,Ancient,Legacy,0.6842105263157895,3
1454,211221,Ancient,Legacy,0.6842105263157895,13
1455,211931,Ancient,Legacy,0.7222222222222222,6
1456,212169,Ancient,Legacy,0.4347826086956522,4
1457,217788,Ancient,Legacy,0.4347826086956522,-10
1458,221987,Ancient,Legacy,0.65,20
1459,224254,Ancient,Legacy,0.8125,-68
1460,224639,Ancient,Legacy,0.6190476190476191,-45
1461,225874,Ancient,Legacy,0.4583333333333333,-24
1462,226165,Ancient,Legacy,0.2352941176470588,-4
1463,226574,Ancient,Legacy,0.4666666666666667,-19
1464,227035,Ancient,Legacy,0.9285714285714286,-119
1465,227418,Ancient,Legacy,0.4583333333333333,-2
1466,229092,Ancient,Legacy,0.409090909090909,3
1467,229507,Ancient,Legacy,0.409090909090909,12
1468,229789,Ancient,Legacy,0.5909090909090908,12
1469,164879,Anubis,Legacy,0.65,-70
1470,165312,Anubis,Legacy,0.3157894736842105,-62
1471,165634,Anubis,Legacy,0.5652173913043478,-73
1472,165546,Anubis,Legacy,0.3157894736842105,-6
1473,165748,Anubis,Legacy,0.3157894736842105,-6
1474,166009,Anubis,Legacy,0.5652173913043478,-9
1475,166715,Anubis,Legacy,0.35,17
1476,167309,Anubis,Legacy,0.1875,30
1477,167338,Anubis,Legacy,0.4583333333333333,2
1478,167517,Anubis,Legacy,0.4411764705882353,22
1479,168986,Anubis,Legacy,0.4583333333333333,22
1480,169228,Anubis,Legacy,0.8125,44
1481,171297,Anubis,Legacy,0.65,47
1482,172261,Anubis,Legacy,0.3157894736842105,43
1483,175731,Anubis,Legacy,0.4583333333333333,-10
1484,177267,Anubis,Legacy,0.6842105263157895,-51
1485,177708,Anubis,Legacy,0.2352941176470588,-10
1486,178560,Anubis,Legacy,0.5517241379310345,-77
1487,178689,Anubis,Legacy,0.3157894736842105,-41
1488,178762,Anubis,Legacy,0.4583333333333333,-41
1489,180440,Anubis,Legacy,0.2777777777777778,33
1490,180042,Anubis,Legacy,0.6842105263157895,-46
1491,179917,Anubis,Legacy,0.5333333333333333,-129
1492,180491,Anubis,Legacy,0.5652173913043478,-23
1493,180543,Anubis,Legacy,0.4347826086956521,33
1494,182065,Anubis,Legacy,0.7222222222222222,-58
1495,183005,Anubis,Legacy,0.4347826086956521,40
1496,184929,Anubis,Legacy,0.8125,-87
1497,185156,Anubis,Legacy,0.5416666666666666,-8
1498,186515,Anubis,Legacy,0.5652173913043478,26
1499,186648,Anubis,Legacy,0.5416666666666666,-18
1500,186934,Anubis,Legacy,0.4482758620689655,11
1501,188063,Anubis,Legacy,0.35,4
1502,190188,Anubis,Legacy,0.5909090909090909,-85
1503,191952,Anubis,Legacy,0.8125,-78
1504,193117,Anubis,Legacy,0.5714285714285714,-78
1505,194919,Anubis,Legacy,0.65,-43
1506,196117,Anubis,Legacy,0.4583333333333333,-30
1507,196878,Anubis,Legacy,0.6190476190476191,-36
1508,197253,Anubis,Legacy,0.5652173913043478,20
1509,197904,Anubis,Legacy,0.4583333333333333,-31
1510,199178,Anubis,Legacy,0.8125,-51
1511,203300,Anubis,Legacy,0.65,-52
1512,165879,Anubis,Legacy,0.7647058823529412,5
1513,168957,Anubis,Legacy,0.55,31
1514,178714,Anubis,Legacy,0.5416666666666667,-44
1515,182943,Anubis,Legacy,0.6842105263157895,-48
1516,182421,Anubis,Legacy,0.4347826086956522,-35
1517,184473,Anubis,Legacy,0.6842105263157895,-83
1518,185749,Anubis,Legacy,0.65,-102
1519,186811,Anubis,Legacy,0.3809523809523809,28
1520,190222,Anubis,Legacy,0.3809523809523809,14
1521,191455,Anubis,Legacy,0.3157894736842105,27
1522,194488,Anubis,Legacy,0.3809523809523809,-111
1523,195214,Anubis,Legacy,0.65,-46
1524,195710,Anubis,Legacy,0.8666666666666667,-93
1525,197285,Anubis,Legacy,0.35,27
1526,197319,Anubis,Legacy,0.4583333333333333,17
1527,199652,Anubis,Legacy,0.65,-22
1528,200929,Anubis,Legacy,0.1875,-2
1529,201374,Anubis,Legacy,0.3809523809523809,21
1530,200094,Anubis,Legacy,0.4583333333333333,15
1531,224771,Anubis,Legacy,0.4583333333333333,-1
1532,227452,Anubis,Legacy,0.5416666666666667,-2
1533,178779,Dust2,Legacy,0.4666666666666667,-41
1534,182689,Dust2,Legacy,0.5416666666666666,1
1535,185260,Dust2,Legacy,0.6842105263157895,-7
1536,185266,Dust2,Legacy,0.6842105263157895,4
1537,185350,Dust2,Legacy,0.6842105263157895,4
1538,185508,Dust2,Legacy,0.5416666666666666,-18
1539,185674,Dust2,Legacy,0.6842105263157895,-94
1540,186061,Dust2,Legacy,0.1875,26
1541,191950,Dust2,Legacy,0.65,-11
1542,200879,Dust2,Legacy,0.35,1
1543,199861,Dust2,Legacy,0.6190476190476191,-10
1544,200029,Dust2,Legacy,0.4583333333333333,27
1545,201495,Dust2,Legacy,0.1333333333333333,1
1546,204574,Dust2,Legacy,0.3809523809523809,15
1547,209181,Dust2,Legacy,0.7222222222222222,-23
1548,210933,Dust2,Legacy,0.3157894736842105,11
1549,212281,Dust2,Legacy,0.4347826086956521,10
1550,214425,Dust2,Legacy,0.6842105263157895,-78
1551,214588,Dust2,Legacy,0.4571428571428571,-20
1552,221292,Dust2,Legacy,0.5652173913043478,27
1553,221839,Dust2,Legacy,0.5652173913043478,4
1554,222158,Dust2,Legacy,0.7647058823529411,24
1555,224234,Dust2,Legacy,0.4347826086956521,-99
1556,224582,Dust2,Legacy,0.4583333333333333,-20
1557,225729,Dust2,Legacy,0.2352941176470588,9
1558,226053,Dust2,Legacy,0.6842105263157895,-18
1559,226511,Dust2,Legacy,0.5909090909090909,7
1560,228906,Dust2,Legacy,0.6842105263157895,15
1561,176998,Dust2,Legacy,0.7647058823529412,-158
1562,180250,Dust2,Legacy,0.2777777777777778,-48
1563,184475,Dust2,Legacy,0.5714285714285715,-83
1564,185843,Dust2,Legacy,0.4347826086956522,-36
1565,186805,Dust2,Legacy,0.5517241379310345,28
1566,186823,Dust2,Legacy,0.3809523809523809,22
1567,190214,Dust2,Legacy,0.8125,-48
1568,190221,Dust2,Legacy,0.6190476190476191,14
1569,192481,Dust2,Legacy,0.5416666666666667,6
1570,192562,Dust2,Legacy,0.5909090909090908,6
1571,195153,Dust2,Legacy,0.3157894736842105,-82
1572,195222,Dust2,Legacy,0.2777777777777778,-46
1573,194059,Dust2,Legacy,0.9285714285714286,-152
1574,197409,Dust2,Legacy,0.65,18
1575,197836,Dust2,Legacy,0.3157894736842105,-21
1576,201004,Dust2,Legacy,0.2777777777777778,-8
1577,201153,Dust2,Legacy,0.5416666666666667,21
1578,200086,Dust2,Legacy,0.7222222222222222,15
1579,203213,Dust2,Legacy,0.7222222222222222,-120
1580,207541,Dust2,Legacy,0.7222222222222222,-4
1581,209055,Dust2,Legacy,0.7647058823529412,-8
1582,209293,Dust2,Legacy,0.5909090909090908,10
1583,210738,Dust2,Legacy,0.6842105263157895,13
1584,211072,Dust2,Legacy,0.6190476190476191,-23
1585,211135,Dust2,Legacy,0.1333333333333333,3
1586,211212,Dust2,Legacy,0.4583333333333333,13
1587,212166,Dust2,Legacy,0.8125,4
1588,212216,Dust2,Legacy,0.5416666666666667,-20
1589,212355,Dust2,Legacy,0.4583333333333333,6
1590,214528,Dust2,Legacy,0.4285714285714286,-6
1591,216495,Dust2,Legacy,0.8666666666666667,-179
1592,217783,Dust2,Legacy,0.35,-10
1593,221236,Dust2,Legacy,0.6190476190476191,22
1594,221757,Dust2,Legacy,0.4482758620689655,23
1595,221976,Dust2,Legacy,0.65,20
1596,222581,Dust2,Legacy,0.2352941176470588,23
1597,224638,Dust2,Legacy,0.7647058823529412,-45
1598,224768,Dust2,Legacy,0.5714285714285715,-1
1599,226161,Dust2,Legacy,0.409090909090909,-4
1600,226571,Dust2,Legacy,0.35,-19
1601,227424,Dust2,Legacy,0.7647058823529412,-2
1602,228802,Dust2,Legacy,0.6190476190476191,8
1603,229505,Dust2,Legacy,0.35,12
1604,229800,Dust2,Legacy,0.6842105263157895,12
1605,166724,Inferno,Legacy,0.3809523809523809,17
1606,171235,Inferno,Legacy,0.65,14
1607,171339,Inferno,Legacy,0.6190476190476191,32
1608,177707,Inferno,Legacy,0.5416666666666666,-10
1609,177531,Inferno,Legacy,0.5416666666666666,27
1610,178285,Inferno,Legacy,0.6842105263157895,-14
1611,178565,Inferno,Legacy,0.65,-77
1612,178686,Inferno,Legacy,0.3809523809523809,-41
1613,178764,Inferno,Legacy,0.6190476190476191,-41
1614,180434,Inferno,Legacy,0.2777777777777778,33
1615,180044,Inferno,Legacy,0.8125,-46
1616,179928,Inferno,Legacy,0.9285714285714286,-129
1617,180500,Inferno,Legacy,0.5416666666666666,-23
1618,180538,Inferno,Legacy,0.2777777777777778,33
1619,182951,Inferno,Legacy,0.5909090909090909,49
1620,183004,Inferno,Legacy,0.2352941176470588,40
1621,182553,Inferno,Legacy,0.5652173913043478,-93
1622,184936,Inferno,Legacy,0.5909090909090909,-87
1623,185152,Inferno,Legacy,0.65,-8
1624,185265,Inferno,Legacy,0.35,4
1625,185346,Inferno,Legacy,0.3157894736842105,4
1626,185667,Inferno,Legacy,0.8666666666666667,-94
1627,186657,Inferno,Legacy,0.4090909090909091,-18
1628,192066,Inferno,Legacy,0.3157894736842105,41
1629,191779,Inferno,Legacy,0.65,-11
1630,191946,Inferno,Legacy,0.7222222222222222,-11
1631,197910,Inferno,Legacy,0.5416666666666666,-31
1632,199064,Inferno,Legacy,0.7222222222222222,-32
1633,199175,Inferno,Legacy,0.7647058823529411,-51
1634,199792,Inferno,Legacy,0.7647058823529411,7
1635,201065,Inferno,Legacy,0.5652173913043478,7
1636,200022,Inferno,Legacy,0.2777777777777778,27
1637,201317,Inferno,Legacy,0.8125,30
1638,201502,Inferno,Legacy,0.8125,1
1639,201618,Inferno,Legacy,0.4583333333333333,29
1640,203303,Inferno,Legacy,0.5384615384615384,-52
1641,203479,Inferno,Legacy,0.65,-52
1642,204161,Inferno,Legacy,0.5416666666666666,-37
1643,210938,Inferno,Legacy,0.4583333333333333,11
1644,211778,Inferno,Legacy,0.35,11
1645,212277,Inferno,Legacy,0.65,10
1646,212298,Inferno,Legacy,0.35,-13
1647,214587,Inferno,Legacy,0.7222222222222222,-20
1648,216565,Inferno,Legacy,0.5416666666666666,-72
1649,216681,Inferno,Legacy,0.7647058823529411,-26
1650,216814,Inferno,Legacy,0.5909090909090909,-72
1651,221281,Inferno,Legacy,0.5416666666666666,27
1652,225717,Inferno,Legacy,0.4347826086956521,9
1653,225965,Inferno,Legacy,0.4347826086956521,-20
1654,226056,Inferno,Legacy,0.6842105263157895,-18
1655,226513,Inferno,Legacy,0.4347826086956521,7
1656,228689,Inferno,Legacy,0.7222222222222222,-3
1657,228903,Inferno,Legacy,0.5416666666666666,15
1658,229529,Inferno,Legacy,0.5416666666666666,9
1659,229665,Inferno,Legacy,0.7222222222222222,-10
1660,166607,Inferno,Legacy,0.6842105263157895,-3
1661,166550,Inferno,Legacy,0.4482758620689655,20
1662,166767,Inferno,Legacy,0.4583333333333333,20
1663,167431,Inferno,Legacy,0.3809523809523809,20
1664,168555,Inferno,Legacy,0.9285714285714286,-61
1665,168592,Inferno,Legacy,0.409090909090909,-53
1666,172232,Inferno,Legacy,0.65,54
1667,176073,Inferno,Legacy,0.65,-104
1668,178712,Inferno,Legacy,0.2777777777777778,-44
1669,180255,Inferno,Legacy,0.8125,-48
1670,180448,Inferno,Legacy,0.6190476190476191,10
1671,186824,Inferno,Legacy,0.5416666666666667,22
1672,187902,Inferno,Legacy,0.5277777777777778,24
1673,190223,Inferno,Legacy,0.4666666666666667,14
1674,192090,Inferno,Legacy,1.0,-134
1675,192110,Inferno,Legacy,0.5652173913043479,22
1676,193780,Inferno,Legacy,0.8125,-65
1677,194502,Inferno,Legacy,0.6190476190476191,-111
1678,194741,Inferno,Legacy,0.6842105263157895,-52
1679,197324,Inferno,Legacy,0.5517241379310345,17
1680,197918,Inferno,Legacy,0.2777777777777778,-61
1681,200998,Inferno,Legacy,0.8666666666666667,-8
1682,201108,Inferno,Legacy,0.65,17
1683,200080,Inferno,Legacy,0.4722222222222222,15
1684,204092,Inferno,Legacy,0.7647058823529412,-114
1685,204207,Inferno,Legacy,0.8125,-22
1686,204379,Inferno,Legacy,0.4347826086956522,-21
1687,206104,Inferno,Legacy,0.35,10
1688,206283,Inferno,Legacy,0.409090909090909,-12
1689,207037,Inferno,Legacy,0.7222222222222222,-91
1690,207315,Inferno,Legacy,0.4666666666666667,-22
1691,207699,Inferno,Legacy,0.2352941176470588,8
1692,209471,Inferno,Legacy,0.65,12
1693,210745,Inferno,Legacy,0.65,13
1694,211064,Inferno,Legacy,0.5428571428571429,-23
1695,211142,Inferno,Legacy,0.6190476190476191,3
1696,211215,Inferno,Legacy,0.2777777777777778,13
1697,211933,Inferno,Legacy,0.5517241379310345,6
1698,212064,Inferno,Legacy,0.5333333333333333,12
1699,212387,Inferno,Legacy,0.6190476190476191,6
1700,217708,Inferno,Legacy,0.0714285714285714,-9
1701,221228,Inferno,Legacy,0.5333333333333333,22
1702,221723,Inferno,Legacy,0.4565217391304348,23
1703,222595,Inferno,Legacy,0.3157894736842105,23
1704,224774,Inferno,Legacy,0.7222222222222222,-1
1705,227112,Inferno,Legacy,0.5909090909090908,-2
1706,229104,Inferno,Legacy,0.3157894736842105,3
1707,165317,Mirage,Legacy,0.65,-62
1708,165646,Mirage,Legacy,0.3809523809523809,-6
1709,165752,Mirage,Legacy,0.3157894736842105,-6
1710,165988,Mirage,Legacy,0.5517241379310345,10
1711,167449,Mirage,Legacy,0.3157894736842105,10
1712,169337,Mirage,Legacy,0.3809523809523809,22
1713,173834,Mirage,Legacy,0.4090909090909091,-13
1714,173982,Mirage,Legacy,0.3157894736842105,-19
1715,175726,Mirage,Legacy,0.4285714285714285,-10
1716,177714,Mirage,Legacy,0.5517241379310345,-10
1717,177546,Mirage,Legacy,0.3809523809523809,27
1718,178283,Mirage,Legacy,0.5909090909090909,-14
1719,182066,Mirage,Legacy,0.6190476190476191,-58
1720,183224,Mirage,Legacy,0.7222222222222222,-30
1721,184754,Mirage,Legacy,0.65,-7
1722,184843,Mirage,Legacy,0.7222222222222222,-124
1723,185257,Mirage,Legacy,0.65,-7
1724,185336,Mirage,Legacy,0.65,-7
1725,186433,Mirage,Legacy,0.4722222222222222,-5
1726,186517,Mirage,Legacy,0.3157894736842105,26
1727,186943,Mirage,Legacy,0.6842105263157895,11
1728,188069,Mirage,Legacy,0.3157894736842105,4
1729,190187,Mirage,Legacy,0.7222222222222222,-85
1730,192472,Mirage,Legacy,0.5909090909090909,-1
1731,194926,Mirage,Legacy,0.2777777777777778,-43
1732,196980,Mirage,Legacy,0.8666666666666667,-83
1733,197769,Mirage,Legacy,0.6190476190476191,-38
1734,199858,Mirage,Legacy,0.5333333333333333,-10
1735,203281,Mirage,Legacy,0.7222222222222222,-100
1736,204153,Mirage,Legacy,0.5517241379310345,-37
1737,204565,Mirage,Legacy,0.4285714285714285,15
1738,209170,Mirage,Legacy,0.3157894736842105,-23
1739,210712,Mirage,Legacy,0.8666666666666667,5
1740,210931,Mirage,Legacy,0.6842105263157895,11
1741,211773,Mirage,Legacy,0.5416666666666666,11
1742,216564,Mirage,Legacy,0.9285714285714286,-72
1743,216682,Mirage,Legacy,0.1333333333333333,-26
1744,222171,Mirage,Legacy,0.5652173913043478,24
1745,224223,Mirage,Legacy,0.5652173913043478,-99
1746,225705,Mirage,Legacy,0.5652173913043478,9
1747,225968,Mirage,Legacy,0.65,-20
1748,226515,Mirage,Legacy,0.2352941176470588,7
1749,228691,Mirage,Legacy,0.65,-3
1750,229539,Mirage,Legacy,0.4347826086956521,9
1751,229657,Mirage,Legacy,0.5714285714285714,-10
1752,164907,Mirage,Legacy,0.8125,-27
1753,166447,Mirage,Legacy,0.4482758620689655,25
1754,166552,Mirage,Legacy,0.4583333333333333,20
1755,173843,Mirage,Legacy,0.9285714285714286,-32
1756,177004,Mirage,Legacy,0.5333333333333333,-158
1757,178275,Mirage,Legacy,0.6190476190476191,-15
1758,178638,Mirage,Legacy,0.8125,-48
1759,180361,Mirage,Legacy,0.5517241379310345,-73
1760,182947,Mirage,Legacy,0.65,-48
1761,182705,Mirage,Legacy,0.6842105263157895,-62
1762,184602,Mirage,Legacy,0.4347826086956522,-51
1763,186115,Mirage,Legacy,0.6842105263157895,-62
1764,186825,Mirage,Legacy,0.4583333333333333,22
1765,191450,Mirage,Legacy,0.35,27
1766,192100,Mirage,Legacy,0.5909090909090908,22
1767,193206,Mirage,Legacy,0.4347826086956522,30
1768,194479,Mirage,Legacy,0.8125,-111
1769,195157,Mirage,Legacy,0.5588235294117647,-82
1770,195230,Mirage,Legacy,0.6190476190476191,-46
1771,195700,Mirage,Legacy,0.9285714285714286,-93
1772,197282,Mirage,Legacy,0.4347826086956522,27
1773,197917,Mirage,Legacy,0.3809523809523809,-61
1774,199245,Mirage,Legacy,0.6190476190476191,-22
1775,199314,Mirage,Legacy,0.5652173913043479,-23
1776,201007,Mirage,Legacy,0.7647058823529412,-8
1777,201145,Mirage,Legacy,0.65,21
1778,203219,Mirage,Legacy,0.5652173913043479,-120
1779,203376,Mirage,Legacy,0.5416666666666667,-24
1780,203490,Mirage,Legacy,0.1875,-24
1781,204087,Mirage,Legacy,0.5652173913043479,-114
1782,204382,Mirage,Legacy,0.5909090909090908,-21
1783,206111,Mirage,Legacy,0.2777777777777778,10
1784,206270,Mirage,Legacy,0.3809523809523809,-12
1785,207333,Mirage,Legacy,0.4583333333333333,-22
1786,207531,Mirage,Legacy,0.5517241379310345,-4
1787,207956,Mirage,Legacy,0.3809523809523809,4
1788,209299,Mirage,Legacy,0.5416666666666667,10
1789,209407,Mirage,Legacy,0.2352941176470588,6
1790,211054,Mirage,Legacy,0.3809523809523809,-23
1791,212362,Mirage,Legacy,0.3809523809523809,6
1792,214532,Mirage,Legacy,0.2777777777777778,-6
1793,224256,Mirage,Legacy,0.7222222222222222,-68
1794,224778,Mirage,Legacy,0.4347826086956522,-1
1795,225892,Mirage,Legacy,0.5909090909090908,-24
1796,226954,Mirage,Legacy,0.8125,-266
1797,227041,Mirage,Legacy,0.65,-119
1798,227432,Mirage,Legacy,0.5652173913043479,-2
1799,229097,Mirage,Legacy,0.8125,3
1800,229150,Mirage,Legacy,0.7647058823529412,-6
1801,229795,Mirage,Legacy,0.6842105263157895,12
1802,164878,Nuke,Legacy,0.1333333333333333,-70
1803,165205,Nuke,Legacy,0.65,-55
1804,165994,Nuke,Legacy,0.5333333333333333,10
1805,167317,Nuke,Legacy,0.4583333333333333,30
1806,167448,Nuke,Legacy,0.4583333333333333,10
1807,168833,Nuke,Legacy,0.4090909090909091,22
1808,168989,Nuke,Legacy,0.4666666666666667,22
1809,178745,Nuke,Legacy,0.5416666666666666,3
1810,178766,Nuke,Legacy,0.5652173913043478,-41
1811,181990,Nuke,Legacy,0.4482758620689655,4
1812,182952,Nuke,Legacy,0.5909090909090909,49
1813,184375,Nuke,Legacy,0.9285714285714286,-45
1814,185338,Nuke,Legacy,0.6190476190476191,-7
1815,186441,Nuke,Legacy,0.5416666666666666,-5
1816,186891,Nuke,Legacy,0.4347826086956521,32
1817,192067,Nuke,Legacy,0.4583333333333333,41
1818,196107,Nuke,Legacy,0.65,-30
1819,197247,Nuke,Legacy,0.7647058823529411,20
1820,197767,Nuke,Legacy,0.7647058823529411,-38
1821,197914,Nuke,Legacy,0.6190476190476191,-31
1822,199060,Nuke,Legacy,0.3809523809523809,-32
1823,199241,Nuke,Legacy,0.5652173913043478,-117
1824,199795,Nuke,Legacy,0.5909090909090909,7
1825,201067,Nuke,Legacy,0.6842105263157895,7
1826,201102,Nuke,Legacy,0.5652173913043478,13
1827,201511,Nuke,Legacy,0.7222222222222222,1
1828,201628,Nuke,Legacy,0.4347826086956521,29
1829,203287,Nuke,Legacy,0.4583333333333333,-100
1830,203470,Nuke,Legacy,0.6842105263157895,-52
1831,209177,Nuke,Legacy,0.6190476190476191,-23
1832,211782,Nuke,Legacy,0.4090909090909091,11
1833,212286,Nuke,Legacy,0.65,10
1834,212307,Nuke,Legacy,0.5714285714285714,-13
1835,214473,Nuke,Legacy,0.6842105263157895,-50
1836,216680,Nuke,Legacy,0.35,-26
1837,216815,Nuke,Legacy,0.35,-72
1838,221077,Nuke,Legacy,0.4583333333333333,7
1839,224609,Nuke,Legacy,0.7647058823529411,-20
1840,225971,Nuke,Legacy,0.4090909090909091,-20
1841,229309,Nuke,Legacy,0.5652173913043478,-9
1842,229549,Nuke,Legacy,0.5652173913043478,9
1843,164792,Nuke,Legacy,0.5909090909090908,-122
1844,164924,Nuke,Legacy,0.4583333333333333,-27
1845,165295,Nuke,Legacy,0.409090909090909,-122
1846,178629,Nuke,Legacy,0.4583333333333333,-48
1847,178710,Nuke,Legacy,0.5416666666666667,-44
1848,180452,Nuke,Legacy,0.5909090909090908,10
1849,183059,Nuke,Legacy,0.65,-41
1850,185748,Nuke,Legacy,0.7647058823529412,-102
1851,185842,Nuke,Legacy,0.3809523809523809,-36
1852,190215,Nuke,Legacy,0.6190476190476191,-48
1853,192486,Nuke,Legacy,0.5416666666666667,6
1854,192564,Nuke,Legacy,0.5909090909090908,6
1855,193207,Nuke,Legacy,0.4347826086956522,30
1856,193778,Nuke,Legacy,0.9285714285714286,-65
1857,195164,Nuke,Legacy,0.7222222222222222,-82
1858,195219,Nuke,Legacy,0.6190476190476191,-46
1859,195615,Nuke,Legacy,0.2777777777777778,-12
1860,197416,Nuke,Legacy,0.4571428571428572,18
1861,199651,Nuke,Legacy,0.6190476190476191,-22
1862,200899,Nuke,Legacy,0.5652173913043479,-6
1863,203385,Nuke,Legacy,0.4722222222222222,-24
1864,203492,Nuke,Legacy,0.7222222222222222,-24
1865,206107,Nuke,Legacy,0.6842105263157895,10
1866,206277,Nuke,Legacy,0.8666666666666667,-12
1867,207526,Nuke,Legacy,0.409090909090909,-4
1868,207962,Nuke,Legacy,0.3809523809523809,4
1869,210741,Nuke,Legacy,0.3809523809523809,13
1870,211211,Nuke,Legacy,0.6842105263157895,13
1871,212067,Nuke,Legacy,0.8125,12
1872,212400,Nuke,Legacy,0.4583333333333333,6
1873,216493,Nuke,Legacy,0.5517241379310345,-179
1874,224779,Nuke,Legacy,0.2352941176470588,-1
1875,225887,Nuke,Legacy,0.7647058823529412,-24
1876,226953,Nuke,Legacy,0.9285714285714286,-266
1877,227123,Nuke,Legacy,0.8125,-2
1878,227441,Nuke,Legacy,0.2352941176470588,-2
1879,228804,Nuke,Legacy,0.6842105263157895,8
1880,229153,Nuke,Legacy,0.8125,-6
1881,229788,Nuke,Legacy,0.4583333333333333,12
1882,165273,Ancient,FURIA,0.5652173913043478,17
1883,165808,Ancient,FURIA,0.35,8
1884,167461,Ancient,FURIA,0.65,6
1885,167895,Ancient,FURIA,0.4285714285714285,-9
1886,170232,Ancient,FURIA,0.2777777777777778,-42
1887,172152,Ancient,FURIA,0.4482758620689655,-52
1888,172271,Ancient,FURIA,0.65,-16
1889,173062,Ancient,FURIA,0.5909090909090909,-19
1890,173149,Ancient,FURIA,0.6842105263157895,4
1891,176556,Ancient,FURIA,0.8125,-66
1892,177489,Ancient,FURIA,0.35,-22
1893,203262,Ancient,FURIA,0.4634146341463415,-38
1894,213281,Ancient,FURIA,0.5416666666666666,1
1895,226722,Ancient,FURIA,0.4347826086956521,2
1896,165096,Ancient,FURIA,0.4482758620689655,8
1897,165683,Ancient,FURIA,0.5416666666666667,-1
1898,165611,Ancient,FURIA,0.3157894736842105,2
1899,165712,Ancient,FURIA,0.3809523809523809,2
1900,166779,Ancient,FURIA,0.5416666666666667,-7
1901,166911,Ancient,FURIA,0.5714285714285715,-7
1902,166978,Ancient,FURIA,0.5652173913043479,-27
1903,167417,Ancient,FURIA,0.6190476190476191,11
1904,169866,Ancient,FURIA,0.4583333333333333,2
1905,170831,Ancient,FURIA,0.6842105263157895,-30
1906,170860,Ancient,FURIA,0.4583333333333333,-30
1907,172239,Ancient,FURIA,0.5909090909090908,-11
1908,172328,Ancient,FURIA,0.35,10
1909,172373,Ancient,FURIA,0.35,-28
1910,176268,Ancient,FURIA,0.5333333333333333,-49
1911,177021,Ancient,FURIA,0.1875,4
1912,180959,Anubis,FURIA,0.6190476190476191,6
1913,181047,Anubis,FURIA,0.3809523809523809,5
1914,182791,Anubis,FURIA,0.0714285714285714,13
1915,183910,Anubis,FURIA,0.0714285714285714,-33
1916,184124,Anubis,FURIA,0.65,-33
1917,184266,Anubis,FURIA,0.4583333333333333,13
1918,188062,Anubis,FURIA,0.1875,-3
1919,188154,Anubis,FURIA,0.6190476190476191,-9
1920,188860,Anubis,FURIA,0.5416666666666666,-11
1921,190458,Anubis,FURIA,0.6842105263157895,-25
1922,193860,Anubis,FURIA,0.65,-16
1923,195750,Anubis,FURIA,0.4285714285714285,12
1924,193950,Anubis,FURIA,0.4583333333333333,-6
1925,194018,Anubis,FURIA,0.4347826086956521,-4
1926,194202,Anubis,FURIA,0.7222222222222222,-8
1927,194674,Anubis,FURIA,0.3809523809523809,3
1928,194863,Anubis,FURIA,0.5909090909090909,-4
1929,197330,Anubis,FURIA,0.4583333333333333,5
1930,199330,Anubis,FURIA,0.65,13
1931,199407,Anubis,FURIA,0.5909090909090909,10
1932,199475,Anubis,FURIA,0.4583333333333333,2
1933,199552,Anubis,FURIA,0.65,-39
1934,200037,Anubis,FURIA,0.35,13
1935,201856,Anubis,FURIA,0.3809523809523809,-4
1936,200114,Anubis,FURIA,0.6842105263157895,-15
1937,203083,Anubis,FURIA,0.4090909090909091,-38
1938,216879,Anubis,FURIA,0.5652173913043478,-25
1939,219274,Anubis,FURIA,0.5909090909090909,-13
1940,183713,Anubis,FURIA,0.4347826086956522,2
1941,188139,Anubis,FURIA,0.6190476190476191,-17
1942,190616,Anubis,FURIA,0.35,-18
1943,199926,Anubis,FURIA,0.5652173913043479,14
1944,216636,Anubis,FURIA,0.6190476190476191,-40
1945,219446,Anubis,FURIA,0.4583333333333333,-1
1946,176240,Dust2,FURIA,0.6190476190476191,-48
1947,176551,Dust2,FURIA,0.3809523809523809,-66
1948,176680,Dust2,FURIA,0.5714285714285714,-17
1949,176803,Dust2,FURIA,0.4583333333333333,-35
1950,180882,Dust2,FURIA,0.1875,-16
1951,181224,Dust2,FURIA,0.4482758620689655,6
1952,183850,Dust2,FURIA,0.1875,14
1953,183960,Dust2,FURIA,0.5333333333333333,9
1954,185983,Dust2,FURIA,0.7222222222222222,9
1955,188068,Dust2,FURIA,0.8125,-3
1956,189117,Dust2,FURIA,0.6842105263157895,4
1957,191347,Dust2,FURIA,0.9285714285714286,-120
1958,191431,Dust2,FURIA,0.7222222222222222,-10
1959,191500,Dust2,FURIA,0.2777777777777778,7
1960,193953,Dust2,FURIA,0.8125,-6
1961,194128,Dust2,FURIA,0.4347826086956521,-19
1962,194196,Dust2,FURIA,0.2352941176470588,-8
1963,194650,Dust2,FURIA,0.4347826086956521,3
1964,195838,Dust2,FURIA,0.65,-8
1965,197337,Dust2,FURIA,0.3809523809523809,5
1966,201107,Dust2,FURIA,0.4583333333333333,-4
1967,201141,Dust2,FURIA,0.6190476190476191,-10
1968,200112,Dust2,FURIA,0.5652173913043478,-15
1969,203088,Dust2,FURIA,0.3809523809523809,-38
1970,203715,Dust2,FURIA,0.4583333333333333,-1
1971,203953,Dust2,FURIA,0.6842105263157895,-1
1972,204502,Dust2,FURIA,0.35,-11
1973,207609,Dust2,FURIA,0.4090909090909091,-11
1974,207958,Dust2,FURIA,0.5652173913043478,-4
1975,208426,Dust2,FURIA,0.7222222222222222,2
1976,209074,Dust2,FURIA,0.4090909090909091,-42
1977,209293,Dust2,FURIA,0.4090909090909091,-10
1978,209794,Dust2,FURIA,0.3809523809523809,-1
1979,210943,Dust2,FURIA,0.5588235294117647,4
1980,211254,Dust2,FURIA,0.7222222222222222,-4
1981,212510,Dust2,FURIA,0.6190476190476191,-29
1982,215020,Dust2,FURIA,0.7222222222222222,-33
1983,216889,Dust2,FURIA,0.5416666666666666,-25
1984,217229,Dust2,FURIA,0.8666666666666667,-16
1985,217936,Dust2,FURIA,0.3157894736842105,-25
1986,218145,Dust2,FURIA,0.6842105263157895,-6
1987,218499,Dust2,FURIA,0.3809523809523809,-5
1988,219528,Dust2,FURIA,0.5333333333333333,-3
1989,219943,Dust2,FURIA,0.5652173913043478,-7
1990,222001,Dust2,FURIA,0.6190476190476191,-16
1991,222196,Dust2,FURIA,0.6190476190476191,-15
1992,223586,Dust2,FURIA,0.65,-19
1993,226569,Dust2,FURIA,0.7647058823529411,1
1994,226625,Dust2,FURIA,0.5909090909090909,-4
1995,228622,Dust2,FURIA,0.3809523809523809,-3
1996,177178,Dust2,FURIA,0.5416666666666667,-12
1997,182255,Dust2,FURIA,0.35,-26
1998,182484,Dust2,FURIA,0.5714285714285715,-26
1999,182507,Dust2,FURIA,0.5277777777777778,-1
2000,183719,Dust2,FURIA,0.5909090909090908,2
2001,185955,Dust2,FURIA,0.65,8
2002,188142,Dust2,FURIA,0.5652173913043479,-17
2003,188963,Dust2,FURIA,0.8125,-11
2004,189368,Dust2,FURIA,0.409090909090909,2
2005,190603,Dust2,FURIA,0.5416666666666667,-18
2006,191599,Dust2,FURIA,0.6190476190476191,-3
2007,195061,Dust2,FURIA,0.409090909090909,6
2008,197263,Dust2,FURIA,0.6842105263157895,-15
2009,197295,Dust2,FURIA,0.6190476190476191,-6
2010,199932,Dust2,FURIA,0.3157894736842105,14
2011,201197,Dust2,FURIA,0.65,-7
2012,201335,Dust2,FURIA,0.65,10
2013,203594,Dust2,FURIA,0.4722222222222222,-18
2014,203675,Dust2,FURIA,0.5909090909090908,-3
2015,203824,Dust2,FURIA,0.7647058823529412,-3
2016,203879,Dust2,FURIA,0.65,2
2017,204346,Dust2,FURIA,0.6190476190476191,-23
2018,207890,Dust2,FURIA,0.4583333333333333,-3
2019,209689,Dust2,FURIA,0.6190476190476191,-5
2020,218394,Dust2,FURIA,0.65,-9
2021,221794,Dust2,FURIA,0.3157894736842105,-17
2022,221892,Dust2,FURIA,0.4571428571428572,-12
2023,222331,Dust2,FURIA,0.5909090909090908,-10
2024,223353,Dust2,FURIA,0.4666666666666667,-7
2025,223700,Dust2,FURIA,0.5517241379310345,-1
2026,226776,Dust2,FURIA,0.4583333333333333,-1
2027,227828,Dust2,FURIA,0.2352941176470588,-8
2028,229019,Dust2,FURIA,0.4722222222222222,-2
2029,165804,Inferno,FURIA,0.4347826086956521,8
2030,171176,Inferno,FURIA,0.5909090909090909,-38
2031,172309,Inferno,FURIA,0.1875,6
2032,173919,Inferno,FURIA,0.5365853658536586,-14
2033,173977,Inferno,FURIA,0.3809523809523809,-12
2034,174642,Inferno,FURIA,0.5909090909090909,-22
2035,176243,Inferno,FURIA,0.6190476190476191,-48
2036,179302,Inferno,FURIA,0.35,16
2037,180898,Inferno,FURIA,1.0,-16
2038,181164,Inferno,FURIA,0.1875,11
2039,182631,Inferno,FURIA,0.6842105263157895,8
2040,187902,Inferno,FURIA,0.4722222222222222,-24
2041,188076,Inferno,FURIA,0.35,-3
2042,189175,Inferno,FURIA,0.4090909090909091,-5
2043,189282,Inferno,FURIA,0.5416666666666666,-7
2044,190466,Inferno,FURIA,0.6842105263157895,-25
2045,191428,Inferno,FURIA,0.2352941176470588,-10
2046,193954,Inferno,FURIA,0.4090909090909091,-6
2047,194434,Inferno,FURIA,0.5517241379310345,7
2048,194907,Inferno,FURIA,0.9285714285714286,-4
2049,195860,Inferno,FURIA,0.4722222222222222,-8
2050,199336,Inferno,FURIA,0.4090909090909091,13
2051,199477,Inferno,FURIA,0.6190476190476191,2
2052,201327,Inferno,FURIA,0.5416666666666666,11
2053,201857,Inferno,FURIA,0.4285714285714285,-4
2054,203146,Inferno,FURIA,0.8125,-20
2055,203270,Inferno,FURIA,0.4347826086956521,-38
2056,203720,Inferno,FURIA,0.3809523809523809,-1
2057,203958,Inferno,FURIA,0.5333333333333333,-1
2058,204114,Inferno,FURIA,0.4583333333333333,4
2059,206104,Inferno,FURIA,0.65,-10
2060,206428,Inferno,FURIA,0.65,4
2061,206712,Inferno,FURIA,0.2777777777777778,-5
2062,207623,Inferno,FURIA,0.5416666666666666,-11
2063,207769,Inferno,FURIA,0.65,-5
2064,207951,Inferno,FURIA,0.7647058823529411,-4
2065,208406,Inferno,FURIA,0.4583333333333333,2
2066,209402,Inferno,FURIA,0.65,-16
2067,210508,Inferno,FURIA,0.35,3
2068,210818,Inferno,FURIA,0.5909090909090909,-25
2069,211244,Inferno,FURIA,0.4090909090909091,-4
2070,212686,Inferno,FURIA,0.1333333333333333,-3
2071,213286,Inferno,FURIA,0.5652173913043478,1
2072,213642,Inferno,FURIA,0.7222222222222222,1
2073,215087,Inferno,FURIA,0.6842105263157895,-7
2074,215459,Inferno,FURIA,0.5517241379310345,-6
2075,217449,Inferno,FURIA,0.4583333333333333,-18
2076,218051,Inferno,FURIA,0.5714285714285714,-7
2077,218138,Inferno,FURIA,0.4090909090909091,-6
2078,218565,Inferno,FURIA,0.3809523809523809,1
2079,219541,Inferno,FURIA,0.4666666666666667,-3
2080,222038,Inferno,FURIA,0.5909090909090909,-16
2081,222181,Inferno,FURIA,0.6842105263157895,-15
2082,226516,Inferno,FURIA,0.8125,-26
2083,227748,Inferno,FURIA,0.7222222222222222,-17
2084,228511,Inferno,FURIA,0.65,-21
2085,228745,Inferno,FURIA,0.6842105263157895,-33
2086,166903,Inferno,FURIA,0.409090909090909,-7
2087,167421,Inferno,FURIA,0.35,-1
2088,169862,Inferno,FURIA,0.409090909090909,2
2089,172371,Inferno,FURIA,0.5333333333333333,-28
2090,174817,Inferno,FURIA,0.6842105263157895,-38
2091,176282,Inferno,FURIA,0.4583333333333333,-49
2092,177130,Inferno,FURIA,0.65,9
2093,177207,Inferno,FURIA,0.5909090909090908,11
2094,182328,Inferno,FURIA,0.5652173913043479,-4
2095,182472,Inferno,FURIA,0.6842105263157895,-26
2096,184038,Inferno,FURIA,0.6842105263157895,-81
2097,189361,Inferno,FURIA,0.6842105263157895,2
2098,191596,Inferno,FURIA,0.4347826086956522,-3
2099,197298,Inferno,FURIA,0.2352941176470588,-6
2100,199929,Inferno,FURIA,0.3157894736842105,14
2101,203590,Inferno,FURIA,0.65,-18
2102,203821,Inferno,FURIA,0.8125,-3
2103,204343,Inferno,FURIA,0.8666666666666667,-23
2104,207886,Inferno,FURIA,0.2777777777777778,-3
2105,209183,Inferno,FURIA,0.6190476190476191,-44
2106,209501,Inferno,FURIA,0.6190476190476191,-14
2107,210036,Inferno,FURIA,0.8125,-3
2108,213143,Inferno,FURIA,0.7222222222222222,-1
2109,213844,Inferno,FURIA,0.1875,-1
2110,216646,Inferno,FURIA,0.5909090909090908,-40
2111,219191,Inferno,FURIA,0.5652173913043479,-16
2112,219433,Inferno,FURIA,0.2352941176470588,-1
2113,222336,Inferno,FURIA,0.2352941176470588,-10
2114,223361,Inferno,FURIA,0.3157894736842105,-7
2115,165279,Mirage,FURIA,0.65,17
2116,165791,Mirage,FURIA,0.5517241379310345,8
2117,165660,Mirage,FURIA,0.65,-40
2118,167459,Mirage,FURIA,0.5416666666666666,6
2119,167739,Mirage,FURIA,0.3809523809523809,-9
2120,167897,Mirage,FURIA,0.3809523809523809,-9
2121,169815,Mirage,FURIA,0.4666666666666667,-9
2122,170240,Mirage,FURIA,0.2777777777777778,-42
2123,171221,Mirage,FURIA,0.5652173913043478,-13
2124,173102,Mirage,FURIA,0.4090909090909091,9
2125,174646,Mirage,FURIA,0.35,-22
2126,174916,Mirage,FURIA,0.5652173913043478,-5
2127,179028,Mirage,FURIA,0.2777777777777778,14
2128,179290,Mirage,FURIA,0.5416666666666666,16
2129,180973,Mirage,FURIA,0.35,6
2130,181044,Mirage,FURIA,0.5416666666666666,5
2131,181169,Mirage,FURIA,0.1333333333333333,11
2132,182639,Mirage,FURIA,0.65,8
2133,182788,Mirage,FURIA,0.2352941176470588,13
2134,183967,Mirage,FURIA,0.35,9
2135,185982,Mirage,FURIA,0.2777777777777778,9
2136,186089,Mirage,FURIA,0.7647058823529411,13
2137,186238,Mirage,FURIA,0.1875,9
2138,189127,Mirage,FURIA,0.4482758620689655,5
2139,189278,Mirage,FURIA,0.5909090909090909,-7
2140,190461,Mirage,FURIA,0.35,-25
2141,191342,Mirage,FURIA,0.5517241379310345,-120
2142,191504,Mirage,FURIA,0.1875,7
2143,195752,Mirage,FURIA,0.3809523809523809,12
2144,194131,Mirage,FURIA,0.5416666666666666,-19
2145,194194,Mirage,FURIA,0.6842105263157895,-8
2146,194881,Mirage,FURIA,0.4722222222222222,-4
2147,197435,Mirage,FURIA,0.4090909090909091,8
2148,199327,Mirage,FURIA,0.2352941176470588,13
2149,199412,Mirage,FURIA,0.35,10
2150,199902,Mirage,FURIA,0.35,18
2151,200039,Mirage,FURIA,0.35,13
2152,201381,Mirage,FURIA,0.8125,3
2153,200165,Mirage,FURIA,0.6842105263157895,10
2154,204108,Mirage,FURIA,0.5652173913043478,4
2155,204498,Mirage,FURIA,0.7647058823529411,-11
2156,206111,Mirage,FURIA,0.7222222222222222,-10
2157,206297,Mirage,FURIA,0.5909090909090909,3
2158,206432,Mirage,FURIA,0.5333333333333333,4
2159,206730,Mirage,FURIA,0.2777777777777778,-5
2160,208397,Mirage,FURIA,0.5517241379310345,2
2161,209299,Mirage,FURIA,0.4583333333333333,-10
2162,209883,Mirage,FURIA,0.8666666666666667,-17
2163,210953,Mirage,FURIA,0.5416666666666666,4
2164,211241,Mirage,FURIA,0.3157894736842105,-4
2165,212930,Mirage,FURIA,0.7222222222222222,-2
2166,213538,Mirage,FURIA,0.5416666666666666,-13
2167,215455,Mirage,FURIA,0.2777777777777778,-6
2168,217220,Mirage,FURIA,0.1875,-16
2169,217439,Mirage,FURIA,0.3809523809523809,-18
2170,217927,Mirage,FURIA,0.4583333333333333,-25
2171,218042,Mirage,FURIA,0.4583333333333333,-7
2172,218133,Mirage,FURIA,0.65,-6
2173,218494,Mirage,FURIA,0.5517241379310345,-5
2174,218557,Mirage,FURIA,0.5416666666666666,1
2175,219241,Mirage,FURIA,0.4090909090909091,-13
2176,219559,Mirage,FURIA,0.6190476190476191,-3
2177,219937,Mirage,FURIA,0.1875,-7
2178,223151,Mirage,FURIA,0.6190476190476191,-35
2179,223576,Mirage,FURIA,0.4347826086956521,-19
2180,226518,Mirage,FURIA,0.65,-26
2181,226563,Mirage,FURIA,0.1875,1
2182,226622,Mirage,FURIA,0.7222222222222222,-4
2183,227755,Mirage,FURIA,0.4347826086956521,-17
2184,228505,Mirage,FURIA,0.7647058823529411,-21
2185,228641,Mirage,FURIA,0.4583333333333333,-3
2186,165138,Mirage,FURIA,0.5416666666666667,8
2187,166770,Mirage,FURIA,0.4583333333333333,-7
2188,167587,Mirage,FURIA,0.5909090909090908,-2
2189,167833,Mirage,FURIA,0.5277777777777778,-6
2190,169863,Mirage,FURIA,0.5652173913043479,2
2191,170834,Mirage,FURIA,0.6842105263157895,-30
2192,170859,Mirage,FURIA,0.3809523809523809,-30
2193,172237,Mirage,FURIA,0.6190476190476191,-11
2194,174821,Mirage,FURIA,0.6842105263157895,-38
2195,174864,Mirage,FURIA,0.6190476190476191,5
2196,176278,Mirage,FURIA,0.4583333333333333,-49
2197,182258,Mirage,FURIA,0.3809523809523809,-26
2198,182313,Mirage,FURIA,0.35,-4
2199,182875,Mirage,FURIA,0.409090909090909,-1
2200,188961,Mirage,FURIA,0.5416666666666667,-11
2201,189370,Mirage,FURIA,0.4347826086956522,2
2202,190608,Mirage,FURIA,0.4583333333333333,-18
2203,195047,Mirage,FURIA,0.4666666666666667,6
2204,197265,Mirage,FURIA,0.65,-15
2205,201191,Mirage,FURIA,0.1875,-7
2206,203602,Mirage,FURIA,0.5652173913043479,-18
2207,203877,Mirage,FURIA,0.5416666666666667,2
2208,209188,Mirage,FURIA,0.65,-44
2209,209493,Mirage,FURIA,0.2777777777777778,-14
2210,210048,Mirage,FURIA,0.409090909090909,-3
2211,213149,Mirage,FURIA,0.5416666666666667,-1
2212,213857,Mirage,FURIA,0.5428571428571429,-1
2213,218203,Mirage,FURIA,0.5416666666666667,-12
2214,218399,Mirage,FURIA,0.7647058823529412,-9
2215,219173,Mirage,FURIA,0.5416666666666667,-16
2216,219421,Mirage,FURIA,0.5333333333333333,-1
2217,221787,Mirage,FURIA,0.3809523809523809,-17
2218,223686,Mirage,FURIA,0.4583333333333333,-1
2219,226782,Mirage,FURIA,0.4583333333333333,-1
2220,227832,Mirage,FURIA,0.65,-8
2221,228999,Mirage,FURIA,0.5909090909090908,-2
2222,165270,Nuke,FURIA,0.4583333333333333,17
2223,167514,Nuke,FURIA,0.9285714285714286,-11
2224,167735,Nuke,FURIA,0.4090909090909091,-9
2225,170820,Nuke,FURIA,0.65,-29
2226,172181,Nuke,FURIA,0.4090909090909091,-34
2227,173081,Nuke,FURIA,0.6190476190476191,9
2228,173154,Nuke,FURIA,0.3157894736842105,4
2229,174652,Nuke,FURIA,0.4090909090909091,-22
2230,174909,Nuke,FURIA,0.4666666666666667,-5
2231,176685,Nuke,FURIA,0.7647058823529411,-17
2232,176794,Nuke,FURIA,0.7222222222222222,-21
2233,176810,Nuke,FURIA,0.4090909090909091,-35
2234,177504,Nuke,FURIA,0.35,-22
2235,179021,Nuke,FURIA,0.4583333333333333,14
2236,179146,Nuke,FURIA,0.5588235294117647,-14
2237,179174,Nuke,FURIA,0.5909090909090909,8
2238,179277,Nuke,FURIA,0.35,16
2239,180890,Nuke,FURIA,0.5416666666666666,-16
2240,180966,Nuke,FURIA,0.4583333333333333,6
2241,181051,Nuke,FURIA,0.5416666666666666,5
2242,181232,Nuke,FURIA,0.2352941176470588,6
2243,183919,Nuke,FURIA,0.6842105263157895,-33
2244,184133,Nuke,FURIA,0.5909090909090909,-33
2245,184259,Nuke,FURIA,0.4090909090909091,13
2246,185979,Nuke,FURIA,0.6190476190476191,9
2247,186086,Nuke,FURIA,0.5652173913043478,13
2248,186237,Nuke,FURIA,0.1875,9
2249,191434,Nuke,FURIA,0.5517241379310345,-10
2250,193867,Nuke,FURIA,0.6190476190476191,-16
2251,194025,Nuke,FURIA,0.4090909090909091,-4
2252,194450,Nuke,FURIA,0.4583333333333333,7
2253,197437,Nuke,FURIA,0.4583333333333333,8
2254,199415,Nuke,FURIA,0.5909090909090909,10
2255,199823,Nuke,FURIA,0.5517241379310345,2
2256,199896,Nuke,FURIA,0.4090909090909091,18
2257,201098,Nuke,FURIA,0.7647058823529411,-14
2258,201855,Nuke,FURIA,0.6842105263157895,-4
2259,200170,Nuke,FURIA,0.3809523809523809,10
2260,206107,Nuke,FURIA,0.3157894736842105,-10
2261,206302,Nuke,FURIA,0.5416666666666666,3
2262,208412,Nuke,FURIA,0.5714285714285714,2
2263,210516,Nuke,FURIA,0.35,3
2264,210808,Nuke,FURIA,0.5652173913043478,-25
2265,211249,Nuke,FURIA,0.6190476190476191,-4
2266,213526,Nuke,FURIA,0.35,-13
2267,213632,Nuke,FURIA,0.5416666666666666,1
2268,213775,Nuke,FURIA,0.8125,-13
2269,214997,Nuke,FURIA,0.8666666666666667,-6
2270,217235,Nuke,FURIA,0.5909090909090909,-16
2271,218056,Nuke,FURIA,0.8666666666666667,-7
2272,218504,Nuke,FURIA,0.65,-5
2273,218576,Nuke,FURIA,0.1333333333333333,1
2274,219952,Nuke,FURIA,0.4347826086956521,-7
2275,223581,Nuke,FURIA,0.8666666666666667,-19
2276,226570,Nuke,FURIA,0.5517241379310345,1
2277,227752,Nuke,FURIA,0.2777777777777778,-17
2278,228430,Nuke,FURIA,0.8125,-16
2279,228733,Nuke,FURIA,0.5416666666666666,-33
2280,165604,Nuke,FURIA,0.0714285714285714,2
2281,166918,Nuke,FURIA,0.5416666666666667,-7
2282,166986,Nuke,FURIA,0.2352941176470588,-27
2283,167842,Nuke,FURIA,0.7222222222222222,-6
2284,170237,Nuke,FURIA,0.5652173913043479,-53
2285,170858,Nuke,FURIA,0.6190476190476191,-30
2286,171300,Nuke,FURIA,0.65,4
2287,174862,Nuke,FURIA,0.5909090909090908,5
2288,177056,Nuke,FURIA,0.9285714285714286,2
2289,179125,Nuke,FURIA,0.7222222222222222,-1
2290,182334,Nuke,FURIA,0.5909090909090908,-4
2291,182866,Nuke,FURIA,0.7222222222222222,-1
2292,183702,Nuke,FURIA,0.5652173913043479,2
2293,184051,Nuke,FURIA,0.6190476190476191,-81
2294,188959,Nuke,FURIA,0.2777777777777778,-11
2295,191606,Nuke,FURIA,0.4583333333333333,-3
2296,203672,Nuke,FURIA,0.5416666666666667,-3
2297,208220,Nuke,FURIA,0.5588235294117647,-6
2298,208316,Nuke,FURIA,0.5416666666666667,-2
2299,209685,Nuke,FURIA,0.6842105263157895,-5
2300,213847,Nuke,FURIA,0.5909090909090908,-1
2301,218211,Nuke,FURIA,0.5909090909090908,-12
2302,222320,Nuke,FURIA,0.2352941176470588,-10
2303,223712,Nuke,FURIA,0.4347826086956522,-1
2304,227835,Nuke,FURIA,0.1875,-8
2305,229003,Nuke,FURIA,0.4761904761904761,-2
2306,213281,Ancient,Vitality,0.4583333333333333,-1
2307,218218,Ancient,Vitality,0.5319148936170213,-10
2308,226722,Ancient,Vitality,0.5652173913043479,-2
2309,167162,Anubis,Vitality,0.8666666666666667,-1
2310,168102,Anubis,Vitality,0.6190476190476191,-6
2311,168131,Anubis,Vitality,0.5416666666666667,-8
2312,168212,Anubis,Vitality,0.7222222222222222,-6
2313,169654,Anubis,Vitality,0.6190476190476191,-9
2314,169992,Anubis,Vitality,0.7647058823529412,-22
2315,170095,Anubis,Vitality,0.5416666666666667,-19
2316,170713,Anubis,Vitality,0.2777777777777778,-6
2317,172401,Anubis,Vitality,0.5652173913043479,-7
2318,172562,Anubis,Vitality,0.8666666666666667,-6
2319,174317,Anubis,Vitality,0.5909090909090908,-26
2320,176400,Anubis,Vitality,0.7222222222222222,1
2321,176525,Anubis,Vitality,0.4666666666666667,-37
2322,176827,Anubis,Vitality,0.5517241379310345,-1
2323,177890,Anubis,Vitality,0.4347826086956522,-6
2324,177962,Anubis,Vitality,0.409090909090909,-1
2325,178171,Anubis,Vitality,0.409090909090909,-2
2326,180019,Anubis,Vitality,0.4347826086956522,-27
2327,181250,Anubis,Vitality,0.5909090909090908,-2
2328,184145,Anubis,Vitality,0.4347826086956522,-6
2329,184431,Anubis,Vitality,0.4666666666666667,-9
2330,185020,Anubis,Vitality,0.5714285714285715,-6
2331,185202,Anubis,Vitality,0.5909090909090908,-3
2332,186088,Anubis,Vitality,0.2777777777777778,-13
2333,187176,Anubis,Vitality,0.409090909090909,-1
2334,187228,Anubis,Vitality,0.4347826086956522,-5
2335,189188,Anubis,Vitality,0.7222222222222222,-14
2336,189569,Anubis,Vitality,0.35,-3
2337,190982,Anubis,Vitality,0.409090909090909,-9
2338,191564,Anubis,Vitality,0.4347826086956522,-1
2339,191650,Anubis,Vitality,0.6190476190476191,-10
2340,194372,Anubis,Vitality,0.35,-17
2341,195308,Anubis,Vitality,0.5909090909090908,-10
2342,195407,Anubis,Vitality,0.7647058823529412,-5
2343,195808,Anubis,Vitality,0.6842105263157895,-8
2344,196594,Anubis,Vitality,0.6842105263157895,1
2345,198041,Anubis,Vitality,0.8666666666666667,-25
2346,216862,Anubis,Vitality,0.5428571428571429,-33
2347,217425,Anubis,Vitality,0.7647058823529412,-2
2348,219161,Anubis,Vitality,0.6190476190476191,-9
2349,224510,Anubis,Vitality,0.5652173913043479,-7
2350,228134,Anubis,Vitality,0.5416666666666667,-1
2351,228774,Anubis,Vitality,0.4347826086956522,-22
2352,229034,Anubis,Vitality,0.4583333333333333,-1
2353,198599,Dust2,Vitality,0.6842105263157895,-24
2354,176397,Dust2,Vitality,0.6842105263157895,1
2355,176520,Dust2,Vitality,0.409090909090909,-37
2356,176653,Dust2,Vitality,0.8666666666666667,-4
2357,176730,Dust2,Vitality,0.6842105263157895,-2
2358,177881,Dust2,Vitality,0.4583333333333333,-6
2359,178056,Dust2,Vitality,0.5652173913043479,1
2360,178164,Dust2,Vitality,0.409090909090909,-2
2361,179027,Dust2,Vitality,0.7222222222222222,-24
2362,179265,Dust2,Vitality,0.2777777777777778,-5
2363,180029,Dust2,Vitality,0.7222222222222222,-27
2364,180107,Dust2,Vitality,0.5416666666666667,-6
2365,181244,Dust2,Vitality,0.5714285714285715,-2
2366,181374,Dust2,Vitality,0.6842105263157895,1
2367,181623,Dust2,Vitality,0.7222222222222222,-25
2368,181696,Dust2,Vitality,0.4347826086956522,3
2369,183850,Dust2,Vitality,0.8125,-14
2370,184153,Dust2,Vitality,0.5909090909090908,-6
2371,184887,Dust2,Vitality,0.7647058823529412,-8
2372,185208,Dust2,Vitality,0.35,-3
2373,187234,Dust2,Vitality,0.8125,-5
2374,187271,Dust2,Vitality,0.6842105263157895,-2
2375,187329,Dust2,Vitality,0.4347826086956522,1
2376,188313,Dust2,Vitality,0.5416666666666667,-3
2377,190354,Dust2,Vitality,0.5909090909090908,-50
2378,191570,Dust2,Vitality,0.5428571428571429,-1
2379,192180,Dust2,Vitality,0.6842105263157895,3
2380,195651,Dust2,Vitality,0.6842105263157895,-9
2381,194635,Dust2,Vitality,0.65,-14
2382,194847,Dust2,Vitality,0.65,-6
2383,195311,Dust2,Vitality,0.5909090909090908,-10
2384,195462,Dust2,Vitality,0.5909090909090908,-6
2385,195950,Dust2,Vitality,0.5416666666666667,-6
2386,196717,Dust2,Vitality,0.4583333333333333,-6
2387,198368,Dust2,Vitality,0.4285714285714286,-8
2388,198878,Dust2,Vitality,0.6842105263157895,-3
2389,200029,Dust2,Vitality,0.5416666666666667,-27
2390,201340,Dust2,Vitality,0.6842105263157895,-48
2391,201553,Dust2,Vitality,0.6842105263157895,-12
2392,202027,Dust2,Vitality,0.7647058823529412,-4
2393,200337,Dust2,Vitality,0.65,-3
2394,200375,Dust2,Vitality,0.5416666666666667,-2
2395,204420,Dust2,Vitality,0.7647058823529412,-38
2396,204574,Dust2,Vitality,0.6190476190476191,-15
2397,205642,Dust2,Vitality,0.5428571428571429,-16
2398,205825,Dust2,Vitality,0.5909090909090908,-3
2399,206003,Dust2,Vitality,0.65,-29
2400,206813,Dust2,Vitality,0.1875,-10
2401,209778,Dust2,Vitality,0.9285714285714286,-13
2402,209874,Dust2,Vitality,0.7222222222222222,-23
2403,210591,Dust2,Vitality,0.6190476190476191,-12
2404,210644,Dust2,Vitality,0.7222222222222222,-5
2405,212517,Dust2,Vitality,0.5416666666666667,-21
2406,212668,Dust2,Vitality,0.8666666666666667,-30
2407,213712,Dust2,Vitality,0.4583333333333333,-5
2408,215413,Dust2,Vitality,0.7647058823529412,-3
2409,215493,Dust2,Vitality,0.6190476190476191,-4
2410,215528,Dust2,Vitality,0.8125,-10
2411,216485,Dust2,Vitality,0.6842105263157895,-21
2412,217317,Dust2,Vitality,0.5416666666666667,-20
2413,217958,Dust2,Vitality,0.6190476190476191,-25
2414,218106,Dust2,Vitality,0.6842105263157895,-11
2415,218517,Dust2,Vitality,0.6842105263157895,-3
2416,219302,Dust2,Vitality,0.7647058823529412,-8
2417,219402,Dust2,Vitality,0.7222222222222222,-3
2418,220080,Dust2,Vitality,0.8125,-8
2419,220201,Dust2,Vitality,0.7647058823529412,-4
2420,224523,Dust2,Vitality,0.5652173913043479,-7
2421,226552,Dust2,Vitality,0.5416666666666667,-11
2422,226617,Dust2,Vitality,0.6842105263157895,-3
2423,226672,Dust2,Vitality,0.6842105263157895,-1
2424,226801,Dust2,Vitality,0.7222222222222222,-8
2425,227705,Dust2,Vitality,0.4583333333333333,-12
2426,227825,Dust2,Vitality,0.8125,-11
2427,228137,Dust2,Vitality,0.8125,-1
2428,228672,Dust2,Vitality,0.5652173913043479,-53
2429,228875,Dust2,Vitality,0.7222222222222222,-12
2430,228897,Dust2,Vitality,0.6190476190476191,-15
2431,229030,Dust2,Vitality,0.5416666666666667,-1
2432,198591,Inferno,Vitality,0.65,-24
2433,164516,Inferno,Vitality,0.4347826086956522,-6
2434,167111,Inferno,Vitality,0.5909090909090908,-27
2435,167169,Inferno,Vitality,0.65,-1
2436,167260,Inferno,Vitality,0.5416666666666667,-5
2437,168132,Inferno,Vitality,0.6190476190476191,-8
2438,168216,Inferno,Vitality,0.5909090909090908,-6
2439,168299,Inferno,Vitality,0.7222222222222222,1
2440,169480,Inferno,Vitality,0.65,-41
2441,169688,Inferno,Vitality,0.4347826086956522,-18
2442,170711,Inferno,Vitality,0.6190476190476191,-6
2443,172304,Inferno,Vitality,0.4347826086956522,-13
2444,172395,Inferno,Vitality,0.5428571428571429,-7
2445,172556,Inferno,Vitality,0.6190476190476191,-6
2446,172628,Inferno,Vitality,0.3809523809523809,-1
2447,175187,Inferno,Vitality,0.6190476190476191,-2
2448,175251,Inferno,Vitality,0.409090909090909,3
2449,176820,Inferno,Vitality,0.4571428571428572,-1
2450,177874,Inferno,Vitality,0.7222222222222222,-6
2451,177957,Inferno,Vitality,0.7647058823529412,-1
2452,178049,Inferno,Vitality,0.2352941176470588,1
2453,179258,Inferno,Vitality,0.35,-5
2454,181164,Inferno,Vitality,0.8125,-11
2455,181239,Inferno,Vitality,0.3809523809523809,-2
2456,181707,Inferno,Vitality,0.5909090909090908,3
2457,183704,Inferno,Vitality,0.5416666666666667,-95
2458,184450,Inferno,Vitality,0.4761904761904761,-9
2459,184882,Inferno,Vitality,1.0,-8
2460,186014,Inferno,Vitality,0.5277777777777778,-10
2461,186192,Inferno,Vitality,0.4347826086956522,-2
2462,187333,Inferno,Vitality,0.65,1
2463,188234,Inferno,Vitality,0.6190476190476191,-37
2464,190625,Inferno,Vitality,0.6842105263157895,-13
2465,191474,Inferno,Vitality,0.5428571428571429,-11
2466,191652,Inferno,Vitality,0.7222222222222222,-10
2467,195648,Inferno,Vitality,0.7647058823529412,-9
2468,194381,Inferno,Vitality,0.8125,-17
2469,194830,Inferno,Vitality,0.6842105263157895,-6
2470,195420,Inferno,Vitality,0.8666666666666667,-5
2471,195473,Inferno,Vitality,0.7222222222222222,-6
2472,195810,Inferno,Vitality,0.7222222222222222,-8
2473,196700,Inferno,Vitality,1.0,-6
2474,198158,Inferno,Vitality,0.6190476190476191,-8
2475,198360,Inferno,Vitality,0.8666666666666667,-8
2476,198658,Inferno,Vitality,0.5909090909090908,-2
2477,198873,Inferno,Vitality,0.409090909090909,-3
2478,200022,Inferno,Vitality,0.7222222222222222,-27
2479,201317,Inferno,Vitality,0.1875,-30
2480,201944,Inferno,Vitality,0.2352941176470588,-1
2481,202030,Inferno,Vitality,0.6842105263157895,-4
2482,200178,Inferno,Vitality,0.5652173913043479,-6
2483,200340,Inferno,Vitality,0.5416666666666667,-3
2484,200379,Inferno,Vitality,0.6190476190476191,-2
2485,203810,Inferno,Vitality,0.7222222222222222,-9
2486,203938,Inferno,Vitality,0.6190476190476191,-2
2487,205330,Inferno,Vitality,0.4583333333333333,-3
2488,205730,Inferno,Vitality,0.7647058823529412,-14
2489,205847,Inferno,Vitality,0.5909090909090908,-7
2490,206009,Inferno,Vitality,0.5652173913043479,-29
2491,206193,Inferno,Vitality,0.35,-12
2492,206422,Inferno,Vitality,0.7222222222222222,-6
2493,206695,Inferno,Vitality,0.6190476190476191,-1
2494,206832,Inferno,Vitality,0.4285714285714286,-10
2495,210091,Inferno,Vitality,0.8666666666666667,-4
2496,210508,Inferno,Vitality,0.65,-3
2497,210585,Inferno,Vitality,0.5909090909090908,-12
2498,210632,Inferno,Vitality,0.5652173913043479,-5
2499,212601,Inferno,Vitality,0.4634146341463414,-4
2500,212913,Inferno,Vitality,0.65,-13
2501,213127,Inferno,Vitality,0.5652173913043479,-4
2502,213286,Inferno,Vitality,0.4347826086956522,-1
2503,213554,Inferno,Vitality,0.5416666666666667,-20
2504,213642,Inferno,Vitality,0.2777777777777778,-1
2505,213779,Inferno,Vitality,0.4482758620689655,-2
2506,215057,Inferno,Vitality,0.8666666666666667,-14
2507,215139,Inferno,Vitality,0.5416666666666667,-5
2508,215531,Inferno,Vitality,0.5909090909090908,-10
2509,217307,Inferno,Vitality,0.5909090909090908,-20
2510,217414,Inferno,Vitality,0.4347826086956522,-2
2511,218099,Inferno,Vitality,0.6842105263157895,-11
2512,218565,Inferno,Vitality,0.6190476190476191,-1
2513,219151,Inferno,Vitality,0.3809523809523809,-9
2514,219411,Inferno,Vitality,0.6190476190476191,-3
2515,219919,Inferno,Vitality,0.6190476190476191,-10
2516,220212,Inferno,Vitality,0.5517241379310345,-4
2517,223752,Inferno,Vitality,0.5714285714285715,-4
2518,224345,Inferno,Vitality,0.7222222222222222,-8
2519,224499,Inferno,Vitality,0.65,-7
2520,226546,Inferno,Vitality,0.5517241379310345,-11
2521,229035,Inferno,Vitality,0.1875,-1
2522,164488,Mirage,Vitality,0.4666666666666667,-35
2523,167241,Mirage,Vitality,0.5517241379310345,-5
2524,169477,Mirage,Vitality,1.0,-41
2525,169528,Mirage,Vitality,0.4347826086956522,-18
2526,169690,Mirage,Vitality,0.5333333333333333,-18
2527,170091,Mirage,Vitality,0.4666666666666667,-19
2528,174226,Mirage,Vitality,0.8125,-83
2529,174313,Mirage,Vitality,0.7647058823529412,-26
2530,174488,Mirage,Vitality,0.5652173913043479,-12
2531,175171,Mirage,Vitality,0.409090909090909,-2
2532,175256,Mirage,Vitality,0.3809523809523809,3
2533,176738,Mirage,Vitality,0.5416666666666667,-2
2534,177976,Mirage,Vitality,0.7222222222222222,-1
2535,178060,Mirage,Vitality,0.6842105263157895,1
2536,178153,Mirage,Vitality,0.5416666666666667,-2
2537,179245,Mirage,Vitality,0.523809523809524,-5
2538,180023,Mirage,Vitality,0.5277777777777778,-27
2539,180495,Mirage,Vitality,0.5652173913043479,-4
2540,181169,Mirage,Vitality,0.8666666666666667,-11
2541,181701,Mirage,Vitality,0.523809523809524,3
2542,185215,Mirage,Vitality,0.4666666666666667,-3
2543,185962,Mirage,Vitality,0.8125,-21
2544,186085,Mirage,Vitality,0.4583333333333333,-13
2545,186186,Mirage,Vitality,0.65,-2
2546,187180,Mirage,Vitality,0.4583333333333333,-1
2547,187274,Mirage,Vitality,0.6842105263157895,-2
2548,187339,Mirage,Vitality,0.3809523809523809,1
2549,188309,Mirage,Vitality,0.7222222222222222,-3
2550,189116,Mirage,Vitality,0.65,-17
2551,189127,Mirage,Vitality,0.5517241379310345,-5
2552,189185,Mirage,Vitality,0.8125,-14
2553,189566,Mirage,Vitality,0.3809523809523809,-3
2554,190351,Mirage,Vitality,0.5416666666666667,-50
2555,190987,Mirage,Vitality,0.4583333333333333,-9
2556,192027,Mirage,Vitality,0.65,-4
2557,192189,Mirage,Vitality,0.5416666666666667,3
2558,195948,Mirage,Vitality,0.5416666666666667,-6
2559,196609,Mirage,Vitality,0.5652173913043479,1
2560,196707,Mirage,Vitality,0.4583333333333333,-6
2561,198098,Mirage,Vitality,0.7222222222222222,-10
2562,198154,Mirage,Vitality,0.5517241379310345,-8
2563,198273,Mirage,Vitality,0.8125,-6
2564,198388,Mirage,Vitality,0.4347826086956522,-8
2565,198651,Mirage,Vitality,0.409090909090909,-2
2566,198810,Mirage,Vitality,0.6190476190476191,-1
2567,198897,Mirage,Vitality,0.4666666666666667,-3
2568,201895,Mirage,Vitality,0.5909090909090908,-6
2569,201942,Mirage,Vitality,0.6190476190476191,-1
2570,202022,Mirage,Vitality,0.2777777777777778,-4
2571,200103,Mirage,Vitality,0.5909090909090908,-9
2572,200182,Mirage,Vitality,0.5416666666666667,-6
2573,200377,Mirage,Vitality,0.5909090909090908,-2
2574,203937,Mirage,Vitality,0.7222222222222222,-2
2575,204166,Mirage,Vitality,0.409090909090909,-1
2576,204418,Mirage,Vitality,0.7222222222222222,-38
2577,204565,Mirage,Vitality,0.5714285714285715,-15
2578,205311,Mirage,Vitality,0.35,-3
2579,205634,Mirage,Vitality,0.5416666666666667,-16
2580,205820,Mirage,Vitality,0.3809523809523809,-3
2581,206405,Mirage,Vitality,0.4722222222222222,-6
2582,206690,Mirage,Vitality,0.65,-1
2583,206820,Mirage,Vitality,0.6842105263157895,-10
2584,210103,Mirage,Vitality,0.5517241379310345,-4
2585,210567,Mirage,Vitality,0.4761904761904761,-12
2586,212518,Mirage,Vitality,0.7647058823529412,-21
2587,212695,Mirage,Vitality,0.5416666666666667,-8
2588,212921,Mirage,Vitality,0.65,-13
2589,213719,Mirage,Vitality,0.5517241379310345,-5
2590,215412,Mirage,Vitality,0.7222222222222222,-3
2591,215488,Mirage,Vitality,0.5277777777777778,-4
2592,217431,Mirage,Vitality,0.3157894736842105,-2
2593,218557,Mirage,Vitality,0.4583333333333333,-1
2594,219128,Mirage,Vitality,0.5416666666666667,-9
2595,219290,Mirage,Vitality,0.4347826086956522,-8
2596,220067,Mirage,Vitality,0.5517241379310345,-8
2597,223513,Mirage,Vitality,0.7647058823529412,-6
2598,223729,Mirage,Vitality,0.5909090909090908,-4
2599,226542,Mirage,Vitality,0.2777777777777778,-11
2600,226614,Mirage,Vitality,0.4347826086956522,-3
2601,226671,Mirage,Vitality,0.7647058823529412,-1
2602,226791,Mirage,Vitality,0.5517241379310345,-8
2603,227700,Mirage,Vitality,0.6842105263157895,-12
2604,227810,Mirage,Vitality,0.5517241379310345,-11
2605,228049,Mirage,Vitality,0.9285714285714286,-13
2606,228664,Mirage,Vitality,0.65,-53
2607,228894,Mirage,Vitality,0.7222222222222222,-15
2608,164520,Nuke,Vitality,0.409090909090909,-6
2609,167108,Nuke,Vitality,0.6842105263157895,-27
2610,167165,Nuke,Vitality,0.4482758620689655,-1
2611,167252,Nuke,Vitality,0.409090909090909,-5
2612,167320,Nuke,Vitality,0.5416666666666667,4
2613,168305,Nuke,Vitality,0.65,1
2614,169646,Nuke,Vitality,0.4571428571428572,-9
2615,169693,Nuke,Vitality,0.6842105263157895,-18
2616,169998,Nuke,Vitality,0.3809523809523809,-22
2617,170662,Nuke,Vitality,0.8666666666666667,-15
2618,170765,Nuke,Vitality,0.7647058823529412,-22
2619,172316,Nuke,Vitality,0.5909090909090908,-20
2620,172626,Nuke,Vitality,0.35,-1
2621,174493,Nuke,Vitality,0.6842105263157895,-12
2622,175131,Nuke,Vitality,0.8125,5
2623,175259,Nuke,Vitality,0.2777777777777778,3
2624,176381,Nuke,Vitality,0.5714285714285715,-18
2625,176643,Nuke,Vitality,0.6190476190476191,-4
2626,176831,Nuke,Vitality,0.3809523809523809,-1
2627,180103,Nuke,Vitality,0.65,-6
2628,180501,Nuke,Vitality,0.65,-4
2629,181620,Nuke,Vitality,0.6842105263157895,-25
2630,181691,Nuke,Vitality,0.5333333333333333,3
2631,183712,Nuke,Vitality,0.65,-95
2632,184149,Nuke,Vitality,0.7222222222222222,-6
2633,184439,Nuke,Vitality,0.7222222222222222,-9
2634,185028,Nuke,Vitality,0.5416666666666667,-6
2635,186018,Nuke,Vitality,0.6190476190476191,-10
2636,186190,Nuke,Vitality,0.4583333333333333,-2
2637,187236,Nuke,Vitality,0.5416666666666667,-5
2638,188256,Nuke,Vitality,0.8125,-31
2639,189564,Nuke,Vitality,0.6842105263157895,-3
2640,191483,Nuke,Vitality,0.5909090909090908,-11
2641,191558,Nuke,Vitality,0.8125,-1
2642,192037,Nuke,Vitality,0.5909090909090908,-4
2643,192186,Nuke,Vitality,0.7222222222222222,3
2644,195417,Nuke,Vitality,0.4666666666666667,-5
2645,195467,Nuke,Vitality,0.7647058823529412,-6
2646,196605,Nuke,Vitality,0.2777777777777778,1
2647,196723,Nuke,Vitality,0.65,-6
2648,198048,Nuke,Vitality,0.6190476190476191,-25
2649,198100,Nuke,Vitality,0.6190476190476191,-10
2650,198278,Nuke,Vitality,0.8125,-6
2651,198394,Nuke,Vitality,0.523809523809524,-8
2652,198816,Nuke,Vitality,0.5909090909090908,-1
2653,198902,Nuke,Vitality,0.6190476190476191,-3
2654,201373,Nuke,Vitality,0.8666666666666667,-13
2655,201898,Nuke,Vitality,0.5416666666666667,-6
2656,200105,Nuke,Vitality,0.5652173913043479,-9
2657,200180,Nuke,Vitality,0.35,-6
2658,203723,Nuke,Vitality,0.5416666666666667,-11
2659,205177,Nuke,Vitality,0.5428571428571429,-16
2660,205733,Nuke,Vitality,0.6190476190476191,-14
2661,205827,Nuke,Vitality,0.35,-3
2662,205853,Nuke,Vitality,0.1875,-7
2663,206196,Nuke,Vitality,0.7647058823529412,-12
2664,206417,Nuke,Vitality,0.5428571428571429,-6
2665,209670,Nuke,Vitality,0.3157894736842105,-15
2666,210516,Nuke,Vitality,0.65,-3
2667,212598,Nuke,Vitality,0.6190476190476191,-4
2668,212673,Nuke,Vitality,0.7222222222222222,-30
2669,212916,Nuke,Vitality,0.4666666666666667,-13
2670,213113,Nuke,Vitality,0.5517241379310345,-4
2671,213548,Nuke,Vitality,0.2352941176470588,-20
2672,213632,Nuke,Vitality,0.4583333333333333,-1
2673,213714,Nuke,Vitality,0.5428571428571429,-5
2674,213781,Nuke,Vitality,0.35,-2
2675,214992,Nuke,Vitality,0.35,-10
2676,215006,Nuke,Vitality,0.7647058823529412,-11
2677,215525,Nuke,Vitality,0.3157894736842105,-10
2678,218513,Nuke,Vitality,0.65,-3
2679,218576,Nuke,Vitality,0.8666666666666667,-1
2680,219312,Nuke,Vitality,0.7647058823529412,-8
2681,223250,Nuke,Vitality,0.7222222222222222,-32
2682,224364,Nuke,Vitality,0.7222222222222222,-8
2683,226496,Nuke,Vitality,0.7647058823529412,-72
2684,226619,Nuke,Vitality,0.4666666666666667,-3
2685,226798,Nuke,Vitality,0.5652173913043479,-8
2686,227711,Nuke,Vitality,0.5416666666666667,-12
2687,228124,Nuke,Vitality,0.5714285714285715,-1
2688,228791,Nuke,Vitality,0.3809523809523809,-22
2689,228868,Nuke,Vitality,0.5333333333333333,-12
2690,168110,Ancient,G2,0.5652173913043478,2
2691,172632,Ancient,G2,0.4583333333333333,3
2692,173070,Ancient,G2,0.3157894736842105,-32
2693,173261,Ancient,G2,0.5652173913043478,-6
2694,173468,Ancient,G2,0.65,-1
2695,174248,Ancient,G2,0.6842105263157895,-127
2696,174299,Ancient,G2,0.2352941176470588,-11
2697,174355,Ancient,G2,0.1333333333333333,-38
2698,174519,Ancient,G2,0.5238095238095238,-38
2699,176472,Ancient,G2,0.5652173913043478,2
2700,177897,Ancient,G2,0.6190476190476191,-1
2701,178989,Ancient,G2,0.5416666666666666,-5
2702,179208,Ancient,G2,0.7222222222222222,5
2703,179373,Ancient,G2,0.65,-1
2704,179479,Ancient,G2,0.5333333333333333,1
2705,180508,Ancient,G2,0.65,-12
2706,184593,Ancient,G2,0.3157894736842105,4
2707,184975,Ancient,G2,0.4090909090909091,4
2708,185303,Ancient,G2,0.5909090909090909,4
2709,187165,Ancient,G2,0.0,-6
2710,188521,Ancient,G2,0.5909090909090909,-2
2711,189556,Ancient,G2,0.3157894736842105,-5
2712,194566,Ancient,G2,0.5909090909090909,-2
2713,195029,Ancient,G2,0.3157894736842105,2
2714,195273,Ancient,G2,0.4583333333333333,-3
2715,195939,Ancient,G2,0.5909090909090909,-18
2716,195978,Ancient,G2,0.5416666666666666,-2
2717,197281,Ancient,G2,0.65,-23
2718,199329,Ancient,G2,0.6190476190476191,-10
2719,199504,Ancient,G2,0.4090909090909091,-11
2720,201632,Ancient,G2,0.3157894736842105,3
2721,200179,Ancient,G2,0.4583333333333333,-2
2722,204282,Ancient,G2,0.5652173913043478,-16
2723,204492,Ancient,G2,0.6190476190476191,8
2724,206290,Ancient,G2,0.4347826086956521,9
2725,206441,Ancient,G2,0.9285714285714286,8
2726,207861,Ancient,G2,0.65,-5
2727,207910,Ancient,G2,0.8666666666666667,-2
2728,208171,Ancient,G2,0.4090909090909091,7
2729,215180,Ancient,G2,0.2352941176470588,3
2730,217911,Ancient,G2,0.5416666666666666,3
2731,219519,Ancient,G2,0.5909090909090909,-12
2732,219688,Ancient,G2,0.4090909090909091,2
2733,221846,Ancient,G2,0.65,2
2734,222012,Ancient,G2,0.4090909090909091,4
2735,225017,Ancient,G2,0.8125,-53
2736,225521,Ancient,G2,0.65,-8
2737,228746,Ancient,G2,0.5714285714285714,5
2738,228823,Ancient,G2,0.8666666666666667,-7
2739,228975,Ancient,G2,0.4583333333333333,6
2740,164537,Ancient,G2,0.65,-13
2741,164606,Ancient,G2,0.5909090909090908,1
2742,164764,Ancient,G2,0.1875,-13
2743,167415,Ancient,G2,0.7222222222222222,-111
2744,167658,Ancient,G2,0.3157894736842105,-20
2745,170210,Ancient,G2,0.3157894736842105,4
2746,170438,Ancient,G2,0.5909090909090908,4
2747,174997,Ancient,G2,0.7647058823529412,-23
2748,180278,Ancient,G2,0.409090909090909,-1
2749,181275,Ancient,G2,0.8125,-3
2750,183275,Ancient,G2,0.6842105263157895,-14
2751,188458,Ancient,G2,0.4583333333333333,-20
2752,189181,Ancient,G2,0.6190476190476191,-14
2753,189625,Ancient,G2,0.3157894736842105,-4
2754,190481,Ancient,G2,0.4482758620689655,-23
2755,190631,Ancient,G2,0.3809523809523809,-19
2756,191544,Ancient,G2,0.5909090909090908,-9
2757,191614,Ancient,G2,0.4482758620689655,-3
2758,197361,Ancient,G2,0.5652173913043479,-15
2759,197643,Ancient,G2,0.3809523809523809,-3
2760,203874,Ancient,G2,0.6190476190476191,-5
2761,205695,Ancient,G2,0.409090909090909,3
2762,206383,Ancient,G2,0.6842105263157895,-17
2763,209261,Ancient,G2,0.1333333333333333,-13
2764,209359,Ancient,G2,0.4583333333333333,-38
2765,215256,Ancient,G2,0.5909090909090908,5
2766,218053,Ancient,G2,0.5909090909090908,-5
2767,221758,Ancient,G2,0.5652173913043479,-1
2768,223982,Ancient,G2,0.6842105263157895,-118
2769,225303,Ancient,G2,0.2777777777777778,-12
2770,225738,Ancient,G2,0.5416666666666667,-12
2771,224676,Ancient,G2,0.6842105263157895,-86
2772,224751,Ancient,G2,0.5909090909090908,-17
2773,227937,Ancient,G2,0.5909090909090908,-1
2774,228398,Ancient,G2,0.9285714285714286,-35
2775,167567,Anubis,G2,0.5333333333333333,-45
2776,168141,Anubis,G2,0.5517241379310345,-3
2777,169468,Anubis,G2,0.8666666666666667,-18
2778,169521,Anubis,G2,0.4090909090909091,3
2779,169662,Anubis,G2,0.5909090909090909,-18
2780,169954,Anubis,G2,0.4482758620689655,-14
2781,170120,Anubis,G2,0.6842105263157895,-3
2782,170369,Anubis,G2,0.8125,-39
2783,172434,Anubis,G2,0.6842105263157895,2
2784,172629,Anubis,G2,0.4482758620689655,3
2785,173076,Anubis,G2,0.5652173913043478,-32
2786,173150,Anubis,G2,0.6190476190476191,-29
2787,173427,Anubis,G2,0.6842105263157895,-4
2788,174305,Anubis,G2,0.35,-11
2789,176400,Anubis,G2,0.2777777777777778,-1
2790,176827,Anubis,G2,0.4482758620689655,1
2791,177900,Anubis,G2,0.2352941176470588,-1
2792,177962,Anubis,G2,0.5909090909090909,1
2793,180188,Anubis,G2,0.65,-11
2794,183549,Anubis,G2,0.6190476190476191,-18
2795,185202,Anubis,G2,0.4090909090909091,3
2796,187241,Anubis,G2,0.5517241379310345,-2
2797,187413,Anubis,G2,0.7222222222222222,-2
2798,199325,Anubis,G2,0.35,-10
2799,199444,Anubis,G2,0.3809523809523809,-51
2800,201547,Anubis,G2,0.5909090909090909,1
2801,217793,Anubis,G2,0.5333333333333333,-6
2802,218198,Anubis,G2,0.3809523809523809,3
2803,219161,Anubis,G2,0.3809523809523809,9
2804,221579,Anubis,G2,0.5652173913043478,-15
2805,222033,Anubis,G2,0.4347826086956521,4
2806,164535,Anubis,G2,0.65,-13
2807,164763,Anubis,G2,0.3809523809523809,-13
2808,168137,Anubis,G2,0.4482758620689655,4
2809,170104,Anubis,G2,0.35,-17
2810,170436,Anubis,G2,0.6190476190476191,4
2811,172345,Anubis,G2,0.409090909090909,-1
2812,172400,Anubis,G2,0.6190476190476191,-34
2813,174428,Anubis,G2,0.8125,-5
2814,175034,Anubis,G2,0.35,-25
2815,176380,Anubis,G2,0.5652173913043479,-7
2816,183267,Anubis,G2,0.4347826086956522,-14
2817,186022,Anubis,G2,0.2352941176470588,-5
2818,188446,Anubis,G2,0.7222222222222222,-20
2819,190895,Anubis,G2,0.8666666666666667,-25
2820,191070,Anubis,G2,0.4583333333333333,-11
2821,195875,Anubis,G2,0.4347826086956522,1
2822,197353,Anubis,G2,0.4347826086956522,-15
2823,197597,Anubis,G2,0.6190476190476191,-15
2824,222221,Anubis,G2,0.4583333333333333,1
2825,225725,Anubis,G2,0.4347826086956522,-12
2826,224667,Anubis,G2,0.8666666666666667,-86
2827,224767,Anubis,G2,0.4347826086956522,-17
2828,176397,Dust2,G2,0.3157894736842105,-1
2829,176530,Dust2,G2,0.4583333333333333,-10
2830,177899,Dust2,G2,0.35,-1
2831,179361,Dust2,G2,0.7647058823529411,-1
2832,181592,Dust2,G2,0.4090909090909091,2
2833,184973,Dust2,G2,0.4090909090909091,4
2834,185083,Dust2,G2,0.5909090909090909,2
2835,185208,Dust2,G2,0.65,3
2836,185312,Dust2,G2,0.5416666666666666,4
2837,185964,Dust2,G2,0.4347826086956521,-14
2838,187329,Dust2,G2,0.5652173913043478,-1
2839,187415,Dust2,G2,0.65,-2
2840,194582,Dust2,G2,0.4285714285714285,-2
2841,194814,Dust2,G2,0.6842105263157895,-16
2842,195980,Dust2,G2,0.7647058823529411,-2
2843,197278,Dust2,G2,0.7222222222222222,-23
2844,197524,Dust2,G2,0.5416666666666666,-4
2845,199447,Dust2,G2,0.8125,-51
2846,199501,Dust2,G2,0.5416666666666666,-11
2847,199653,Dust2,G2,0.4347826086956521,-31
2848,201343,Dust2,G2,0.6842105263157895,-12
2849,201640,Dust2,G2,0.4716981132075472,3
2850,200115,Dust2,G2,0.35,1
2851,204494,Dust2,G2,0.35,8
2852,206439,Dust2,G2,0.5517241379310345,8
2853,206813,Dust2,G2,0.8125,10
2854,207553,Dust2,G2,0.5652173913043478,-8
2855,208162,Dust2,G2,0.65,7
2856,209931,Dust2,G2,0.3809523809523809,3
2857,212676,Dust2,G2,0.9285714285714286,-13
2858,215005,Dust2,G2,0.65,-2
2859,215185,Dust2,G2,0.3157894736842105,3
2860,217730,Dust2,G2,0.6842105263157895,-7
2861,217905,Dust2,G2,0.8666666666666667,3
2862,218212,Dust2,G2,0.4482758620689655,3
2863,218425,Dust2,G2,0.35,6
2864,219230,Dust2,G2,0.2352941176470588,5
2865,219672,Dust2,G2,0.35,2
2866,221038,Dust2,G2,0.7222222222222222,-67
2867,221236,Dust2,G2,0.3809523809523809,-22
2868,221354,Dust2,G2,0.5909090909090909,-19
2869,221593,Dust2,G2,0.5517241379310345,-15
2870,221826,Dust2,G2,0.35,2
2871,224060,Dust2,G2,0.7222222222222222,-31
2872,225024,Dust2,G2,0.6842105263157895,-53
2873,226552,Dust2,G2,0.4583333333333333,11
2874,226618,Dust2,G2,0.4583333333333333,3
2875,227825,Dust2,G2,0.1875,11
2876,228474,Dust2,G2,0.5333333333333333,1
2877,228587,Dust2,G2,0.1333333333333333,4
2878,228740,Dust2,G2,0.4583333333333333,5
2879,228828,Dust2,G2,0.7647058823529411,-7
2880,228972,Dust2,G2,0.3157894736842105,6
2881,176661,Dust2,G2,0.6190476190476191,4
2882,176757,Dust2,G2,0.6190476190476191,-9
2883,181255,Dust2,G2,0.9285714285714286,-3
2884,184871,Dust2,G2,0.65,-1
2885,188404,Dust2,G2,0.5517241379310345,-46
2886,188451,Dust2,G2,0.3157894736842105,-20
2887,190486,Dust2,G2,0.5416666666666667,-23
2888,190636,Dust2,G2,0.6842105263157895,-19
2889,190897,Dust2,G2,0.8125,-25
2890,191074,Dust2,G2,0.5909090909090908,-11
2891,191549,Dust2,G2,0.35,-9
2892,197342,Dust2,G2,0.5714285714285715,-15
2893,197603,Dust2,G2,0.5909090909090908,-15
2894,199556,Dust2,G2,0.65,-14
2895,200168,Dust2,G2,0.4347826086956522,-5
2896,203715,Dust2,G2,0.5416666666666667,1
2897,203953,Dust2,G2,0.3157894736842105,1
2898,206650,Dust2,G2,0.5588235294117647,4
2899,209253,Dust2,G2,0.65,-13
2900,209794,Dust2,G2,0.6190476190476191,1
2901,210199,Dust2,G2,0.3157894736842105,-4
2902,215260,Dust2,G2,0.4347826086956522,5
2903,218045,Dust2,G2,0.5909090909090908,-5
2904,221750,Dust2,G2,0.9285714285714286,-1
2905,222308,Dust2,G2,0.4583333333333333,-3
2906,223974,Dust2,G2,0.8125,-118
2907,225749,Dust2,G2,0.5909090909090908,-12
2908,224776,Dust2,G2,0.5909090909090908,-76
2909,226597,Dust2,G2,0.9285714285714286,-3
2910,227722,Dust2,G2,0.7222222222222222,2
2911,227927,Dust2,G2,0.4583333333333333,-1
2912,167733,Inferno,G2,0.7647058823529411,-35
2913,168145,Inferno,G2,0.4583333333333333,-3
2914,169516,Inferno,G2,0.5652173913043478,3
2915,169696,Inferno,G2,0.4090909090909091,3
2916,172433,Inferno,G2,0.5416666666666666,2
2917,172612,Inferno,G2,0.5909090909090909,1
2918,173078,Inferno,G2,0.4090909090909091,-32
2919,173156,Inferno,G2,0.5416666666666666,-29
2920,174254,Inferno,G2,0.5652173913043478,-127
2921,174361,Inferno,G2,0.5428571428571428,-38
2922,174524,Inferno,G2,0.6842105263157895,-38
2923,175088,Inferno,G2,0.8125,2
2924,176467,Inferno,G2,0.6190476190476191,2
2925,176534,Inferno,G2,0.6190476190476191,-10
2926,176820,Inferno,G2,0.5428571428571428,1
2927,177957,Inferno,G2,0.2352941176470588,1
2928,179009,Inferno,G2,0.5517241379310345,-5
2929,179488,Inferno,G2,0.3157894736842105,1
2930,180196,Inferno,G2,0.5416666666666666,-11
2931,180515,Inferno,G2,0.6190476190476191,-12
2932,181118,Inferno,G2,0.4347826086956521,-24
2933,183125,Inferno,G2,0.65,-38
2934,183553,Inferno,G2,0.6190476190476191,-18
2935,184525,Inferno,G2,0.8125,-3
2936,184587,Inferno,G2,0.3809523809523809,4
2937,185323,Inferno,G2,0.65,4
2938,187169,Inferno,G2,0.6842105263157895,-6
2939,187333,Inferno,G2,0.35,-1
2940,189114,Inferno,G2,0.4347826086956521,-7
2941,191488,Inferno,G2,0.4090909090909091,-12
2942,195732,Inferno,G2,0.5416666666666666,-24
2943,194457,Inferno,G2,0.6190476190476191,-8
2944,195144,Inferno,G2,0.5416666666666666,-9
2945,195267,Inferno,G2,0.5416666666666666,-3
2946,195940,Inferno,G2,0.5416666666666666,-18
2947,196387,Inferno,G2,0.3809523809523809,-3
2948,197236,Inferno,G2,0.5714285714285714,-8
2949,199511,Inferno,G2,0.5652173913043478,-11
2950,200036,Inferno,G2,0.5909090909090909,-27
2951,201554,Inferno,G2,0.4571428571428571,1
2952,200113,Inferno,G2,0.2352941176470588,1
2953,203810,Inferno,G2,0.2777777777777778,9
2954,206091,Inferno,G2,0.8125,-6
2955,206832,Inferno,G2,0.5714285714285714,10
2956,207562,Inferno,G2,0.6190476190476191,-8
2957,207916,Inferno,G2,0.5652173913043478,-2
2958,209022,Inferno,G2,0.8125,-152
2959,210091,Inferno,G2,0.1333333333333333,4
2960,212674,Inferno,G2,0.5909090909090909,-13
2961,217787,Inferno,G2,0.3157894736842105,-6
2962,219151,Inferno,G2,0.6190476190476191,9
2963,219225,Inferno,G2,0.3809523809523809,5
2964,219416,Inferno,G2,0.5652173913043478,-7
2965,221046,Inferno,G2,0.5652173913043478,-67
2966,221228,Inferno,G2,0.4666666666666667,-22
2967,221477,Inferno,G2,0.4666666666666667,-7
2968,225507,Inferno,G2,0.5333333333333333,-8
2969,226497,Inferno,G2,0.3809523809523809,-18
2970,226546,Inferno,G2,0.4482758620689655,11
2971,228479,Inferno,G2,0.35,1
2972,228591,Inferno,G2,0.4411764705882353,4
2973,167407,Inferno,G2,0.65,-111
2974,168135,Inferno,G2,0.65,4
2975,170206,Inferno,G2,0.409090909090909,4
2976,172309,Inferno,G2,0.8125,-6
2977,172394,Inferno,G2,0.65,-34
2978,174988,Inferno,G2,0.5428571428571429,-23
2979,175038,Inferno,G2,0.6842105263157895,-25
2980,176754,Inferno,G2,0.5416666666666667,-9
2981,184875,Inferno,G2,0.3157894736842105,-1
2982,189251,Inferno,G2,0.7647058823529412,-4
2983,190485,Inferno,G2,0.6842105263157895,-23
2984,191621,Inferno,G2,0.5652173913043479,-3
2985,195880,Inferno,G2,0.4347826086956522,1
2986,201377,Inferno,G2,0.7647058823529412,2
2987,200164,Inferno,G2,0.8125,-5
2988,203720,Inferno,G2,0.6190476190476191,1
2989,203876,Inferno,G2,0.6842105263157895,-5
2990,203958,Inferno,G2,0.4666666666666667,1
2991,206647,Inferno,G2,0.7222222222222222,4
2992,206712,Inferno,G2,0.7222222222222222,5
2993,207769,Inferno,G2,0.35,5
2994,209362,Inferno,G2,0.8666666666666667,-38
2995,210192,Inferno,G2,0.4583333333333333,-4
2996,212520,Inferno,G2,0.6190476190476191,-1
2997,215087,Inferno,G2,0.3157894736842105,7
2998,215259,Inferno,G2,0.2352941176470588,5
2999,224773,Inferno,G2,0.6842105263157895,-76
3000,226594,Inferno,G2,0.6842105263157895,-3
3001,228400,Inferno,G2,0.7222222222222222,-35
3002,167558,Mirage,G2,0.1875,-45
3003,167725,Mirage,G2,0.1875,-35
3004,169699,Mirage,G2,0.2777777777777778,3
3005,177976,Mirage,G2,0.2777777777777778,1
3006,179190,Mirage,G2,0.6190476190476191,5
3007,181193,Mirage,G2,0.9285714285714286,3
3008,181365,Mirage,G2,0.9285714285714286,-20
3009,181596,Mirage,G2,0.3809523809523809,2
3010,183135,Mirage,G2,0.5652173913043478,-38
3011,184532,Mirage,G2,0.2777777777777778,-3
3012,185098,Mirage,G2,0.5517241379310345,2
3013,185215,Mirage,G2,0.5333333333333333,3
3014,185318,Mirage,G2,0.4583333333333333,4
3015,187173,Mirage,G2,0.6842105263157895,-6
3016,187250,Mirage,G2,0.5652173913043478,-2
3017,187339,Mirage,G2,0.6190476190476191,-1
3018,187409,Mirage,G2,0.65,-2
3019,188525,Mirage,G2,0.2777777777777778,-2
3020,189558,Mirage,G2,0.5517241379310345,-5
3021,191493,Mirage,G2,0.4666666666666667,-12
3022,195730,Mirage,G2,0.6190476190476191,-24
3023,194596,Mirage,G2,0.4347826086956521,-2
3024,195014,Mirage,G2,0.4090909090909091,2
3025,197230,Mirage,G2,0.6190476190476191,-8
3026,197528,Mirage,G2,0.5909090909090909,-4
3027,201539,Mirage,G2,0.4347826086956521,1
3028,200181,Mirage,G2,0.5652173913043478,-2
3029,204285,Mirage,G2,0.5238095238095238,-16
3030,204489,Mirage,G2,0.4583333333333333,8
3031,206294,Mirage,G2,0.4347826086956521,9
3032,206435,Mirage,G2,0.4583333333333333,8
3033,206820,Mirage,G2,0.3157894736842105,10
3034,208157,Mirage,G2,0.4583333333333333,7
3035,209947,Mirage,G2,0.4090909090909091,3
3036,210103,Mirage,G2,0.4482758620689655,4
3037,212695,Mirage,G2,0.4583333333333333,8
3038,214988,Mirage,G2,0.6190476190476191,-13
3039,217733,Mirage,G2,0.8125,-7
3040,217782,Mirage,G2,0.6190476190476191,-6
3041,219128,Mirage,G2,0.4583333333333333,9
3042,219219,Mirage,G2,0.6190476190476191,5
3043,219422,Mirage,G2,0.5909090909090909,-7
3044,219513,Mirage,G2,0.6842105263157895,-12
3045,221336,Mirage,G2,0.4090909090909091,-19
3046,221491,Mirage,G2,0.4285714285714285,-7
3047,221835,Mirage,G2,0.7222222222222222,2
3048,224066,Mirage,G2,0.4722222222222222,-31
3049,226499,Mirage,G2,0.6190476190476191,-18
3050,226542,Mirage,G2,0.7222222222222222,11
3051,226613,Mirage,G2,0.35,3
3052,227810,Mirage,G2,0.4482758620689655,11
3053,228476,Mirage,G2,0.4347826086956521,1
3054,228732,Mirage,G2,0.7222222222222222,5
3055,170102,Mirage,G2,0.3809523809523809,-17
3056,180290,Mirage,G2,0.6842105263157895,-1
3057,181263,Mirage,G2,0.4347826086956522,-3
3058,184878,Mirage,G2,0.5909090909090908,-1
3059,186026,Mirage,G2,0.3157894736842105,-5
3060,189143,Mirage,G2,0.7222222222222222,-17
3061,189258,Mirage,G2,0.8125,-4
3062,190634,Mirage,G2,0.5909090909090908,-19
3063,191554,Mirage,G2,0.5416666666666667,-9
3064,197638,Mirage,G2,0.2777777777777778,-3
3065,199560,Mirage,G2,0.7647058823529412,-14
3066,206374,Mirage,G2,0.7647058823529412,-17
3067,206730,Mirage,G2,0.7222222222222222,5
3068,209245,Mirage,G2,0.409090909090909,-13
3069,209368,Mirage,G2,0.7647058823529412,-38
3070,218038,Mirage,G2,0.409090909090909,-5
3071,222210,Mirage,G2,0.4347826086956522,1
3072,222300,Mirage,G2,0.7647058823529412,-3
3073,225290,Mirage,G2,0.7222222222222222,-12
3074,224734,Mirage,G2,0.4583333333333333,-17
3075,227947,Mirage,G2,0.4482758620689655,-1
3076,164495,Nuke,G2,0.5416666666666666,-26
3077,168147,Nuke,G2,0.3157894736842105,-3
3078,169959,Nuke,G2,0.6842105263157895,-14
3079,170114,Nuke,G2,0.7647058823529411,-3
3080,170134,Nuke,G2,0.6190476190476191,-14
3081,172327,Nuke,G2,0.4583333333333333,3
3082,172631,Nuke,G2,0.65,3
3083,173264,Nuke,G2,0.5517241379310345,-6
3084,173467,Nuke,G2,0.3809523809523809,-1
3085,175092,Nuke,G2,0.2352941176470588,2
3086,176470,Nuke,G2,0.2777777777777778,2
3087,176537,Nuke,G2,0.5416666666666666,-10
3088,176831,Nuke,G2,0.6190476190476191,1
3089,179202,Nuke,G2,0.4666666666666667,5
3090,179483,Nuke,G2,0.3157894736842105,1
3091,181114,Nuke,G2,0.2777777777777778,-24
3092,181189,Nuke,G2,0.8125,3
3093,181358,Nuke,G2,0.6842105263157895,-20
3094,184533,Nuke,G2,0.8125,-3
3095,184591,Nuke,G2,0.5416666666666666,4
3096,188388,Nuke,G2,0.65,-42
3097,188531,Nuke,G2,0.5333333333333333,-2
3098,189557,Nuke,G2,0.5909090909090909,-5
3099,194445,Nuke,G2,0.7222222222222222,-8
3100,194807,Nuke,G2,0.7222222222222222,-16
3101,195152,Nuke,G2,0.5909090909090909,-9
3102,195270,Nuke,G2,0.3809523809523809,-3
3103,196397,Nuke,G2,0.1875,-3
3104,199335,Nuke,G2,0.4583333333333333,-10
3105,199451,Nuke,G2,0.4090909090909091,-51
3106,199654,Nuke,G2,0.4347826086956521,-31
3107,200034,Nuke,G2,0.6842105263157895,-27
3108,200183,Nuke,G2,0.4347826086956521,-2
3109,167411,Nuke,G2,0.4347826086956522,-111
3110,167660,Nuke,G2,0.1333333333333333,-20
3111,168136,Nuke,G2,0.4347826086956522,4
3112,170390,Nuke,G2,0.5517241379310345,-8
3113,173061,Nuke,G2,0.5652173913043479,-47
3114,174433,Nuke,G2,0.7222222222222222,-5
3115,175028,Nuke,G2,0.5652173913043479,-25
3116,176664,Nuke,G2,0.8666666666666667,4
3117,180285,Nuke,G2,0.6842105263157895,-1
3118,183284,Nuke,G2,0.65,-14
3119,189628,Nuke,G2,0.4666666666666667,-4
3120,191077,Nuke,G2,0.4347826086956522,-11
3121,191623,Nuke,G2,0.3809523809523809,-3
3122,197642,Nuke,G2,0.35,-3
3123,201322,Nuke,G2,0.2777777777777778,-6
3124,200171,Nuke,G2,0.5909090909090908,-5
3125,164724,Ancient,9z,0.5416666666666666,-3
3126,165071,Ancient,9z,0.4090909090909091,6
3127,165495,Ancient,9z,0.4583333333333333,6
3128,167163,Ancient,9z,0.4090909090909091,-28
3129,167225,Ancient,9z,0.4347826086956521,-36
3130,167265,Ancient,9z,0.2352941176470588,-86
3131,169046,Ancient,9z,0.6190476190476191,-35
3132,169060,Ancient,9z,0.4347826086956521,11
3133,169138,Ancient,9z,0.0714285714285714,11
3134,169440,Ancient,9z,0.5416666666666666,-91
3135,169928,Ancient,9z,0.5517241379310345,-26
3136,170014,Ancient,9z,0.5416666666666666,-32
3137,170459,Ancient,9z,0.9285714285714286,-55
3138,175980,Ancient,9z,0.6842105263157895,-51
3139,170732,Ancient,9z,0.6842105263157895,-162
3140,170831,Ancient,9z,0.3157894736842105,30
3141,170854,Ancient,9z,0.5652173913043478,-1
3142,170860,Ancient,9z,0.5416666666666666,30
3143,175987,Ancient,9z,0.8125,-74
3144,175146,Ancient,9z,0.7222222222222222,-149
3145,175910,Ancient,9z,0.65,-9
3146,175546,Ancient,9z,0.5909090909090909,-9
3147,176995,Ancient,9z,0.6190476190476191,-64
3148,177260,Ancient,9z,0.3809523809523809,-3
3149,178089,Ancient,9z,0.4347826086956521,-30
3150,178143,Ancient,9z,0.7222222222222222,-47
3151,181028,Ancient,9z,0.5517241379310345,-9
3152,183262,Ancient,9z,0.6842105263157895,-27
3153,183428,Ancient,9z,0.4347826086956521,2
3154,185200,Ancient,9z,0.7222222222222222,-91
3155,186013,Ancient,9z,0.6842105263157895,15
3156,186464,Ancient,9z,0.3157894736842105,-28
3157,186495,Ancient,9z,0.6842105263157895,-23
3158,186548,Ancient,9z,0.3157894736842105,-28
3159,186781,Ancient,9z,0.7647058823529411,-6
3160,186792,Ancient,9z,0.35,-13
3161,187929,Ancient,9z,0.8125,-7
3162,193052,Ancient,9z,0.2352941176470588,-92
3163,194724,Ancient,9z,0.5517241379310345,-60
3164,194939,Ancient,9z,0.8125,5
3165,195166,Ancient,9z,0.4583333333333333,28
3166,195226,Ancient,9z,0.65,46
3167,194929,Ancient,9z,0.3157894736842105,-84
3168,196282,Ancient,9z,0.7222222222222222,-75
3169,202660,Ancient,9z,0.7222222222222222,-1
3170,202953,Ancient,9z,0.5652173913043478,-19
3171,202976,Ancient,9z,0.5238095238095238,44
3172,203288,Ancient,9z,0.65,44
3173,203372,Ancient,9z,0.4090909090909091,8
3174,203885,Ancient,9z,0.6190476190476191,-60
3175,204228,Ancient,9z,0.6842105263157895,-33
3176,204252,Ancient,9z,0.5416666666666666,27
3177,204298,Ancient,9z,0.3157894736842105,-10
3178,204111,Ancient,9z,0.0714285714285714,19
3179,205972,Ancient,9z,0.3809523809523809,-10
3180,205584,Ancient,9z,0.65,19
3181,205587,Ancient,9z,0.4347826086956521,22
3182,206429,Ancient,9z,0.8125,-10
3183,207265,Ancient,9z,0.7647058823529411,32
3184,207731,Ancient,9z,0.1333333333333333,-27
3185,208962,Ancient,9z,0.7222222222222222,-109
3186,210655,Ancient,9z,0.5333333333333333,-11
3187,210831,Ancient,9z,0.2777777777777778,55
3188,210984,Ancient,9z,0.5428571428571428,26
3189,211086,Ancient,9z,0.4583333333333333,55
3190,211614,Ancient,9z,0.5909090909090909,-70
3191,211891,Ancient,9z,0.6842105263157895,-17
3192,213699,Ancient,9z,0.35,-15
3193,213793,Ancient,9z,0.5652173913043478,-43
3194,213109,Ancient,9z,0.4583333333333333,-15
3195,214096,Ancient,9z,0.0714285714285714,-40
3196,215963,Ancient,9z,0.5652173913043478,-112
3197,217331,Ancient,9z,0.7222222222222222,-44
3198,216804,Ancient,9z,0.65,-23
3199,217865,Ancient,9z,0.4090909090909091,-30
3200,218210,Ancient,9z,0.7222222222222222,-26
3201,219045,Ancient,9z,0.5652173913043478,-34
3202,220548,Ancient,9z,0.5909090909090909,1
3203,220736,Ancient,9z,0.35,9
3204,221005,Ancient,9z,0.5652173913043478,10
3205,221117,Ancient,9z,0.5909090909090909,2
3206,221900,Ancient,9z,0.6190476190476191,-9
3207,224182,Ancient,9z,0.4583333333333333,-81
3208,224195,Ancient,9z,0.4583333333333333,-18
3209,224954,Ancient,9z,0.7647058823529411,-181
3210,225590,Ancient,9z,0.8666666666666667,-42
3211,227418,Ancient,9z,0.5416666666666666,2
3212,228431,Ancient,9z,0.6190476190476191,11
3213,228616,Ancient,9z,0.5909090909090909,7
3214,228988,Ancient,9z,0.4583333333333333,-28
3215,175433,Ancient,9z,0.7222222222222222,-89
3216,209700,Ancient,9z,0.5333333333333333,28
3217,164725,Anubis,9z,0.4347826086956521,-3
3218,165296,Anubis,9z,0.7647058823529411,-4
3219,169039,Anubis,9z,0.4583333333333333,-35
3220,169410,Anubis,9z,0.5714285714285714,-54
3221,169585,Anubis,9z,0.5652173913043478,-26
3222,170007,Anubis,9z,0.5909090909090909,-32
3223,173992,Anubis,9z,0.35,20
3224,175058,Anubis,9z,0.9285714285714286,-33
3225,175278,Anubis,9z,0.35,30
3226,175641,Anubis,9z,0.4347826086956521,-21
3227,175913,Anubis,9z,0.4347826086956521,-9
3228,175536,Anubis,9z,0.35,-33
3229,175632,Anubis,9z,0.2777777777777778,26
3230,176410,Anubis,9z,0.4090909090909091,28
3231,176525,Anubis,9z,0.5333333333333333,37
3232,177255,Anubis,9z,0.5416666666666666,-3
3233,177548,Anubis,9z,0.2777777777777778,-10
3234,178147,Anubis,9z,0.6190476190476191,-47
3235,178197,Anubis,9z,0.5517241379310345,-7
3236,179740,Anubis,9z,0.5416666666666666,-66
3237,179843,Anubis,9z,0.4285714285714285,-19
3238,181192,Anubis,9z,0.5416666666666666,-12
3239,183122,Anubis,9z,0.4583333333333333,-6
3240,188139,Anubis,9z,0.3809523809523809,17
3241,193043,Anubis,9z,0.4482758620689655,-92
3242,195067,Anubis,9z,0.6190476190476191,5
3243,195214,Anubis,9z,0.35,46
3244,194934,Anubis,9z,0.4583333333333333,-84
3245,196261,Anubis,9z,0.4090909090909091,-75
3246,196611,Anubis,9z,0.3157894736842105,40
3247,224771,Anubis,9z,0.5416666666666666,1
3248,227452,Anubis,9z,0.4583333333333333,2
3249,180837,Anubis,9z,0.8125,-5
3250,174964,Dust2,9z,0.5652173913043478,-107
3251,175274,Dust2,9z,0.5652173913043478,30
3252,175356,Dust2,9z,0.7647058823529411,-39
3253,175645,Dust2,9z,0.6190476190476191,-21
3254,175822,Dust2,9z,0.65,-12
3255,175899,Dust2,9z,0.5909090909090909,-9
3256,175407,Dust2,9z,0.5909090909090909,-39
3257,175622,Dust2,9z,0.6842105263157895,26
3258,176413,Dust2,9z,0.5416666666666666,28
3259,176520,Dust2,9z,0.5909090909090909,37
3260,176757,Dust2,9z,0.3809523809523809,9
3261,177101,Dust2,9z,0.4090909090909091,-39
3262,177541,Dust2,9z,0.2352941176470588,-10
3263,178193,Dust2,9z,0.8125,-7
3264,178278,Dust2,9z,0.5652173913043478,-20
3265,179732,Dust2,9z,0.4347826086956521,-66
3266,181120,Dust2,9z,0.4347826086956521,5
3267,181198,Dust2,9z,0.3809523809523809,-12
3268,182167,Dust2,9z,0.35,-1
3269,182289,Dust2,9z,0.4090909090909091,-1
3270,185089,Dust2,9z,0.8666666666666667,-90
3271,185203,Dust2,9z,0.3157894736842105,-91
3272,185227,Dust2,9z,0.4722222222222222,8
3273,186789,Dust2,9z,0.4347826086956521,-6
3274,187911,Dust2,9z,0.65,-3
3275,188051,Dust2,9z,0.0,10
3276,188142,Dust2,9z,0.4347826086956521,17
3277,191877,Dust2,9z,0.3809523809523809,-60
3278,195170,Dust2,9z,0.5416666666666666,28
3279,195222,Dust2,9z,0.7222222222222222,46
3280,197081,Dust2,9z,0.8666666666666667,-84
3281,197152,Dust2,9z,0.5909090909090909,-62
3282,198733,Dust2,9z,0.6190476190476191,14
3283,198738,Dust2,9z,0.4583333333333333,39
3284,202291,Dust2,9z,0.9285714285714286,-2
3285,202669,Dust2,9z,0.5909090909090909,-1
3286,202676,Dust2,9z,0.35,-23
3287,203225,Dust2,9z,0.8125,-1
3288,203833,Dust2,9z,0.7222222222222222,-144
3289,203886,Dust2,9z,0.5909090909090909,-60
3290,204250,Dust2,9z,0.6190476190476191,27
3291,204283,Dust2,9z,0.5714285714285714,-27
3292,204297,Dust2,9z,0.2777777777777778,-10
3293,205974,Dust2,9z,0.6842105263157895,-10
3294,205351,Dust2,9z,0.6842105263157895,-46
3295,206430,Dust2,9z,0.4583333333333333,-10
3296,207074,Dust2,9z,0.5416666666666666,46
3297,207738,Dust2,9z,0.5652173913043478,-27
3298,208609,Dust2,9z,0.5416666666666666,-10
3299,208712,Dust2,9z,0.4090909090909091,-38
3300,210650,Dust2,9z,0.35,-11
3301,210826,Dust2,9z,0.1875,55
3302,214097,Dust2,9z,0.5517241379310345,-40
3303,215951,Dust2,9z,0.7222222222222222,-148
3304,217218,Dust2,9z,0.4583333333333333,-103
3305,217188,Dust2,9z,0.5333333333333333,-44
3306,217396,Dust2,9z,0.8125,-56
3307,217453,Dust2,9z,0.4666666666666667,-28
3308,216788,Dust2,9z,0.7647058823529411,-182
3309,216808,Dust2,9z,0.8125,-23
3310,218446,Dust2,9z,0.8125,-70
3311,219044,Dust2,9z,0.65,-34
3312,218416,Dust2,9z,0.7222222222222222,-13
3313,218505,Dust2,9z,0.5909090909090909,25
3314,220975,Dust2,9z,0.4583333333333333,-19
3315,221530,Dust2,9z,0.65,-14
3316,223449,Dust2,9z,0.4583333333333333,29
3317,223620,Dust2,9z,0.3157894736842105,27
3318,224196,Dust2,9z,0.8666666666666667,-18
3319,224532,Dust2,9z,0.5909090909090909,-7
3320,224629,Dust2,9z,0.6190476190476191,16
3321,224768,Dust2,9z,0.4285714285714285,1
3322,225321,Dust2,9z,0.4347826086956521,-42
3323,225576,Dust2,9z,0.6190476190476191,-42
3324,226919,Dust2,9z,0.6842105263157895,-198
3325,227033,Dust2,9z,0.8125,-210
3326,227264,Dust2,9z,0.6190476190476191,-210
3327,227424,Dust2,9z,0.2352941176470588,2
3328,228532,Dust2,9z,0.9285714285714286,13
3329,228981,Dust2,9z,0.4090909090909091,-28
3330,185126,Dust2,9z,0.4482758620689655,-2
3331,203344,Dust2,9z,0.409090909090909,-11
3332,165076,Inferno,9z,0.4583333333333333,6
3333,167224,Inferno,9z,0.5909090909090909,-36
3334,169068,Inferno,9z,0.6842105263157895,11
3335,169237,Inferno,9z,0.5319148936170213,-118
3336,169330,Inferno,9z,0.35,-52
3337,170821,Inferno,9z,0.5333333333333333,-1
3338,170853,Inferno,9z,0.5909090909090909,-1
3339,173840,Inferno,9z,0.3157894736842105,33
3340,175143,Inferno,9z,0.5652173913043478,-149
3341,175351,Inferno,9z,0.1875,-39
3342,175400,Inferno,9z,0.6842105263157895,-39
3343,176754,Inferno,9z,0.4583333333333333,9
3344,176992,Inferno,9z,0.4583333333333333,-64
3345,178257,Inferno,9z,0.7647058823529411,-38
3346,178280,Inferno,9z,0.7647058823529411,-20
3347,181122,Inferno,9z,0.2777777777777778,5
3348,182232,Inferno,9z,0.4347826086956521,-12
3349,185079,Inferno,9z,0.5517241379310345,-90
3350,185237,Inferno,9z,0.4090909090909091,8
3351,186017,Inferno,9z,0.4583333333333333,15
3352,186786,Inferno,9z,0.3809523809523809,-6
3353,187994,Inferno,9z,0.3157894736842105,-9
3354,195168,Inferno,9z,0.6190476190476191,28
3355,197151,Inferno,9z,0.4090909090909091,-62
3356,198735,Inferno,9z,0.5652173913043478,14
3357,202793,Inferno,9z,0.6190476190476191,-48
3358,202868,Inferno,9z,0.7222222222222222,-65
3359,203295,Inferno,9z,0.5416666666666666,44
3360,203305,Inferno,9z,0.4090909090909091,36
3361,205243,Inferno,9z,0.6190476190476191,-37
3362,205520,Inferno,9z,0.9285714285714286,27
3363,205582,Inferno,9z,0.3157894736842105,19
3364,208608,Inferno,9z,0.65,-10
3365,208317,Inferno,9z,0.8666666666666667,19
3366,210590,Inferno,9z,0.8125,-109
3367,210657,Inferno,9z,0.1875,-11
3368,211912,Inferno,9z,0.8666666666666667,-17
3369,213696,Inferno,9z,0.5652173913043478,-15
3370,213105,Inferno,9z,0.2352941176470588,-15
3371,213111,Inferno,9z,0.7222222222222222,-113
3372,213225,Inferno,9z,0.3809523809523809,-10
3373,214099,Inferno,9z,0.35,-40
3374,217526,Inferno,9z,0.6190476190476191,-6
3375,217965,Inferno,9z,0.3809523809523809,16
3376,217980,Inferno,9z,0.4482758620689655,-30
3377,219199,Inferno,9z,0.2777777777777778,9
3378,218500,Inferno,9z,0.6190476190476191,25
3379,218556,Inferno,9z,0.65,9
3380,220851,Inferno,9z,0.9285714285714286,-6
3381,220982,Inferno,9z,0.65,-19
3382,221524,Inferno,9z,0.5517241379310345,-83
3383,221528,Inferno,9z,0.5909090909090909,-14
3384,222037,Inferno,9z,0.7222222222222222,-18
3385,223463,Inferno,9z,0.6190476190476191,29
3386,224187,Inferno,9z,0.5517241379310345,-81
3387,224200,Inferno,9z,0.5333333333333333,-18
3388,224546,Inferno,9z,0.7647058823529411,-7
3389,224632,Inferno,9z,0.5909090909090909,16
3390,224774,Inferno,9z,0.2777777777777778,1
3391,225174,Inferno,9z,0.6842105263157895,-96
3392,225359,Inferno,9z,0.8666666666666667,-42
3393,225588,Inferno,9z,0.4347826086956521,-42
3394,227112,Inferno,9z,0.4090909090909091,2
3395,228423,Inferno,9z,0.6842105263157895,11
3396,228604,Inferno,9z,0.2352941176470588,7
3397,183345,Inferno,9z,0.4666666666666667,-2
3398,185113,Inferno,9z,0.4571428571428572,-2
3399,205355,Inferno,9z,0.8125,-5
3400,209692,Inferno,9z,0.4347826086956522,28
3401,164713,Mirage,9z,0.3809523809523809,-3
3402,165284,Mirage,9z,0.7647058823529411,-4
3403,167170,Mirage,9z,0.7647058823529411,-28
3404,167223,Mirage,9z,0.4090909090909091,-36
3405,167278,Mirage,9z,0.2352941176470588,-86
3406,169137,Mirage,9z,0.5416666666666666,11
3407,169453,Mirage,9z,0.4571428571428571,-35
3408,169541,Mirage,9z,0.5333333333333333,-66
3409,169589,Mirage,9z,0.4347826086956521,-26
3410,170071,Mirage,9z,0.4090909090909091,1
3411,170464,Mirage,9z,0.3157894736842105,1
3412,170531,Mirage,9z,0.3809523809523809,-70
3413,175982,Mirage,9z,0.2352941176470588,-51
3414,170730,Mirage,9z,0.6190476190476191,-162
3415,170834,Mirage,9z,0.3157894736842105,30
3416,170859,Mirage,9z,0.6190476190476191,30
3417,173077,Mirage,9z,0.3809523809523809,41
3418,175291,Mirage,9z,0.65,-149
3419,175811,Mirage,9z,0.6842105263157895,-12
3420,175902,Mirage,9z,0.4583333333333333,-9
3421,175541,Mirage,9z,0.5517241379310345,-33
3422,175625,Mirage,9z,0.3157894736842105,26
3423,176159,Mirage,9z,0.4347826086956521,26
3424,177109,Mirage,9z,0.5909090909090909,-39
3425,177262,Mirage,9z,0.8125,-3
3426,177383,Mirage,9z,0.6190476190476191,-81
3427,178249,Mirage,9z,0.7647058823529411,-38
3428,179736,Mirage,9z,0.6190476190476191,-66
3429,182164,Mirage,9z,0.7222222222222222,-1
3430,182296,Mirage,9z,0.0714285714285714,-1
3431,185962,Mirage,9z,0.1875,21
3432,186020,Mirage,9z,0.1333333333333333,15
3433,186555,Mirage,9z,0.4090909090909091,-28
3434,186791,Mirage,9z,0.4347826086956521,-13
3435,188049,Mirage,9z,0.4583333333333333,10
3436,191781,Mirage,9z,0.4347826086956521,-10
3437,191876,Mirage,9z,0.7647058823529411,-60
3438,195230,Mirage,9z,0.3809523809523809,46
3439,196461,Mirage,9z,0.3809523809523809,3
3440,197080,Mirage,9z,0.9285714285714286,-84
3441,198737,Mirage,9z,0.0714285714285714,39
3442,202184,Mirage,9z,0.8666666666666667,-13
3443,202197,Mirage,9z,0.5909090909090909,-107
3444,202292,Mirage,9z,0.4583333333333333,-2
3445,202679,Mirage,9z,0.4090909090909091,-23
3446,202951,Mirage,9z,0.4090909090909091,-19
3447,217175,Mirage,9z,1.0,-44
3448,217864,Mirage,9z,0.5416666666666666,-30
3449,221126,Mirage,9z,0.5416666666666666,2
3450,224524,Mirage,9z,0.4583333333333333,-7
3451,224778,Mirage,9z,0.5652173913043478,1
3452,227432,Mirage,9z,0.4347826086956521,2
3453,228524,Mirage,9z,0.4090909090909091,13
3454,228984,Mirage,9z,0.8666666666666667,-28
3455,165063,Nuke,9z,0.65,6
3456,165288,Nuke,9z,0.1875,-4
3457,165504,Nuke,9z,0.7222222222222222,6
3458,167270,Nuke,9z,0.5333333333333333,-86
3459,169040,Nuke,9z,0.6842105263157895,-35
3460,169056,Nuke,9z,0.5909090909090909,11
3461,169132,Nuke,9z,0.8125,11
3462,169423,Nuke,9z,0.5588235294117647,-54
3463,169449,Nuke,9z,0.4571428571428571,-35
3464,169587,Nuke,9z,0.1333333333333333,-26
3465,169934,Nuke,9z,0.5652173913043478,1
3466,170465,Nuke,9z,0.4285714285714285,1
3467,170529,Nuke,9z,0.2352941176470588,-70
3468,170727,Nuke,9z,0.6842105263157895,-55
3469,170824,Nuke,9z,0.7647058823529411,-1
3470,170858,Nuke,9z,0.3809523809523809,30
3471,174716,Nuke,9z,0.5652173913043478,-64
3472,173061,Nuke,9z,0.4347826086956521,47
3473,173074,Nuke,9z,0.4583333333333333,41
3474,174962,Nuke,9z,0.8125,-107
3475,175056,Nuke,9z,0.6842105263157895,-33
3476,175144,Nuke,9z,0.35,-149
3477,175287,Nuke,9z,0.4583333333333333,30
3478,175294,Nuke,9z,0.6190476190476191,-149
3479,175352,Nuke,9z,0.5277777777777778,-39
3480,175646,Nuke,9z,0.65,-21
3481,175817,Nuke,9z,0.2352941176470588,-12
3482,175918,Nuke,9z,0.4285714285714285,-9
3483,175533,Nuke,9z,0.6190476190476191,-33
3484,175547,Nuke,9z,0.4583333333333333,-9
3485,176387,Nuke,9z,0.5909090909090909,40
3486,176404,Nuke,9z,0.5517241379310345,28
3487,176158,Nuke,9z,0.4347826086956521,26
3488,176983,Nuke,9z,0.6842105263157895,-64
3489,177114,Nuke,9z,0.4666666666666667,-39
3490,177387,Nuke,9z,0.8125,-81
3491,179847,Nuke,9z,0.4722222222222222,-19
3492,181035,Nuke,9z,0.8666666666666667,-9
3493,181202,Nuke,9z,0.4090909090909091,-12
3494,182172,Nuke,9z,0.5652173913043478,-1
3495,182227,Nuke,9z,0.4090909090909091,-12
3496,183134,Nuke,9z,0.4347826086956521,-6
3497,183271,Nuke,9z,0.5652173913043478,-27
3498,183419,Nuke,9z,0.4347826086956521,2
3499,185210,Nuke,9z,0.6190476190476191,-91
3500,186491,Nuke,9z,0.5652173913043478,-23
3501,187987,Nuke,9z,0.4666666666666667,-9
3502,191777,Nuke,9z,0.3809523809523809,-10
3503,191869,Nuke,9z,0.4583333333333333,-60
3504,194740,Nuke,9z,0.5416666666666666,-60
3505,194945,Nuke,9z,0.5416666666666666,5
3506,195069,Nuke,9z,0.8125,5
3507,195219,Nuke,9z,0.3809523809523809,46
3508,194924,Nuke,9z,0.6842105263157895,-84
3509,196272,Nuke,9z,0.65,-75
3510,196446,Nuke,9z,0.4666666666666667,3
3511,196623,Nuke,9z,0.35,40
3512,197153,Nuke,9z,0.5714285714285714,-62
3513,198736,Nuke,9z,0.5909090909090909,39
3514,202198,Nuke,9z,0.6190476190476191,-107
3515,202293,Nuke,9z,0.4583333333333333,-2
3516,202783,Nuke,9z,0.5652173913043478,-48
3517,202871,Nuke,9z,0.6842105263157895,-65
3518,202982,Nuke,9z,0.5909090909090909,44
3519,203232,Nuke,9z,0.6190476190476191,-1
3520,203284,Nuke,9z,0.4090909090909091,44
3521,203302,Nuke,9z,0.4090909090909091,36
3522,204227,Nuke,9z,0.6842105263157895,-33
3523,204278,Nuke,9z,0.8125,-27
3524,204096,Nuke,9z,0.2352941176470588,19
3525,205244,Nuke,9z,0.65,-37
3526,205968,Nuke,9z,0.5652173913043478,-10
3527,205585,Nuke,9z,0.5652173913043478,19
3528,205586,Nuke,9z,0.3157894736842105,22
3529,206216,Nuke,9z,0.7222222222222222,13
3530,206387,Nuke,9z,0.0,-10
3531,207051,Nuke,9z,0.3809523809523809,46
3532,207750,Nuke,9z,0.1875,-27
3533,208705,Nuke,9z,0.4666666666666667,-38
3534,208973,Nuke,9z,0.4090909090909091,19
3535,210580,Nuke,9z,0.5909090909090909,-109
3536,210658,Nuke,9z,0.5652173913043478,-11
3537,210972,Nuke,9z,0.6190476190476191,26
3538,211078,Nuke,9z,0.35,55
3539,211624,Nuke,9z,0.7222222222222222,-70
3540,211901,Nuke,9z,0.2777777777777778,-17
3541,213766,Nuke,9z,0.5416666666666666,-46
3542,213833,Nuke,9z,0.5909090909090909,-15
3543,213722,Nuke,9z,0.7222222222222222,-48
3544,213799,Nuke,9z,0.6190476190476191,-43
3545,213107,Nuke,9z,0.5909090909090909,-15
3546,215957,Nuke,9z,0.5652173913043478,-148
3547,215961,Nuke,9z,0.5652173913043478,-112
3548,217122,Nuke,9z,0.5714285714285714,16
3549,217228,Nuke,9z,0.4347826086956521,-103
3550,217512,Nuke,9z,0.2777777777777778,-6
3551,217967,Nuke,9z,0.6842105263157895,16
3552,217976,Nuke,9z,0.4666666666666667,-30
3553,218215,Nuke,9z,0.5652173913043478,-26
3554,219203,Nuke,9z,0.2777777777777778,9
3555,218408,Nuke,9z,0.5517241379310345,-13
3556,218493,Nuke,9z,0.3157894736842105,25
3557,220742,Nuke,9z,0.2352941176470588,9
3558,220992,Nuke,9z,0.5652173913043478,-19
3559,221001,Nuke,9z,0.4583333333333333,10
3560,223250,Nuke,9z,0.2777777777777778,32
3561,221526,Nuke,9z,0.7647058823529411,-83
3562,221889,Nuke,9z,0.5333333333333333,-9
3563,221918,Nuke,9z,0.5416666666666666,2
3564,222052,Nuke,9z,0.8125,-18
3565,223471,Nuke,9z,0.5909090909090909,29
3566,224193,Nuke,9z,0.8666666666666667,-81
3567,224631,Nuke,9z,0.3157894736842105,16
3568,224779,Nuke,9z,0.7647058823529411,1
3569,225181,Nuke,9z,0.8666666666666667,-96
3570,225342,Nuke,9z,0.5333333333333333,-42
3571,225568,Nuke,9z,0.65,-42
3572,226945,Nuke,9z,0.65,-198
3573,227123,Nuke,9z,0.1875,2
3574,227441,Nuke,9z,0.7647058823529411,2
3575,228519,Nuke,9z,0.6190476190476191,13
3576,228600,Nuke,9z,0.5652173913043478,7
3577,175428,Nuke,9z,0.7647058823529412,-89
3578,180846,Nuke,9z,0.7647058823529412,-5
3579,183350,Nuke,9z,0.2777777777777778,-2
3580,203362,Nuke,9z,0.6190476190476191,-11
3581,164598,Ancient,FaZe,0.5416666666666666,-5
3582,165943,Ancient,FaZe,0.7647058823529411,-1
3583,166061,Ancient,FaZe,0.5652173913043478,-8
3584,166262,Ancient,FaZe,0.5283018867924528,-26
3585,168105,Ancient,FaZe,0.5333333333333333,-21
3586,169560,Ancient,FaZe,0.4482758620689655,-16
3587,169665,Ancient,FaZe,0.7222222222222222,-16
3588,169967,Ancient,FaZe,0.65,-25
3589,170210,Ancient,FaZe,0.6842105263157895,-4
3590,170238,Ancient,FaZe,0.5416666666666666,-3
3591,170438,Ancient,FaZe,0.4090909090909091,-4
3592,172307,Ancient,FaZe,0.4347826086956521,-18
3593,172328,Ancient,FaZe,0.65,-10
3594,172645,Ancient,FaZe,0.4090909090909091,-1
3595,173260,Ancient,FaZe,0.7647058823529411,-40
3596,176392,Ancient,FaZe,0.6842105263157895,-28
3597,176463,Ancient,FaZe,0.5416666666666666,-8
3598,177854,Ancient,FaZe,0.5428571428571428,-22
3599,180278,Ancient,FaZe,0.5909090909090909,1
3600,180407,Ancient,FaZe,0.4666666666666667,-11
3601,181934,Ancient,FaZe,0.5909090909090909,-82
3602,182249,Ancient,FaZe,0.6190476190476191,-41
3603,183105,Ancient,FaZe,0.5416666666666666,-23
3604,183187,Ancient,FaZe,0.5416666666666666,-18
3605,183303,Ancient,FaZe,0.4583333333333333,-15
3606,185249,Ancient,FaZe,0.4583333333333333,5
3607,187215,Ancient,FaZe,0.6842105263157895,5
3608,188340,Ancient,FaZe,0.6190476190476191,-26
3609,189122,Ancient,FaZe,0.5652173913043478,-16
3610,189149,Ancient,FaZe,0.3809523809523809,-1
3611,189625,Ancient,FaZe,0.6842105263157895,4
3612,189691,Ancient,FaZe,0.6842105263157895,2
3613,190408,Ancient,FaZe,0.5909090909090909,-17
3614,191614,Ancient,FaZe,0.5517241379310345,3
3615,192640,Ancient,FaZe,0.8666666666666667,-19
3616,192818,Ancient,FaZe,0.5416666666666666,-2
3617,193173,Ancient,FaZe,0.7647058823529411,-19
3618,195670,Ancient,FaZe,0.4482758620689655,-4
3619,197338,Ancient,FaZe,0.5652173913043478,-21
3620,198093,Ancient,FaZe,0.4482758620689655,1
3621,200009,Ancient,FaZe,0.4347826086956521,-2
3622,201248,Ancient,FaZe,0.5714285714285714,-8
3623,201341,Ancient,FaZe,0.5652173913043478,8
3624,201525,Ancient,FaZe,0.5416666666666666,5
3625,200151,Ancient,FaZe,0.5909090909090909,-8
3626,203733,Ancient,FaZe,0.5416666666666666,2
3627,203869,Ancient,FaZe,0.8666666666666667,-9
3628,203948,Ancient,FaZe,0.2352941176470588,2
3629,204476,Ancient,FaZe,0.5909090909090909,-11
3630,207944,Ancient,FaZe,0.2777777777777778,3
3631,207974,Ancient,FaZe,0.3157894736842105,-10
3632,210092,Ancient,FaZe,0.65,-8
3633,210615,Ancient,FaZe,0.35,10
3634,210950,Ancient,FaZe,0.4583333333333333,-32
3635,212513,Ancient,FaZe,0.2777777777777778,6
3636,215496,Ancient,FaZe,0.2777777777777778,5
3637,219101,Ancient,FaZe,0.5909090909090909,-16
3638,219368,Ancient,FaZe,0.4583333333333333,1
3639,221758,Ancient,FaZe,0.4347826086956521,1
3640,223294,Ancient,FaZe,0.6190476190476191,-26
3641,227739,Ancient,FaZe,0.4583333333333333,9
3642,227937,Ancient,FaZe,0.4090909090909091,1
3643,228040,Ancient,FaZe,0.4583333333333333,11
3644,228762,Ancient,FaZe,0.8125,-13
3645,164826,Ancient,FaZe,0.5428571428571429,-9
3646,165991,Ancient,FaZe,0.6190476190476191,-9
3647,166442,Ancient,FaZe,0.5333333333333333,-3
3648,167146,Ancient,FaZe,0.8666666666666667,-9
3649,167279,Ancient,FaZe,0.65,-5
3650,173143,Ancient,FaZe,0.35,-24
3651,173475,Ancient,FaZe,0.2777777777777778,-24
3652,174274,Ancient,FaZe,0.4583333333333333,-24
3653,181352,Ancient,FaZe,0.6842105263157895,-8
3654,184957,Ancient,FaZe,0.4761904761904761,-8
3655,188236,Ancient,FaZe,0.6190476190476191,-70
3656,188343,Ancient,FaZe,0.35,-70
3657,191487,Ancient,FaZe,0.5652173913043479,-13
3658,193259,Ancient,FaZe,0.3157894736842105,-6
3659,193324,Ancient,FaZe,0.409090909090909,-8
3660,197256,Ancient,FaZe,0.2352941176470588,-5
3661,197481,Ancient,FaZe,0.6190476190476191,-22
3662,197583,Ancient,FaZe,0.5333333333333333,-1
3663,198611,Ancient,FaZe,0.4347826086956522,-1
3664,203609,Ancient,FaZe,0.5909090909090908,-18
3665,204296,Ancient,FaZe,0.6842105263157895,-19
3666,207679,Ancient,FaZe,0.8125,-7
3667,209905,Ancient,FaZe,0.65,3
3668,210798,Ancient,FaZe,0.7222222222222222,-5
3669,216405,Ancient,FaZe,0.6842105263157895,-29
3670,218126,Ancient,FaZe,0.8125,-21
3671,219233,Ancient,FaZe,0.2352941176470588,3
3672,219476,Ancient,FaZe,0.2777777777777778,-8
3673,222173,Ancient,FaZe,0.1875,-1
3674,165299,Anubis,FaZe,0.6842105263157895,-25
3675,168137,Anubis,FaZe,0.5517241379310345,-4
3676,169607,Anubis,FaZe,0.7647058823529411,-11
3677,170436,Anubis,FaZe,0.3809523809523809,-4
3678,172389,Anubis,FaZe,0.3809523809523809,-39
3679,173435,Anubis,FaZe,0.4583333333333333,-36
3680,176519,Anubis,FaZe,0.4583333333333333,-3
3681,178992,Anubis,FaZe,0.5517241379310345,-16
3682,181250,Anubis,FaZe,0.4090909090909091,2
3683,181582,Anubis,FaZe,0.5416666666666666,-23
3684,182189,Anubis,FaZe,0.7222222222222222,-19
3685,183095,Anubis,FaZe,0.1333333333333333,-23
3686,183180,Anubis,FaZe,0.5909090909090909,-18
3687,183363,Anubis,FaZe,0.5416666666666666,-23
3688,185255,Anubis,FaZe,0.1333333333333333,5
3689,187287,Anubis,FaZe,0.4722222222222222,2
3690,188337,Anubis,FaZe,0.7222222222222222,-26
3691,189569,Anubis,FaZe,0.65,3
3692,191564,Anubis,FaZe,0.5652173913043478,1
3693,195657,Anubis,FaZe,0.5714285714285714,-4
3694,195932,Anubis,FaZe,0.3809523809523809,5
3695,198026,Anubis,FaZe,0.5416666666666666,-8
3696,201109,Anubis,FaZe,0.7222222222222222,-15
3697,201247,Anubis,FaZe,0.7647058823529411,-8
3698,201374,Anubis,FaZe,0.6190476190476191,-21
3699,201532,Anubis,FaZe,0.7647058823529411,5
3700,201907,Anubis,FaZe,0.4583333333333333,5
3701,200156,Anubis,FaZe,0.35,-8
3702,224821,Anubis,FaZe,0.4347826086956521,-12
3703,224900,Anubis,FaZe,0.3157894736842105,-23
3704,227734,Anubis,FaZe,0.35,9
3705,228650,Anubis,FaZe,0.3809523809523809,-19
3706,164735,Anubis,FaZe,1.0,5
3707,165984,Anubis,FaZe,0.6190476190476191,-9
3708,166449,Anubis,FaZe,0.5416666666666667,-3
3709,167148,Anubis,FaZe,0.5588235294117647,-9
3710,167268,Anubis,FaZe,0.5652173913043479,-5
3711,170073,Anubis,FaZe,0.4482758620689655,-12
3712,174383,Anubis,FaZe,0.409090909090909,-7
3713,184272,Anubis,FaZe,0.4347826086956522,-7
3714,191648,Anubis,FaZe,0.2352941176470588,-1
3715,192734,Anubis,FaZe,0.4347826086956522,-1
3716,197422,Anubis,FaZe,0.4347826086956522,-13
3717,197514,Anubis,FaZe,1.0,-4
3718,201325,Anubis,FaZe,0.2777777777777778,4
3719,200083,Anubis,FaZe,0.7647058823529412,-47
3720,219220,Anubis,FaZe,0.409090909090909,3
3721,225924,Anubis,FaZe,0.1875,-20
3722,230170,Anubis,FaZe,0.6190476190476191,-8
3723,176661,Dust2,FaZe,0.3809523809523809,-4
3724,177936,Dust2,FaZe,0.2777777777777778,-4
3725,178056,Dust2,FaZe,0.4347826086956521,-1
3726,181244,Dust2,FaZe,0.4285714285714285,2
3727,182239,Dust2,FaZe,0.6190476190476191,-41
3728,183317,Dust2,FaZe,0.9285714285714286,-15
3729,183369,Dust2,FaZe,0.7222222222222222,-23
3730,184871,Dust2,FaZe,0.35,1
3731,185955,Dust2,FaZe,0.35,-8
3732,185980,Dust2,FaZe,0.5909090909090909,-6
3733,186039,Dust2,FaZe,0.65,-2
3734,186092,Dust2,FaZe,0.35,1
3735,188313,Dust2,FaZe,0.4583333333333333,3
3736,189368,Dust2,FaZe,0.5909090909090909,-2
3737,189697,Dust2,FaZe,0.4583333333333333,2
3738,190414,Dust2,FaZe,0.5909090909090909,-17
3739,190536,Dust2,FaZe,0.4347826086956521,-8
3740,191570,Dust2,FaZe,0.4571428571428571,1
3741,195681,Dust2,FaZe,0.0,-4
3742,197294,Dust2,FaZe,0.65,-8
3743,197341,Dust2,FaZe,0.8125,-21
3744,198091,Dust2,FaZe,0.3809523809523809,1
3745,198713,Dust2,FaZe,0.4583333333333333,6
3746,201089,Dust2,FaZe,0.8125,-5
3747,201153,Dust2,FaZe,0.4583333333333333,-21
3748,206208,Dust2,FaZe,0.5652173913043478,2
3749,206650,Dust2,FaZe,0.4411764705882353,-4
3750,207979,Dust2,FaZe,0.35,-10
3751,210591,Dust2,FaZe,0.3809523809523809,12
3752,210967,Dust2,FaZe,0.4347826086956521,-32
3753,214448,Dust2,FaZe,0.4347826086956521,-36
3754,214683,Dust2,FaZe,0.5652173913043478,-19
3755,215010,Dust2,FaZe,0.2777777777777778,6
3756,215528,Dust2,FaZe,0.1875,10
3757,221750,Dust2,FaZe,0.0714285714285714,1
3758,221815,Dust2,FaZe,0.5517241379310345,-6
3759,221929,Dust2,FaZe,0.5416666666666666,-17
3760,224861,Dust2,FaZe,0.4666666666666667,-12
3761,227828,Dust2,FaZe,0.7647058823529411,8
3762,227927,Dust2,FaZe,0.5416666666666666,1
3763,228030,Dust2,FaZe,0.2777777777777778,11
3764,228639,Dust2,FaZe,0.3157894736842105,-19
3765,228875,Dust2,FaZe,0.2777777777777778,12
3766,181340,Dust2,FaZe,0.5517241379310345,-8
3767,184277,Dust2,FaZe,0.409090909090909,-7
3768,184967,Dust2,FaZe,0.6842105263157895,-8
3769,192729,Dust2,FaZe,0.7647058823529412,-1
3770,193255,Dust2,FaZe,0.4583333333333333,-6
3771,197260,Dust2,FaZe,0.5517241379310345,-5
3772,197415,Dust2,FaZe,0.35,-13
3773,197478,Dust2,FaZe,0.7222222222222222,-22
3774,197629,Dust2,FaZe,0.5652173913043479,-13
3775,198136,Dust2,FaZe,0.9285714285714286,-4
3776,198605,Dust2,FaZe,0.3157894736842105,-1
3777,206026,Dust2,FaZe,1.0,-25
3778,207687,Dust2,FaZe,0.6842105263157895,-7
3779,207869,Dust2,FaZe,0.3157894736842105,-1
3780,209809,Dust2,FaZe,0.4583333333333333,4
3781,209918,Dust2,FaZe,0.7647058823529412,3
3782,210232,Dust2,FaZe,0.5652173913043479,6
3783,210791,Dust2,FaZe,0.5909090909090908,-5
3784,214745,Dust2,FaZe,0.5652173913043479,4
3785,215177,Dust2,FaZe,0.6842105263157895,-1
3786,218115,Dust2,FaZe,0.6190476190476191,-21
3787,219227,Dust2,FaZe,0.5416666666666667,3
3788,223138,Dust2,FaZe,0.4347826086956522,2
3789,222168,Dust2,FaZe,0.65,-1
3790,225469,Dust2,FaZe,0.7222222222222222,-179
3791,225818,Dust2,FaZe,0.65,-73
3792,225907,Dust2,FaZe,0.8125,-20
3793,164516,Inferno,FaZe,0.5652173913043478,6
3794,164550,Inferno,FaZe,0.65,1
3795,164601,Inferno,FaZe,0.35,-5
3796,168135,Inferno,FaZe,0.35,-4
3797,168299,Inferno,FaZe,0.2777777777777778,-1
3798,169672,Inferno,FaZe,0.7222222222222222,-16
3799,170206,Inferno,FaZe,0.5909090909090909,-4
3800,172628,Inferno,FaZe,0.6190476190476191,1
3801,172647,Inferno,FaZe,0.1875,-1
3802,173068,Inferno,FaZe,0.6190476190476191,-45
3803,174233,Inferno,FaZe,0.5652173913043478,-18
3804,176460,Inferno,FaZe,0.5517241379310345,-8
3805,177859,Inferno,FaZe,0.7222222222222222,-22
3806,178049,Inferno,FaZe,0.7647058823529411,-1
3807,180421,Inferno,FaZe,0.4583333333333333,-11
3808,181239,Inferno,FaZe,0.6190476190476191,2
3809,181375,Inferno,FaZe,0.5909090909090909,-3
3810,181580,Inferno,FaZe,0.3157894736842105,-23
3811,181922,Inferno,FaZe,0.6190476190476191,-82
3812,182191,Inferno,FaZe,0.4666666666666667,-19
3813,184875,Inferno,FaZe,0.6842105263157895,1
3814,185109,Inferno,FaZe,0.6842105263157895,-2
3815,185236,Inferno,FaZe,0.5652173913043478,5
3816,186032,Inferno,FaZe,0.6842105263157895,-2
3817,187160,Inferno,FaZe,0.4482758620689655,1
3818,187213,Inferno,FaZe,0.3157894736842105,5
3819,189182,Inferno,FaZe,0.5652173913043478,1
3820,189251,Inferno,FaZe,0.2352941176470588,4
3821,189361,Inferno,FaZe,0.3157894736842105,-2
3822,190412,Inferno,FaZe,0.35,-17
3823,190542,Inferno,FaZe,0.4583333333333333,-8
3824,191621,Inferno,FaZe,0.4347826086956521,3
3825,197296,Inferno,FaZe,0.5416666666666666,-8
3826,198030,Inferno,FaZe,0.5416666666666666,-8
3827,198669,Inferno,FaZe,0.5416666666666666,-14
3828,200017,Inferno,FaZe,0.4347826086956521,-2
3829,203643,Inferno,FaZe,0.4347826086956521,-9
3830,203951,Inferno,FaZe,0.4347826086956521,2
3831,204484,Inferno,FaZe,0.4090909090909091,-11
3832,206422,Inferno,FaZe,0.2777777777777778,6
3833,206647,Inferno,FaZe,0.2777777777777778,-4
3834,207936,Inferno,FaZe,0.5517241379310345,3
3835,210585,Inferno,FaZe,0.4090909090909091,12
3836,210927,Inferno,FaZe,0.65,-2
3837,212516,Inferno,FaZe,0.3809523809523809,6
3838,212599,Inferno,FaZe,0.35,-11
3839,214548,Inferno,FaZe,0.7222222222222222,-52
3840,214577,Inferno,FaZe,0.6842105263157895,-35
3841,214822,Inferno,FaZe,0.5714285714285714,-16
3842,215451,Inferno,FaZe,0.8666666666666667,8
3843,215499,Inferno,FaZe,0.6190476190476191,5
3844,215531,Inferno,FaZe,0.4090909090909091,10
3845,218189,Inferno,FaZe,0.3157894736842105,2
3846,219373,Inferno,FaZe,0.4090909090909091,1
3847,170064,Inferno,FaZe,0.5333333333333333,-12
3848,173482,Inferno,FaZe,0.65,-24
3849,174390,Inferno,FaZe,0.6190476190476191,-7
3850,188344,Inferno,FaZe,0.6842105263157895,-70
3851,192740,Inferno,FaZe,0.5652173913043479,-1
3852,193317,Inferno,FaZe,0.3809523809523809,-8
3853,197632,Inferno,FaZe,0.5416666666666667,-13
3854,201203,Inferno,FaZe,0.409090909090909,-4
3855,203605,Inferno,FaZe,0.65,-18
3856,205651,Inferno,FaZe,0.6842105263157895,-2
3857,206035,Inferno,FaZe,0.5517241379310345,-25
3858,215184,Inferno,FaZe,0.7222222222222222,-1
3859,216412,Inferno,FaZe,0.35,-29
3860,217953,Inferno,FaZe,0.35,-7
3861,223129,Inferno,FaZe,0.3809523809523809,2
3862,222189,Inferno,FaZe,0.4666666666666667,-1
3863,164549,Mirage,FaZe,0.2352941176470588,1
3864,165395,Mirage,FaZe,0.5909090909090909,-2
3865,166269,Mirage,FaZe,0.4583333333333333,-1
3866,166457,Mirage,FaZe,0.65,-1
3867,168204,Mirage,FaZe,0.5416666666666666,-2
3868,170124,Mirage,FaZe,0.4347826086956521,-9
3869,170271,Mirage,FaZe,0.4583333333333333,-9
3870,172391,Mirage,FaZe,0.6190476190476191,-39
3871,172573,Mirage,FaZe,0.65,-9
3872,172646,Mirage,FaZe,0.8666666666666667,-1
3873,173437,Mirage,FaZe,0.5652173913043478,-36
3874,174327,Mirage,FaZe,0.7647058823529411,-8
3875,175013,Mirage,FaZe,0.5652173913043478,-23
3876,175050,Mirage,FaZe,0.5333333333333333,-1
3877,176452,Mirage,FaZe,0.4347826086956521,-8
3878,177950,Mirage,FaZe,0.4347826086956521,-4
3879,178060,Mirage,FaZe,0.3157894736842105,-1
3880,179315,Mirage,FaZe,0.4347826086956521,-1
3881,180290,Mirage,FaZe,0.3157894736842105,1
3882,181104,Mirage,FaZe,0.5416666666666666,-3
3883,181396,Mirage,FaZe,0.5517241379310345,-3
3884,182195,Mirage,FaZe,0.7222222222222222,-19
3885,183313,Mirage,FaZe,0.5909090909090909,-15
3886,184878,Mirage,FaZe,0.4090909090909091,1
3887,185116,Mirage,FaZe,0.8125,-2
3888,185984,Mirage,FaZe,0.4482758620689655,-6
3889,186095,Mirage,FaZe,0.5333333333333333,1
3890,187214,Mirage,FaZe,0.6190476190476191,5
3891,187281,Mirage,FaZe,0.4347826086956521,2
3892,188309,Mirage,FaZe,0.2777777777777778,3
3893,189258,Mirage,FaZe,0.1875,4
3894,189370,Mirage,FaZe,0.5652173913043478,-2
3895,189566,Mirage,FaZe,0.6190476190476191,3
3896,192820,Mirage,FaZe,0.65,-2
3897,198146,Mirage,FaZe,0.4571428571428571,-6
3898,198717,Mirage,FaZe,0.1333333333333333,6
3899,201145,Mirage,FaZe,0.35,-21
3900,201905,Mirage,FaZe,0.4090909090909091,5
3901,200158,Mirage,FaZe,0.4666666666666667,-8
3902,203736,Mirage,FaZe,0.4090909090909091,2
3903,203639,Mirage,FaZe,0.6842105263157895,-9
3904,203866,Mirage,FaZe,0.6842105263157895,-9
3905,206200,Mirage,FaZe,0.6190476190476191,2
3906,206405,Mirage,FaZe,0.5277777777777778,6
3907,207588,Mirage,FaZe,0.6190476190476191,-3
3908,207922,Mirage,FaZe,0.4583333333333333,3
3909,210479,Mirage,FaZe,0.7222222222222222,11
3910,210567,Mirage,FaZe,0.5238095238095238,12
3911,210720,Mirage,FaZe,0.4583333333333333,-32
3912,210929,Mirage,FaZe,0.6190476190476191,-2
3913,210961,Mirage,FaZe,0.5416666666666666,-32
3914,212597,Mirage,FaZe,0.2777777777777778,-11
3915,214535,Mirage,FaZe,0.35,-52
3916,214581,Mirage,FaZe,0.5652173913043478,-35
3917,215058,Mirage,FaZe,0.35,7
3918,215251,Mirage,FaZe,0.5416666666666666,-9
3919,218179,Mirage,FaZe,0.2777777777777778,2
3920,219364,Mirage,FaZe,0.8666666666666667,1
3921,221825,Mirage,FaZe,0.2777777777777778,-6
3922,223289,Mirage,FaZe,0.4583333333333333,-26
3923,225998,Mirage,FaZe,0.4090909090909091,-27
3924,225891,Mirage,FaZe,0.6842105263157895,-32
3925,227832,Mirage,FaZe,0.35,8
3926,227947,Mirage,FaZe,0.5517241379310345,1
3927,170367,Mirage,FaZe,0.6842105263157895,-22
3928,174387,Mirage,FaZe,0.5416666666666667,-7
3929,188342,Mirage,FaZe,0.6842105263157895,-70
3930,191492,Mirage,FaZe,0.409090909090909,-13
3931,193301,Mirage,FaZe,0.5384615384615385,-8
3932,197587,Mirage,FaZe,0.4347826086956522,-1
3933,200078,Mirage,FaZe,0.5652173913043479,-47
3934,203925,Mirage,FaZe,0.9285714285714286,3
3935,204294,Mirage,FaZe,0.5652173913043479,-19
3936,205657,Mirage,FaZe,0.1875,-2
3937,210204,Mirage,FaZe,0.6190476190476191,6
3938,210793,Mirage,FaZe,0.4499999999999999,-5
3939,216409,Mirage,FaZe,0.2352941176470588,-29
3940,219486,Mirage,FaZe,0.409090909090909,-8
3941,224700,Mirage,FaZe,0.6190476190476191,-117
3942,225808,Mirage,FaZe,0.5909090909090908,-73
3943,164490,Nuke,FaZe,0.4411764705882353,-5
3944,164520,Nuke,FaZe,0.5909090909090909,6
3945,164603,Nuke,FaZe,0.6842105263157895,-5
3946,164766,Nuke,FaZe,0.7647058823529411,2
3947,165307,Nuke,FaZe,0.6842105263157895,-25
3948,165404,Nuke,FaZe,0.6190476190476191,-2
3949,165939,Nuke,FaZe,0.6190476190476191,-1
3950,166271,Nuke,FaZe,0.6190476190476191,-1
3951,166465,Nuke,FaZe,0.55,-1
3952,167098,Nuke,FaZe,0.5909090909090909,-26
3953,167320,Nuke,FaZe,0.4583333333333333,-4
3954,168136,Nuke,FaZe,0.5652173913043478,-4
3955,168305,Nuke,FaZe,0.35,-1
3956,169609,Nuke,FaZe,0.7647058823529411,-11
3957,169964,Nuke,FaZe,0.5909090909090909,-25
3958,170129,Nuke,FaZe,0.2777777777777778,-9
3959,170234,Nuke,FaZe,0.8125,-3
3960,170269,Nuke,FaZe,0.4090909090909091,-9
3961,172385,Nuke,FaZe,0.6190476190476191,-39
3962,172577,Nuke,FaZe,0.4571428571428571,-9
3963,172626,Nuke,FaZe,0.65,1
3964,173263,Nuke,FaZe,0.5652173913043478,-40
3965,173432,Nuke,FaZe,0.5517241379310345,-36
3966,173520,Nuke,FaZe,0.6842105263157895,-5
3967,174236,Nuke,FaZe,0.6842105263157895,-18
3968,175008,Nuke,FaZe,0.4666666666666667,-23
3969,175043,Nuke,FaZe,0.7222222222222222,-1
3970,175131,Nuke,FaZe,0.1875,-5
3971,176522,Nuke,FaZe,0.4347826086956521,-3
3972,176664,Nuke,FaZe,0.1333333333333333,-4
3973,177941,Nuke,FaZe,0.5909090909090909,-4
3974,179011,Nuke,FaZe,0.5416666666666666,-16
3975,179321,Nuke,FaZe,0.4285714285714285,-1
3976,180285,Nuke,FaZe,0.3157894736842105,1
3977,181107,Nuke,FaZe,0.5652173913043478,-3
3978,181389,Nuke,FaZe,0.4482758620689655,-3
3979,181587,Nuke,FaZe,0.4666666666666667,-23
3980,183112,Nuke,FaZe,0.4583333333333333,-23
3981,185987,Nuke,FaZe,0.6190476190476191,-6
3982,186097,Nuke,FaZe,0.35,1
3983,187163,Nuke,FaZe,0.4583333333333333,1
3984,189564,Nuke,FaZe,0.3157894736842105,3
3985,189628,Nuke,FaZe,0.5333333333333333,4
3986,189688,Nuke,FaZe,0.3809523809523809,2
3987,191558,Nuke,FaZe,0.1875,1
3988,191623,Nuke,FaZe,0.6190476190476191,3
3989,192644,Nuke,FaZe,0.5416666666666666,-19
3990,193180,Nuke,FaZe,0.5909090909090909,-19
3991,195933,Nuke,FaZe,0.4090909090909091,5
3992,198152,Nuke,FaZe,0.4583333333333333,-6
3993,198679,Nuke,FaZe,0.55,-14
3994,203743,Nuke,FaZe,0.2777777777777778,2
3995,203648,Nuke,FaZe,0.8666666666666667,-9
3996,206417,Nuke,FaZe,0.4571428571428571,6
3997,207578,Nuke,FaZe,0.5416666666666666,-3
3998,210104,Nuke,FaZe,0.5909090909090909,-8
3999,210475,Nuke,FaZe,0.5909090909090909,11
4000,210920,Nuke,FaZe,0.4090909090909091,-2
4001,214415,Nuke,FaZe,0.7222222222222222,-20
4002,214541,Nuke,FaZe,0.5277777777777778,-52
4003,214578,Nuke,FaZe,0.35,-35
4004,214831,Nuke,FaZe,0.5714285714285714,-16
4005,214992,Nuke,FaZe,0.65,10
4006,215448,Nuke,FaZe,0.5416666666666666,8
4007,215498,Nuke,FaZe,0.5416666666666666,5
4008,215525,Nuke,FaZe,0.6842105263157895,10
4009,221804,Nuke,FaZe,0.4482758620689655,-6
4010,224843,Nuke,FaZe,0.5714285714285714,-12
4011,225991,Nuke,FaZe,0.4090909090909091,-27
4012,225885,Nuke,FaZe,0.5909090909090909,-32
4013,227835,Nuke,FaZe,0.8125,8
4014,228766,Nuke,FaZe,0.5416666666666666,-13
4015,228868,Nuke,FaZe,0.4666666666666667,12
4016,164733,Nuke,FaZe,0.7222222222222222,5
4017,164818,Nuke,FaZe,0.5652173913043479,-9
4018,166441,Nuke,FaZe,0.3809523809523809,-3
4019,167275,Nuke,FaZe,0.2777777777777778,-5
4020,170076,Nuke,FaZe,0.7222222222222222,-12
4021,170386,Nuke,FaZe,0.65,-11
4022,170508,Nuke,FaZe,0.7222222222222222,-12
4023,172423,Nuke,FaZe,0.6842105263157895,-6
4024,173146,Nuke,FaZe,0.2352941176470588,-24
4025,173237,Nuke,FaZe,0.5416666666666667,-6
4026,173474,Nuke,FaZe,0.5652173913043479,-24
4027,174278,Nuke,FaZe,0.409090909090909,-24
4028,184953,Nuke,FaZe,0.5416666666666667,-8
4029,188263,Nuke,FaZe,0.5714285714285715,-18
4030,191496,Nuke,FaZe,0.65,-13
4031,191654,Nuke,FaZe,0.4680851063829787,-1
4032,195791,Nuke,FaZe,0.6842105263157895,-5
4033,197516,Nuke,FaZe,0.7222222222222222,-4
4034,197578,Nuke,FaZe,0.2352941176470588,-1
4035,198138,Nuke,FaZe,0.65,-4
4036,201202,Nuke,FaZe,0.3809523809523809,-4
4037,203923,Nuke,FaZe,0.5652173913043479,3
4038,207672,Nuke,FaZe,0.4347826086956522,-7
4039,207859,Nuke,FaZe,0.4583333333333333,-1
4040,217959,Nuke,FaZe,0.1333333333333333,-7
4041,218122,Nuke,FaZe,0.3157894736842105,-21
4042,223122,Nuke,FaZe,0.5416666666666667,2
4043,225475,Nuke,FaZe,0.5909090909090908,-179
4044,230181,Nuke,FaZe,0.6842105263157895,-8
4045,169966,Ancient,Natus Vincere,0.35,-8
4046,170441,Ancient,Natus Vincere,0.4090909090909091,-1
4047,172365,Ancient,Natus Vincere,0.4090909090909091,-8
4048,176434,Ancient,Natus Vincere,0.2352941176470588,-2
4049,178241,Ancient,Natus Vincere,0.4090909090909091,1
4050,181366,Ancient,Natus Vincere,0.8666666666666667,-28
4051,183190,Ancient,Natus Vincere,0.6842105263157895,-20
4052,186181,Ancient,Natus Vincere,0.5416666666666666,-8
4053,188334,Ancient,Natus Vincere,0.8666666666666667,-14
4054,191085,Ancient,Natus Vincere,0.4761904761904761,2
4055,191666,Ancient,Natus Vincere,0.5909090909090909,-5
4056,194435,Ancient,Natus Vincere,0.2352941176470588,-18
4057,194555,Ancient,Natus Vincere,0.7222222222222222,-22
4058,195324,Ancient,Natus Vincere,0.3157894736842105,-4
4059,204091,Ancient,Natus Vincere,0.6842105263157895,1
4060,204158,Ancient,Natus Vincere,0.3157894736842105,2
4061,204317,Ancient,Natus Vincere,0.4666666666666667,-26
4062,210173,Ancient,Natus Vincere,0.5714285714285714,8
4063,211190,Ancient,Natus Vincere,0.5652173913043478,8
4064,215019,Ancient,Natus Vincere,0.6842105263157895,-18
4065,217931,Ancient,Natus Vincere,0.7222222222222222,-13
4066,222567,Ancient,Natus Vincere,0.5416666666666666,1
4067,164507,Ancient,Natus Vincere,0.3157894736842105,1
4068,167103,Ancient,Natus Vincere,0.5909090909090908,-3
4069,168129,Ancient,Natus Vincere,0.4583333333333333,4
4070,170050,Ancient,Natus Vincere,0.5416666666666667,-7
4071,170125,Ancient,Natus Vincere,0.4583333333333333,-10
4072,170370,Ancient,Natus Vincere,0.6190476190476191,-28
4073,172409,Ancient,Natus Vincere,0.3157894736842105,-4
4074,172632,Ancient,Natus Vincere,0.5416666666666667,-3
4075,172645,Ancient,Natus Vincere,0.5909090909090908,1
4076,174670,Ancient,Natus Vincere,0.7222222222222222,-18
4077,174745,Ancient,Natus Vincere,0.65,-26
4078,174926,Ancient,Natus Vincere,0.6190476190476191,-9
4079,176391,Ancient,Natus Vincere,0.5909090909090908,-26
4080,179479,Ancient,Natus Vincere,0.4666666666666667,-1
4081,181180,Ancient,Natus Vincere,0.7647058823529412,-7
4082,183086,Ancient,Natus Vincere,0.7647058823529412,-53
4083,184593,Ancient,Natus Vincere,0.6842105263157895,-4
4084,184656,Ancient,Natus Vincere,0.5416666666666667,-10
4085,184865,Ancient,Natus Vincere,0.5652173913043479,-13
4086,184975,Ancient,Natus Vincere,0.5909090909090908,-4
4087,185249,Ancient,Natus Vincere,0.5416666666666667,-5
4088,185303,Ancient,Natus Vincere,0.409090909090909,-4
4089,185995,Ancient,Natus Vincere,0.5416666666666667,-7
4090,186216,Ancient,Natus Vincere,0.409090909090909,-15
4091,186286,Ancient,Natus Vincere,0.5416666666666667,-4
4092,187215,Ancient,Natus Vincere,0.3157894736842105,-5
4093,189360,Ancient,Natus Vincere,0.409090909090909,-6
4094,190416,Ancient,Natus Vincere,0.65,-126
4095,190558,Ancient,Natus Vincere,0.6842105263157895,-8
4096,195029,Ancient,Natus Vincere,0.6842105263157895,-2
4097,198145,Ancient,Natus Vincere,0.6190476190476191,-21
4098,198164,Ancient,Natus Vincere,0.3809523809523809,-6
4099,199813,Ancient,Natus Vincere,0.3157894736842105,-10
4100,203733,Ancient,Natus Vincere,0.4583333333333333,-2
4101,203948,Ancient,Natus Vincere,0.7647058823529412,-2
4102,205614,Ancient,Natus Vincere,0.5652173913043479,-9
4103,206352,Ancient,Natus Vincere,0.409090909090909,-25
4104,208118,Ancient,Natus Vincere,0.3809523809523809,-55
4105,209740,Ancient,Natus Vincere,0.4666666666666667,2
4106,210037,Ancient,Natus Vincere,0.65,-16
4107,210444,Ancient,Natus Vincere,0.5333333333333333,5
4108,212605,Ancient,Natus Vincere,0.3809523809523809,-9
4109,215226,Ancient,Natus Vincere,0.7647058823529412,-9
4110,215496,Ancient,Natus Vincere,0.7222222222222222,-5
4111,219688,Ancient,Natus Vincere,0.5909090909090908,-2
4112,219887,Ancient,Natus Vincere,0.5652173913043479,4
4113,223096,Ancient,Natus Vincere,0.4722222222222222,-11
4114,221846,Ancient,Natus Vincere,0.35,-2
4115,222292,Ancient,Natus Vincere,0.7222222222222222,-6
4116,222699,Ancient,Natus Vincere,0.4583333333333333,-5
4117,226509,Ancient,Natus Vincere,1.0,-16
4118,226606,Ancient,Natus Vincere,0.5909090909090908,-31
4119,227739,Ancient,Natus Vincere,0.5416666666666667,-9
4120,227841,Ancient,Natus Vincere,0.7647058823529412,-18
4121,228040,Ancient,Natus Vincere,0.5416666666666667,-11
4122,228795,Ancient,Natus Vincere,0.0714285714285714,-12
4123,228905,Ancient,Natus Vincere,0.6190476190476191,-15
4124,229109,Ancient,Natus Vincere,0.6190476190476191,-21
4125,168102,Anubis,Natus Vincere,0.3809523809523809,6
4126,168212,Anubis,Natus Vincere,0.2777777777777778,6
4127,169201,Anubis,Natus Vincere,0.5714285714285714,-1
4128,169973,Anubis,Natus Vincere,0.5416666666666666,-8
4129,170445,Anubis,Natus Vincere,0.4090909090909091,-1
4130,178188,Anubis,Natus Vincere,0.7222222222222222,-3
4131,181126,Anubis,Natus Vincere,0.7647058823529411,-24
4132,196417,Anubis,Natus Vincere,0.3157894736842105,2
4133,201382,Anubis,Natus Vincere,0.4583333333333333,4
4134,217914,Anubis,Natus Vincere,0.4571428571428571,-13
4135,224510,Anubis,Natus Vincere,0.4347826086956521,7
4136,228134,Anubis,Natus Vincere,0.4583333333333333,1
4137,228677,Anubis,Natus Vincere,0.5517241379310345,-32
4138,229034,Anubis,Natus Vincere,0.5416666666666666,1
4139,167100,Anubis,Natus Vincere,0.4583333333333333,-3
4140,167203,Anubis,Natus Vincere,0.5652173913043479,1
4141,168128,Anubis,Natus Vincere,0.7647058823529412,4
4142,168141,Anubis,Natus Vincere,0.4482758620689655,3
4143,169476,Anubis,Natus Vincere,0.6190476190476191,-4
4144,169521,Anubis,Natus Vincere,0.5909090909090908,-3
4145,169114,Anubis,Natus Vincere,0.6842105263157895,-17
4146,170053,Anubis,Natus Vincere,0.4583333333333333,-7
4147,170110,Anubis,Natus Vincere,0.7222222222222222,-11
4148,170519,Anubis,Natus Vincere,0.3809523809523809,-15
4149,172629,Anubis,Natus Vincere,0.5517241379310345,-3
4150,174730,Anubis,Natus Vincere,0.409090909090909,-26
4151,174935,Anubis,Natus Vincere,0.409090909090909,-9
4152,180324,Anubis,Natus Vincere,0.4583333333333333,-8
4153,180526,Anubis,Natus Vincere,0.4666666666666667,-8
4154,180593,Anubis,Natus Vincere,0.5416666666666667,-11
4155,183476,Anubis,Natus Vincere,0.523809523809524,-10
4156,184650,Anubis,Natus Vincere,0.5416666666666667,-10
4157,184858,Anubis,Natus Vincere,0.7222222222222222,-13
4158,185255,Anubis,Natus Vincere,0.8666666666666667,-5
4159,195750,Anubis,Natus Vincere,0.5714285714285715,-12
4160,198052,Anubis,Natus Vincere,0.409090909090909,-14
4161,198156,Anubis,Natus Vincere,0.3157894736842105,-6
4162,201547,Anubis,Natus Vincere,0.409090909090909,-1
4163,219365,Anubis,Natus Vincere,0.5909090909090908,-3
4164,222826,Anubis,Natus Vincere,0.4583333333333333,-1
4165,223667,Anubis,Natus Vincere,0.6190476190476191,-1
4166,227734,Anubis,Natus Vincere,0.65,-9
4167,229170,Anubis,Natus Vincere,0.5909090909090908,-12
4168,178247,Dust2,Natus Vincere,0.4090909090909091,1
4169,181696,Dust2,Natus Vincere,0.5652173913043478,-3
4170,183199,Dust2,Natus Vincere,0.5909090909090909,-20
4171,184505,Dust2,Natus Vincere,0.7222222222222222,-2
4172,190990,Dust2,Natus Vincere,0.5517241379310345,-11
4173,191082,Dust2,Natus Vincere,0.4090909090909091,2
4174,191601,Dust2,Natus Vincere,0.4583333333333333,2
4175,192060,Dust2,Natus Vincere,0.4666666666666667,2
4176,195884,Dust2,Natus Vincere,0.65,-4
4177,196413,Dust2,Natus Vincere,0.35,2
4178,215062,Dust2,Natus Vincere,0.6190476190476191,-3
4179,217907,Dust2,Natus Vincere,0.5416666666666666,-13
4180,218073,Dust2,Natus Vincere,0.1875,1
4181,224387,Dust2,Natus Vincere,0.5416666666666666,3
4182,224523,Dust2,Natus Vincere,0.4347826086956521,7
4183,226672,Dust2,Natus Vincere,0.3157894736842105,1
4184,228137,Dust2,Natus Vincere,0.1875,1
4185,229030,Dust2,Natus Vincere,0.4583333333333333,1
4186,177865,Dust2,Natus Vincere,0.5909090909090908,-1
4187,177936,Dust2,Natus Vincere,0.7222222222222222,4
4188,179389,Dust2,Natus Vincere,0.0714285714285714,2
4189,180202,Dust2,Natus Vincere,0.65,-11
4190,180427,Dust2,Natus Vincere,0.65,-19
4191,183079,Dust2,Natus Vincere,0.5333333333333333,-53
4192,184665,Dust2,Natus Vincere,0.5652173913043479,-10
4193,184973,Dust2,Natus Vincere,0.5909090909090908,-4
4194,185312,Dust2,Natus Vincere,0.4583333333333333,-4
4195,185993,Dust2,Natus Vincere,0.7222222222222222,-7
4196,186226,Dust2,Natus Vincere,0.5333333333333333,-15
4197,186276,Dust2,Natus Vincere,0.8666666666666667,-4
4198,188302,Dust2,Natus Vincere,0.3809523809523809,-4
4199,191500,Dust2,Natus Vincere,0.7222222222222222,-7
4200,195970,Dust2,Natus Vincere,0.2777777777777778,-1
4201,198114,Dust2,Natus Vincere,0.2352941176470588,-4
4202,199344,Dust2,Natus Vincere,0.7647058823529412,-14
4203,204455,Dust2,Natus Vincere,0.5416666666666667,-7
4204,206208,Dust2,Natus Vincere,0.4347826086956522,-2
4205,209673,Dust2,Natus Vincere,0.5652173913043479,1
4206,210856,Dust2,Natus Vincere,0.6190476190476191,-29
4207,211004,Dust2,Natus Vincere,0.5416666666666667,1
4208,211254,Dust2,Natus Vincere,0.2777777777777778,4
4209,216476,Dust2,Natus Vincere,0.3809523809523809,-32
4210,218145,Dust2,Natus Vincere,0.3157894736842105,6
4211,219672,Dust2,Natus Vincere,0.65,-2
4212,223109,Dust2,Natus Vincere,0.65,-11
4213,221705,Dust2,Natus Vincere,0.2352941176470588,-20
4214,221826,Dust2,Natus Vincere,0.65,-2
4215,222158,Dust2,Natus Vincere,0.2352941176470588,-24
4216,222280,Dust2,Natus Vincere,0.7222222222222222,-6
4217,222706,Dust2,Natus Vincere,0.65,-5
4218,222845,Dust2,Natus Vincere,0.5909090909090908,-1
4219,223343,Dust2,Natus Vincere,0.5909090909090908,5
4220,226514,Dust2,Natus Vincere,0.7222222222222222,-16
4221,226569,Dust2,Natus Vincere,0.2352941176470588,-1
4222,226603,Dust2,Natus Vincere,0.65,-31
4223,226624,Dust2,Natus Vincere,0.7647058823529412,-4
4224,228030,Dust2,Natus Vincere,0.7222222222222222,-11
4225,228906,Dust2,Natus Vincere,0.3157894736842105,-15
4226,168216,Inferno,Natus Vincere,0.4090909090909091,6
4227,181369,Inferno,Natus Vincere,0.6842105263157895,-28
4228,181707,Inferno,Natus Vincere,0.4090909090909091,-3
4229,186177,Inferno,Natus Vincere,0.7647058823529411,-8
4230,188250,Inferno,Natus Vincere,0.7222222222222222,-46
4231,194415,Inferno,Natus Vincere,0.8125,-18
4232,194542,Inferno,Natus Vincere,0.4347826086956521,-22
4233,195887,Inferno,Natus Vincere,0.0714285714285714,-4
4234,199499,Inferno,Natus Vincere,0.4583333333333333,-2
4235,203926,Inferno,Natus Vincere,0.8125,-17
4236,204081,Inferno,Natus Vincere,0.55,1
4237,208227,Inferno,Natus Vincere,0.5652173913043478,-28
4238,208304,Inferno,Natus Vincere,0.65,-16
4239,208411,Inferno,Natus Vincere,0.5652173913043478,-16
4240,215139,Inferno,Natus Vincere,0.4583333333333333,5
4241,219495,Inferno,Natus Vincere,0.8125,-1
4242,224405,Inferno,Natus Vincere,0.3809523809523809,3
4243,224499,Inferno,Natus Vincere,0.35,7
4244,229035,Inferno,Natus Vincere,0.8125,1
4245,164502,Inferno,Natus Vincere,0.7647058823529412,1
4246,164550,Inferno,Natus Vincere,0.35,-1
4247,167106,Inferno,Natus Vincere,0.409090909090909,-3
4248,168145,Inferno,Natus Vincere,0.5416666666666667,3
4249,169516,Inferno,Natus Vincere,0.4347826086956522,-3
4250,169696,Inferno,Natus Vincere,0.5909090909090908,-3
4251,169096,Inferno,Natus Vincere,0.6842105263157895,-49
4252,172609,Inferno,Natus Vincere,0.5909090909090908,-11
4253,172647,Inferno,Natus Vincere,0.8125,1
4254,179488,Inferno,Natus Vincere,0.6842105263157895,-1
4255,180338,Inferno,Natus Vincere,0.4583333333333333,-8
4256,180532,Inferno,Natus Vincere,0.4347826086956522,-8
4257,181641,Inferno,Natus Vincere,0.5333333333333333,-2
4258,184587,Inferno,Natus Vincere,0.6190476190476191,-4
4259,184660,Inferno,Natus Vincere,0.2352941176470588,-10
4260,185236,Inferno,Natus Vincere,0.4347826086956522,-5
4261,185323,Inferno,Natus Vincere,0.35,-4
4262,185989,Inferno,Natus Vincere,0.2352941176470588,-7
4263,186272,Inferno,Natus Vincere,0.5416666666666667,-4
4264,187213,Inferno,Natus Vincere,0.6842105263157895,-5
4265,188233,Inferno,Natus Vincere,0.5909090909090908,-31
4266,188306,Inferno,Natus Vincere,0.35,-4
4267,189145,Inferno,Natus Vincere,0.4583333333333333,-16
4268,190557,Inferno,Natus Vincere,0.5416666666666667,-8
4269,195965,Inferno,Natus Vincere,0.409090909090909,-1
4270,198060,Inferno,Natus Vincere,0.5909090909090908,-14
4271,198104,Inferno,Natus Vincere,0.5909090909090908,-4
4272,198141,Inferno,Natus Vincere,0.65,-21
4273,198159,Inferno,Natus Vincere,0.5652173913043479,-6
4274,199410,Inferno,Natus Vincere,0.6190476190476191,-17
4275,199581,Inferno,Natus Vincere,0.5652173913043479,-1
4276,201338,Inferno,Natus Vincere,0.5333333333333333,-7
4277,201554,Inferno,Natus Vincere,0.5428571428571429,-1
4278,203951,Inferno,Natus Vincere,0.5652173913043479,-2
4279,204459,Inferno,Natus Vincere,0.35,-7
4280,205621,Inferno,Natus Vincere,0.409090909090909,-9
4281,206363,Inferno,Natus Vincere,0.4583333333333333,-25
4282,208140,Inferno,Natus Vincere,0.6190476190476191,-55
4283,209887,Inferno,Natus Vincere,0.4583333333333333,-1
4284,210456,Inferno,Natus Vincere,0.3809523809523809,5
4285,211244,Inferno,Natus Vincere,0.5909090909090908,4
4286,212537,Inferno,Natus Vincere,0.4285714285714286,-6
4287,212611,Inferno,Natus Vincere,0.3809523809523809,-9
4288,215459,Inferno,Natus Vincere,0.4482758620689655,6
4289,215499,Inferno,Natus Vincere,0.3809523809523809,-5
4290,218138,Inferno,Natus Vincere,0.5909090909090908,6
4291,219205,Inferno,Natus Vincere,0.409090909090909,4
4292,219376,Inferno,Natus Vincere,0.5714285714285715,-3
4293,219896,Inferno,Natus Vincere,0.2352941176470588,4
4294,221709,Inferno,Natus Vincere,0.9285714285714286,-20
4295,221978,Inferno,Natus Vincere,0.65,-11
4296,222287,Inferno,Natus Vincere,0.2777777777777778,-6
4297,223329,Inferno,Natus Vincere,0.5909090909090908,5
4298,226512,Inferno,Natus Vincere,0.2352941176470588,-16
4299,226621,Inferno,Natus Vincere,0.7647058823529412,-4
4300,228792,Inferno,Natus Vincere,0.7647058823529412,-12
4301,228903,Inferno,Natus Vincere,0.4583333333333333,-15
4302,167141,Mirage,Natus Vincere,0.6842105263157895,-20
4303,169982,Mirage,Natus Vincere,0.2352941176470588,-8
4304,172298,Mirage,Natus Vincere,0.5652173913043478,-18
4305,172369,Mirage,Natus Vincere,0.35,-8
4306,172436,Mirage,Natus Vincere,0.5909090909090909,-46
4307,178192,Mirage,Natus Vincere,0.5909090909090909,-3
4308,178250,Mirage,Natus Vincere,0.7647058823529411,1
4309,181129,Mirage,Natus Vincere,0.7647058823529411,-24
4310,181701,Mirage,Natus Vincere,0.4761904761904761,-3
4311,184514,Mirage,Natus Vincere,0.5909090909090909,-2
4312,189174,Mirage,Natus Vincere,0.1333333333333333,-3
4313,191015,Mirage,Natus Vincere,0.5517241379310345,-11
4314,191593,Mirage,Natus Vincere,0.6190476190476191,2
4315,191662,Mirage,Natus Vincere,0.8125,-5
4316,192046,Mirage,Natus Vincere,0.3809523809523809,2
4317,194551,Mirage,Natus Vincere,0.7222222222222222,-22
4318,194842,Mirage,Natus Vincere,0.6842105263157895,-10
4319,195319,Mirage,Natus Vincere,0.3157894736842105,-4
4320,195889,Mirage,Natus Vincere,0.5517241379310345,-4
4321,199507,Mirage,Natus Vincere,0.4583333333333333,-2
4322,201895,Mirage,Natus Vincere,0.4090909090909091,6
4323,204147,Mirage,Natus Vincere,0.4583333333333333,2
4324,204323,Mirage,Natus Vincere,0.5909090909090909,-26
4325,211182,Mirage,Natus Vincere,0.5909090909090909,8
4326,218063,Mirage,Natus Vincere,0.4666666666666667,1
4327,219512,Mirage,Natus Vincere,0.4583333333333333,-1
4328,222571,Mirage,Natus Vincere,0.7647058823529411,1
4329,224420,Mirage,Natus Vincere,0.65,3
4330,226671,Mirage,Natus Vincere,0.2352941176470588,1
4331,228682,Mirage,Natus Vincere,0.7647058823529411,-32
4332,164487,Mirage,Natus Vincere,0.5909090909090908,-16
4333,164499,Mirage,Natus Vincere,0.4482758620689655,1
4334,164549,Mirage,Natus Vincere,0.7647058823529412,-1
4335,169699,Mirage,Natus Vincere,0.7222222222222222,-3
4336,170062,Mirage,Natus Vincere,0.6190476190476191,-7
4337,170108,Mirage,Natus Vincere,0.6190476190476191,-11
4338,170130,Mirage,Natus Vincere,0.2352941176470588,-10
4339,170395,Mirage,Natus Vincere,0.6842105263157895,-41
4340,172404,Mirage,Natus Vincere,0.5333333333333333,-4
4341,172603,Mirage,Natus Vincere,0.5517241379310345,-11
4342,172646,Mirage,Natus Vincere,0.1333333333333333,1
4343,174675,Mirage,Natus Vincere,0.6842105263157895,-18
4344,175050,Mirage,Natus Vincere,0.4666666666666667,1
4345,176501,Mirage,Natus Vincere,0.409090909090909,-8
4346,177950,Mirage,Natus Vincere,0.5652173913043479,4
4347,179028,Mirage,Natus Vincere,0.7222222222222222,-14
4348,179315,Mirage,Natus Vincere,0.5652173913043479,1
4349,179405,Mirage,Natus Vincere,0.7222222222222222,2
4350,180210,Mirage,Natus Vincere,0.8125,-11
4351,180328,Mirage,Natus Vincere,0.8666666666666667,-8
4352,180436,Mirage,Natus Vincere,0.8125,-19
4353,181184,Mirage,Natus Vincere,0.65,-7
4354,181650,Mirage,Natus Vincere,0.5416666666666667,-2
4355,183490,Mirage,Natus Vincere,0.7222222222222222,-10
4356,185318,Mirage,Natus Vincere,0.5416666666666667,-4
4357,186089,Mirage,Natus Vincere,0.2352941176470588,-13
4358,186231,Mirage,Natus Vincere,0.6842105263157895,-15
4359,186280,Mirage,Natus Vincere,0.3157894736842105,-4
4360,187159,Mirage,Natus Vincere,0.3157894736842105,-16
4361,187214,Mirage,Natus Vincere,0.3809523809523809,-5
4362,188300,Mirage,Natus Vincere,0.7647058823529412,-4
4363,189269,Mirage,Natus Vincere,0.5909090909090908,-19
4364,189358,Mirage,Natus Vincere,0.1875,-6
4365,190419,Mirage,Natus Vincere,0.6190476190476191,-126
4366,191504,Mirage,Natus Vincere,0.8125,-7
4367,195752,Mirage,Natus Vincere,0.6190476190476191,-12
4368,195014,Mirage,Natus Vincere,0.5909090909090908,-2
4369,198056,Mirage,Natus Vincere,0.7222222222222222,-14
4370,198108,Mirage,Natus Vincere,0.4583333333333333,-4
4371,198143,Mirage,Natus Vincere,0.409090909090909,-21
4372,199349,Mirage,Natus Vincere,0.65,-14
4373,199413,Mirage,Natus Vincere,0.5652173913043479,-17
4374,199810,Mirage,Natus Vincere,0.6190476190476191,-10
4375,201539,Mirage,Natus Vincere,0.5652173913043479,-1
4376,203736,Mirage,Natus Vincere,0.5909090909090908,-2
4377,203862,Mirage,Natus Vincere,0.4347826086956522,4
4378,206051,Mirage,Natus Vincere,0.6190476190476191,-32
4379,206200,Mirage,Natus Vincere,0.3809523809523809,-2
4380,210846,Mirage,Natus Vincere,0.4347826086956522,-29
4381,210999,Mirage,Natus Vincere,0.6842105263157895,1
4382,211241,Mirage,Natus Vincere,0.6842105263157895,4
4383,212531,Mirage,Natus Vincere,0.5652173913043479,-6
4384,214737,Mirage,Natus Vincere,0.5652173913043479,-34
4385,214840,Mirage,Natus Vincere,0.6190476190476191,-11
4386,215455,Mirage,Natus Vincere,0.7222222222222222,6
4387,216471,Mirage,Natus Vincere,0.4583333333333333,-32
4388,218133,Mirage,Natus Vincere,0.35,6
4389,219060,Mirage,Natus Vincere,0.6842105263157895,-6
4390,219212,Mirage,Natus Vincere,0.35,4
4391,219372,Mirage,Natus Vincere,0.409090909090909,-3
4392,219902,Mirage,Natus Vincere,0.3157894736842105,4
4393,223091,Mirage,Natus Vincere,0.5909090909090908,-11
4394,221717,Mirage,Natus Vincere,0.5416666666666667,-20
4395,221835,Mirage,Natus Vincere,0.2777777777777778,-2
4396,221963,Mirage,Natus Vincere,0.5333333333333333,-11
4397,222171,Mirage,Natus Vincere,0.4347826086956522,-24
4398,222692,Mirage,Natus Vincere,0.7222222222222222,-5
4399,222822,Mirage,Natus Vincere,0.65,-1
4400,226563,Mirage,Natus Vincere,0.8125,-1
4401,226623,Mirage,Natus Vincere,0.4583333333333333,-4
4402,227840,Mirage,Natus Vincere,0.5652173913043479,-18
4403,228800,Mirage,Natus Vincere,0.5416666666666667,-12
4404,229165,Mirage,Natus Vincere,0.8125,-12
4405,172355,Nuke,Natus Vincere,0.5517241379310345,-8
4406,172435,Nuke,Natus Vincere,0.5652173913043478,-46
4407,176439,Nuke,Natus Vincere,0.3809523809523809,-2
4408,178258,Nuke,Natus Vincere,0.3157894736842105,1
4409,181363,Nuke,Natus Vincere,0.4090909090909091,-28
4410,181691,Nuke,Natus Vincere,0.4666666666666667,-3
4411,188332,Nuke,Natus Vincere,0.5652173913043478,-14
4412,191001,Nuke,Natus Vincere,0.35,-11
4413,191605,Nuke,Natus Vincere,0.5333333333333333,2
4414,194429,Nuke,Natus Vincere,0.4090909090909091,-18
4415,201898,Nuke,Natus Vincere,0.4583333333333333,6
4416,203922,Nuke,Natus Vincere,0.4090909090909091,-17
4417,204152,Nuke,Natus Vincere,0.5909090909090909,2
4418,204319,Nuke,Natus Vincere,0.7222222222222222,-26
4419,208303,Nuke,Natus Vincere,0.5909090909090909,-16
4420,208403,Nuke,Natus Vincere,0.65,-16
4421,210163,Nuke,Natus Vincere,0.8125,8
4422,211187,Nuke,Natus Vincere,0.1875,8
4423,219504,Nuke,Natus Vincere,0.35,-1
4424,228124,Nuke,Natus Vincere,0.4285714285714285,1
4425,167214,Nuke,Natus Vincere,0.4347826086956522,1
4426,168130,Nuke,Natus Vincere,0.5416666666666667,4
4427,168147,Nuke,Natus Vincere,0.6842105263157895,3
4428,170106,Nuke,Natus Vincere,0.4583333333333333,-11
4429,170526,Nuke,Natus Vincere,0.65,-15
4430,172327,Nuke,Natus Vincere,0.5416666666666667,-3
4431,172631,Nuke,Natus Vincere,0.35,-3
4432,174737,Nuke,Natus Vincere,0.8125,-26
4433,174936,Nuke,Natus Vincere,0.3809523809523809,-9
4434,175043,Nuke,Natus Vincere,0.2777777777777778,1
4435,176494,Nuke,Natus Vincere,0.3809523809523809,-8
4436,177862,Nuke,Natus Vincere,0.5416666666666667,-1
4437,177941,Nuke,Natus Vincere,0.409090909090909,4
4438,179021,Nuke,Natus Vincere,0.5416666666666667,-14
4439,179321,Nuke,Natus Vincere,0.5714285714285715,1
4440,179399,Nuke,Natus Vincere,0.6190476190476191,2
4441,179483,Nuke,Natus Vincere,0.6842105263157895,-1
4442,180518,Nuke,Natus Vincere,0.5909090909090908,-8
4443,180601,Nuke,Natus Vincere,0.6842105263157895,-11
4444,184591,Nuke,Natus Vincere,0.4583333333333333,-4
4445,184644,Nuke,Natus Vincere,0.3809523809523809,-10
4446,185957,Nuke,Natus Vincere,0.8666666666666667,-21
4447,186086,Nuke,Natus Vincere,0.4347826086956522,-13
4448,187158,Nuke,Natus Vincere,0.3157894736842105,-16
4449,189113,Nuke,Natus Vincere,0.5652173913043479,-12
4450,189267,Nuke,Natus Vincere,0.6842105263157895,-19
4451,189359,Nuke,Natus Vincere,0.7222222222222222,-6
4452,199803,Nuke,Natus Vincere,0.4482758620689655,-10
4453,203743,Nuke,Natus Vincere,0.7222222222222222,-2
4454,203865,Nuke,Natus Vincere,0.4347826086956522,4
4455,204463,Nuke,Natus Vincere,0.1333333333333333,-7
4456,205625,Nuke,Natus Vincere,0.4583333333333333,-9
4457,208133,Nuke,Natus Vincere,0.7647058823529412,-55
4458,209660,Nuke,Natus Vincere,0.5909090909090908,1
4459,209735,Nuke,Natus Vincere,0.1333333333333333,2
4460,209902,Nuke,Natus Vincere,0.3809523809523809,-1
4461,210850,Nuke,Natus Vincere,0.7647058823529412,-29
4462,210994,Nuke,Natus Vincere,0.2352941176470588,1
4463,211249,Nuke,Natus Vincere,0.3809523809523809,4
4464,212529,Nuke,Natus Vincere,0.4482758620689655,-6
4465,212600,Nuke,Natus Vincere,0.6190476190476191,-9
4466,214997,Nuke,Natus Vincere,0.1333333333333333,6
4467,215498,Nuke,Natus Vincere,0.4583333333333333,-5
4468,216467,Nuke,Natus Vincere,0.5416666666666667,-32
4469,219050,Nuke,Natus Vincere,0.5652173913043479,-6
4470,222832,Nuke,Natus Vincere,0.6190476190476191,-1
4471,223676,Nuke,Natus Vincere,0.5652173913043479,-1
4472,226570,Nuke,Natus Vincere,0.4482758620689655,-1
4473,229112,Nuke,Natus Vincere,0.6842105263157895,-21
4474,229180,Nuke,Natus Vincere,0.5517241379310345,-12
4475,164602,Ancient,BetBoom,0.65,31
4476,164731,Ancient,BetBoom,0.4583333333333333,20
4477,166115,Ancient,BetBoom,0.1875,-34
4478,167308,Ancient,BetBoom,0.35,-84
4479,167653,Ancient,BetBoom,0.2777777777777778,-3
4480,167757,Ancient,BetBoom,0.5909090909090909,3
4481,167883,Ancient,BetBoom,0.5652173913043478,6
4482,168084,Ancient,BetBoom,0.65,-18
4483,169861,Ancient,BetBoom,0.35,11
4484,170165,Ancient,BetBoom,0.4090909090909091,-101
4485,170849,Ancient,BetBoom,0.4347826086956521,-17
4486,171272,Ancient,BetBoom,0.35,-12
4487,172383,Ancient,BetBoom,0.2352941176470588,-18
4488,172422,Ancient,BetBoom,0.8125,-19
4489,173171,Ancient,BetBoom,0.65,-5
4490,173379,Ancient,BetBoom,0.5416666666666666,-36
4491,173509,Ancient,BetBoom,0.2352941176470588,-2
4492,172866,Ancient,BetBoom,0.5909090909090909,-14
4493,174235,Ancient,BetBoom,0.0714285714285714,-13
4494,174397,Ancient,BetBoom,0.35,-13
4495,173812,Ancient,BetBoom,0.6190476190476191,-49
4496,173955,Ancient,BetBoom,0.2352941176470588,23
4497,175162,Ancient,BetBoom,0.65,-17
4498,175986,Ancient,BetBoom,0.6842105263157895,9
4499,176224,Ancient,BetBoom,0.5333333333333333,-102
4500,177029,Ancient,BetBoom,0.65,-14
4501,177081,Ancient,BetBoom,0.5909090909090909,2
4502,181584,Ancient,BetBoom,0.7222222222222222,-49
4503,181684,Ancient,BetBoom,0.6842105263157895,-86
4504,182217,Ancient,BetBoom,0.35,9
4505,182365,Ancient,BetBoom,0.65,-142
4506,183037,Ancient,BetBoom,0.7222222222222222,-15
4507,183364,Ancient,BetBoom,0.3157894736842105,-10
4508,185841,Ancient,BetBoom,0.4583333333333333,17
4509,188331,Ancient,BetBoom,0.6190476190476191,6
4510,188356,Ancient,BetBoom,0.5909090909090909,19
4511,188370,Ancient,BetBoom,0.5714285714285714,-6
4512,187604,Ancient,BetBoom,0.3157894736842105,-2
4513,187951,Ancient,BetBoom,0.5416666666666666,-10
4514,191700,Ancient,BetBoom,0.5416666666666666,-78
4515,191729,Ancient,BetBoom,0.4347826086956521,-6
4516,191830,Ancient,BetBoom,0.5652173913043478,-78
4517,191919,Ancient,BetBoom,0.3157894736842105,-6
4518,192309,Ancient,BetBoom,0.1333333333333333,8
4519,194576,Ancient,BetBoom,0.4583333333333333,-15
4520,194810,Ancient,BetBoom,0.35,-21
4521,194973,Ancient,BetBoom,0.5333333333333333,-15
4522,195051,Ancient,BetBoom,0.5333333333333333,-18
4523,195239,Ancient,BetBoom,0.2352941176470588,-30
4524,196164,Ancient,BetBoom,0.35,-89
4525,196330,Ancient,BetBoom,0.7222222222222222,-24
4526,196585,Ancient,BetBoom,0.3809523809523809,-36
4527,196895,Ancient,BetBoom,0.8125,-16
4528,197712,Ancient,BetBoom,0.2352941176470588,-4
4529,198411,Ancient,BetBoom,0.6190476190476191,3
4530,199771,Ancient,BetBoom,0.4583333333333333,-15
4531,203184,Ancient,BetBoom,0.5652173913043478,10
4532,203352,Ancient,BetBoom,0.65,14
4533,204296,Ancient,BetBoom,0.3157894736842105,19
4534,204367,Ancient,BetBoom,0.4482758620689655,1
4535,204892,Ancient,BetBoom,0.1333333333333333,-20
4536,205646,Ancient,BetBoom,0.5517241379310345,-32
4537,205776,Ancient,BetBoom,0.5652173913043478,-5
4538,206265,Ancient,BetBoom,0.3157894736842105,-9
4539,206431,Ancient,BetBoom,0.6190476190476191,-14
4540,208360,Ancient,BetBoom,0.5909090909090909,-44
4541,208409,Ancient,BetBoom,0.5909090909090909,-29
4542,209063,Ancient,BetBoom,0.35,-14
4543,210369,Ancient,BetBoom,0.6842105263157895,-90
4544,210478,Ancient,BetBoom,0.65,-38
4545,210670,Ancient,BetBoom,0.5416666666666666,-50
4546,211814,Ancient,BetBoom,0.65,-2
4547,212058,Ancient,BetBoom,0.1333333333333333,21
4548,212146,Ancient,BetBoom,0.35,16
4549,215130,Ancient,BetBoom,0.5416666666666666,-49
4550,214094,Ancient,BetBoom,0.8666666666666667,-64
4551,213242,Ancient,BetBoom,0.4347826086956521,-29
4552,216102,Ancient,BetBoom,0.5416666666666666,-100
4553,216186,Ancient,BetBoom,0.5208333333333334,-4
4554,217049,Ancient,BetBoom,0.4583333333333333,-31
4555,218282,Ancient,BetBoom,0.7647058823529411,-59
4556,218424,Ancient,BetBoom,0.4583333333333333,-40
4557,217627,Ancient,BetBoom,0.65,-100
4558,218705,Ancient,BetBoom,0.7647058823529411,-34
4559,218903,Ancient,BetBoom,0.6842105263157895,-48
4560,219892,Ancient,BetBoom,0.5652173913043478,-2
4561,220227,Ancient,BetBoom,0.6190476190476191,-2
4562,220825,Ancient,BetBoom,0.5652173913043478,-2
4563,220979,Ancient,BetBoom,0.4090909090909091,-9
4564,224148,Ancient,BetBoom,0.6190476190476191,5
4565,225303,Ancient,BetBoom,0.7222222222222222,12
4566,225530,Ancient,BetBoom,0.4090909090909091,7
4567,225738,Ancient,BetBoom,0.4583333333333333,12
4568,224751,Ancient,BetBoom,0.4090909090909091,17
4569,229109,Ancient,BetBoom,0.3809523809523809,21
4570,168107,Ancient,BetBoom,0.4482758620689655,-11
4571,171106,Ancient,BetBoom,0.5909090909090908,-38
4572,172984,Ancient,BetBoom,0.7222222222222222,-44
4573,173524,Ancient,BetBoom,0.5909090909090908,-10
4574,172303,Ancient,BetBoom,0.7647058823529412,-88
4575,173274,Ancient,BetBoom,0.5652173913043479,2
4576,173397,Ancient,BetBoom,0.3809523809523809,2
4577,173820,Ancient,BetBoom,0.6842105263157895,10
4578,174859,Ancient,BetBoom,0.6842105263157895,-15
4579,175257,Ancient,BetBoom,0.3157894736842105,-22
4580,177330,Ancient,BetBoom,0.4666666666666667,12
4581,192475,Ancient,BetBoom,0.2777777777777778,6
4582,194638,Ancient,BetBoom,0.65,-37
4583,196535,Ancient,BetBoom,0.5416666666666667,-37
4584,198305,Ancient,BetBoom,0.4680851063829787,-9
4585,210628,Ancient,BetBoom,0.6842105263157895,-47
4586,224772,Ancient,BetBoom,0.5652173913043479,-20
4587,164730,Anubis,BetBoom,0.3157894736842105,20
4588,165055,Anubis,BetBoom,0.6842105263157895,-19
4589,166300,Anubis,BetBoom,0.5909090909090909,-32
4590,167235,Anubis,BetBoom,0.8125,-53
4591,167307,Anubis,BetBoom,0.3809523809523809,-84
4592,166812,Anubis,BetBoom,0.8125,-6
4593,166924,Anubis,BetBoom,0.35,-10
4594,169193,Anubis,BetBoom,0.2777777777777778,8
4595,169859,Anubis,BetBoom,0.3157894736842105,11
4596,170185,Anubis,BetBoom,0.3157894736842105,-19
4597,170377,Anubis,BetBoom,0.3157894736842105,-18
4598,170519,Anubis,BetBoom,0.6190476190476191,15
4599,171179,Anubis,BetBoom,0.5652173913043478,-12
4600,171305,Anubis,BetBoom,0.4583333333333333,-22
4601,171358,Anubis,BetBoom,0.1875,-70
4602,171267,Anubis,BetBoom,0.5416666666666666,-39
4603,172428,Anubis,BetBoom,0.4583333333333333,-19
4604,173166,Anubis,BetBoom,0.6842105263157895,-5
4605,172958,Anubis,BetBoom,0.7647058823529411,-14
4606,174232,Anubis,BetBoom,0.7222222222222222,-13
4607,174317,Anubis,BetBoom,0.4090909090909091,26
4608,174401,Anubis,BetBoom,0.5333333333333333,-13
4609,175000,Anubis,BetBoom,0.4090909090909091,5
4610,173910,Anubis,BetBoom,0.3809523809523809,22
4611,173944,Anubis,BetBoom,0.4090909090909091,23
4612,175512,Anubis,BetBoom,0.5909090909090909,13
4613,177193,Anubis,BetBoom,0.5416666666666666,7
4614,181585,Anubis,BetBoom,0.8125,-49
4615,182187,Anubis,BetBoom,0.4090909090909091,-2
4616,183372,Anubis,BetBoom,0.4347826086956521,-10
4617,183332,Anubis,BetBoom,0.6842105263157895,-35
4618,184978,Anubis,BetBoom,0.5517241379310345,-75
4619,185225,Anubis,BetBoom,0.5909090909090909,-9
4620,185805,Anubis,BetBoom,0.5909090909090909,-33
4621,185836,Anubis,BetBoom,0.3157894736842105,17
4622,186176,Anubis,BetBoom,0.35,-43
4623,188245,Anubis,BetBoom,0.7647058823529411,-43
4624,187869,Anubis,BetBoom,0.5588235294117647,-26
4625,187957,Anubis,BetBoom,0.5714285714285714,-10
4626,190616,Anubis,BetBoom,0.65,18
4627,190895,Anubis,BetBoom,0.1333333333333333,25
4628,191717,Anubis,BetBoom,0.5333333333333333,-6
4629,191904,Anubis,BetBoom,0.4090909090909091,-6
4630,192291,Anubis,BetBoom,0.6842105263157895,-14
4631,194597,Anubis,BetBoom,0.4722222222222222,-15
4632,194878,Anubis,BetBoom,0.6190476190476191,-28
4633,196600,Anubis,BetBoom,0.5652173913043478,-36
4634,196706,Anubis,BetBoom,0.5416666666666666,-69
4635,197005,Anubis,BetBoom,0.5333333333333333,-58
4636,197028,Anubis,BetBoom,0.65,-106
4637,198801,Anubis,BetBoom,0.6190476190476191,-34
4638,197931,Anubis,BetBoom,0.5652173913043478,-106
4639,197945,Anubis,BetBoom,0.5416666666666666,-16
4640,198009,Anubis,BetBoom,0.4761904761904761,-16
4641,198191,Anubis,BetBoom,0.5652173913043478,-2
4642,198419,Anubis,BetBoom,0.3809523809523809,3
4643,198851,Anubis,BetBoom,0.4347826086956521,-50
4644,200929,Anubis,BetBoom,0.8125,2
4645,201027,Anubis,BetBoom,0.5333333333333333,9
4646,201160,Anubis,BetBoom,0.4583333333333333,15
4647,203108,Anubis,BetBoom,0.3809523809523809,3
4648,203196,Anubis,BetBoom,0.5652173913043478,10
4649,217657,Anubis,BetBoom,0.35,-4
4650,217703,Anubis,BetBoom,0.4285714285714285,-4
4651,220216,Anubis,BetBoom,0.4090909090909091,-2
4652,220820,Anubis,BetBoom,0.4347826086956521,-2
4653,223972,Anubis,BetBoom,0.8666666666666667,-58
4654,224049,Anubis,BetBoom,0.5652173913043478,-1
4655,225686,Anubis,BetBoom,0.6190476190476191,4
4656,225725,Anubis,BetBoom,0.5652173913043478,12
4657,224767,Anubis,BetBoom,0.5652173913043478,17
4658,227093,Anubis,BetBoom,0.4090909090909091,-77
4659,228774,Anubis,BetBoom,0.5652173913043478,22
4660,228899,Anubis,BetBoom,0.7222222222222222,-9
4661,166215,Anubis,BetBoom,0.5909090909090908,-50
4662,166290,Anubis,BetBoom,0.65,-57
4663,166738,Anubis,BetBoom,0.4583333333333333,-29
4664,171095,Anubis,BetBoom,0.5333333333333333,-38
4665,173496,Anubis,BetBoom,0.4347826086956522,2
4666,172896,Anubis,BetBoom,0.7647058823529412,-44
4667,174602,Anubis,BetBoom,0.3809523809523809,-10
4668,175253,Anubis,BetBoom,0.5909090909090908,-15
4669,175262,Anubis,BetBoom,0.6190476190476191,-22
4670,176296,Anubis,BetBoom,0.2777777777777778,-22
4671,185194,Anubis,BetBoom,0.7647058823529412,6
4672,197577,Anubis,BetBoom,0.7647058823529412,-11
4673,197792,Anubis,BetBoom,0.8125,-25
4674,201095,Anubis,BetBoom,0.2352941176470588,19
4675,175376,Dust2,BetBoom,0.4583333333333333,22
4676,176040,Dust2,BetBoom,0.2352941176470588,18
4677,176222,Dust2,BetBoom,0.8125,-102
4678,181657,Dust2,BetBoom,0.6190476190476191,-110
4679,181686,Dust2,BetBoom,0.6842105263157895,-86
4680,181700,Dust2,BetBoom,0.6842105263157895,-37
4681,182358,Dust2,BetBoom,0.6190476190476191,-142
4682,183258,Dust2,BetBoom,0.6190476190476191,-48
4683,185119,Dust2,BetBoom,0.8666666666666667,-4
4684,185711,Dust2,BetBoom,0.1875,7
4685,185813,Dust2,BetBoom,0.65,-33
4686,187864,Dust2,BetBoom,0.35,-26
4687,190471,Dust2,BetBoom,0.4722222222222222,22
4688,190603,Dust2,BetBoom,0.4583333333333333,18
4689,190897,Dust2,BetBoom,0.1875,25
4690,191737,Dust2,BetBoom,0.4347826086956521,-6
4691,192340,Dust2,BetBoom,0.1333333333333333,8
4692,196337,Dust2,BetBoom,0.5416666666666666,-24
4693,196672,Dust2,BetBoom,0.2777777777777778,-89
4694,198795,Dust2,BetBoom,0.5652173913043478,-34
4695,199375,Dust2,BetBoom,0.35,-15
4696,198192,Dust2,BetBoom,1.0,-2
4697,198252,Dust2,BetBoom,0.5714285714285714,-12
4698,198857,Dust2,BetBoom,0.65,-50
4699,203296,Dust2,BetBoom,0.65,2
4700,203342,Dust2,BetBoom,0.4090909090909091,14
4701,205075,Dust2,BetBoom,0.5416666666666666,-22
4702,206348,Dust2,BetBoom,0.5652173913043478,-15
4703,208636,Dust2,BetBoom,0.5909090909090909,-52
4704,209052,Dust2,BetBoom,0.65,-14
4705,208449,Dust2,BetBoom,0.4347826086956521,-17
4706,210647,Dust2,BetBoom,0.4583333333333333,-44
4707,214084,Dust2,BetBoom,0.4411764705882353,-64
4708,214363,Dust2,BetBoom,0.4482758620689655,-29
4709,216100,Dust2,BetBoom,0.6190476190476191,-100
4710,216172,Dust2,BetBoom,0.8666666666666667,-4
4711,216214,Dust2,BetBoom,0.8125,-4
4712,217082,Dust2,BetBoom,0.5416666666666666,-31
4713,217209,Dust2,BetBoom,0.5416666666666666,-137
4714,217326,Dust2,BetBoom,0.4090909090909091,-4
4715,218281,Dust2,BetBoom,0.3809523809523809,-59
4716,218373,Dust2,BetBoom,0.4583333333333333,-39
4717,217616,Dust2,BetBoom,0.6190476190476191,-100
4718,217711,Dust2,BetBoom,0.65,-4
4719,218817,Dust2,BetBoom,0.5652173913043478,-19
4720,218911,Dust2,BetBoom,0.5416666666666666,-48
4721,224143,Dust2,BetBoom,0.8125,5
4722,225052,Dust2,BetBoom,0.65,7
4723,225558,Dust2,BetBoom,0.5416666666666666,7
4724,225749,Dust2,BetBoom,0.4090909090909091,12
4725,227073,Dust2,BetBoom,0.4090909090909091,-77
4726,228895,Dust2,BetBoom,0.5416666666666666,-9
4727,196525,Dust2,BetBoom,0.4571428571428572,-37
4728,197575,Dust2,BetBoom,0.3809523809523809,-11
4729,197798,Dust2,BetBoom,0.2777777777777778,-25
4730,205345,Dust2,BetBoom,0.65,-40
4731,207074,Dust2,BetBoom,0.4583333333333333,-46
4732,210623,Dust2,BetBoom,0.5333333333333333,-47
4733,218671,Dust2,BetBoom,0.65,-120
4734,225474,Dust2,BetBoom,0.7647058823529412,-17
4735,228656,Dust2,BetBoom,0.7222222222222222,7
4736,184985,Inferno,BetBoom,0.7222222222222222,-75
4737,197901,Inferno,BetBoom,0.5652173913043478,-21
4738,215453,Inferno,BetBoom,0.2352941176470588,-40
4739,185178,Inferno,BetBoom,0.3157894736842105,6
4740,164488,Mirage,BetBoom,0.5333333333333333,35
4741,164503,Mirage,BetBoom,0.5416666666666666,24
4742,164597,Mirage,BetBoom,0.4411764705882353,31
4743,165066,Mirage,BetBoom,0.35,-19
4744,166117,Mirage,BetBoom,0.9285714285714286,-34
4745,166295,Mirage,BetBoom,0.3157894736842105,-32
4746,166902,Mirage,BetBoom,0.5909090909090909,-72
4747,166933,Mirage,BetBoom,0.4090909090909091,-10
4748,167928,Mirage,BetBoom,0.3157894736842105,4
4749,169315,Mirage,BetBoom,0.5909090909090909,-25
4750,170170,Mirage,BetBoom,0.4347826086956521,-101
4751,170175,Mirage,BetBoom,0.65,-19
4752,170382,Mirage,BetBoom,0.9285714285714286,-27
4753,170571,Mirage,BetBoom,0.35,4
4754,171353,Mirage,BetBoom,0.8125,-70
4755,173477,Mirage,BetBoom,0.5909090909090909,-41
4756,172427,Mirage,BetBoom,0.5652173913043478,-19
4757,173504,Mirage,BetBoom,0.1875,-2
4758,172960,Mirage,BetBoom,0.5909090909090909,-14
4759,174237,Mirage,BetBoom,0.5416666666666666,-13
4760,174313,Mirage,BetBoom,0.2352941176470588,26
4761,174399,Mirage,BetBoom,0.6842105263157895,-13
4762,174995,Mirage,BetBoom,0.4090909090909091,5
4763,173891,Mirage,BetBoom,0.7647058823529411,22
4764,174695,Mirage,BetBoom,0.5652173913043478,-46
4765,175123,Mirage,BetBoom,0.5652173913043478,-55
4766,175170,Mirage,BetBoom,0.65,-17
4767,175924,Mirage,BetBoom,0.5909090909090909,9
4768,176033,Mirage,BetBoom,0.8125,18
4769,181698,Mirage,BetBoom,0.4090909090909091,-37
4770,182179,Mirage,BetBoom,0.3809523809523809,-2
4771,183359,Mirage,BetBoom,0.6842105263157895,-10
4772,183337,Mirage,BetBoom,0.4583333333333333,-35
4773,185128,Mirage,BetBoom,0.5517241379310345,-4
4774,188333,Mirage,BetBoom,0.6190476190476191,6
4775,188374,Mirage,BetBoom,0.4090909090909091,-6
4776,187861,Mirage,BetBoom,0.5909090909090909,-26
4777,190479,Mirage,BetBoom,0.5416666666666666,22
4778,190608,Mirage,BetBoom,0.5416666666666666,18
4779,191819,Mirage,BetBoom,0.5588235294117647,-78
4780,191912,Mirage,BetBoom,0.5909090909090909,-6
4781,192279,Mirage,BetBoom,0.4482758620689655,-14
4782,194820,Mirage,BetBoom,0.5416666666666666,-21
4783,194895,Mirage,BetBoom,0.7222222222222222,-28
4784,195064,Mirage,BetBoom,0.65,-18
4785,195123,Mirage,BetBoom,0.4347826086956521,-59
4786,196171,Mirage,BetBoom,0.35,-89
4787,196679,Mirage,BetBoom,0.7647058823529411,-89
4788,196695,Mirage,BetBoom,0.3809523809523809,-69
4789,196934,Mirage,BetBoom,0.7222222222222222,-33
4790,197737,Mirage,BetBoom,0.5517241379310345,-19
4791,198006,Mirage,BetBoom,0.2352941176470588,-16
4792,200894,Mirage,BetBoom,0.3157894736842105,11
4793,201110,Mirage,BetBoom,0.4090909090909091,18
4794,199768,Mirage,BetBoom,0.3809523809523809,-15
4795,203292,Mirage,BetBoom,0.4482758620689655,2
4796,203360,Mirage,BetBoom,0.6190476190476191,14
4797,204294,Mirage,BetBoom,0.4347826086956521,19
4798,204576,Mirage,BetBoom,0.2352941176470588,-15
4799,204886,Mirage,BetBoom,0.3157894736842105,-20
4800,206033,Mirage,BetBoom,0.4347826086956521,-28
4801,206108,Mirage,BetBoom,0.8125,-45
4802,206330,Mirage,BetBoom,0.5909090909090909,-15
4803,206373,Mirage,BetBoom,0.5652173913043478,-5
4804,206436,Mirage,BetBoom,0.1333333333333333,-14
4805,208107,Mirage,BetBoom,0.7647058823529411,-90
4806,208417,Mirage,BetBoom,0.4583333333333333,-29
4807,209041,Mirage,BetBoom,0.4347826086956521,-14
4808,208463,Mirage,BetBoom,0.4090909090909091,-17
4809,209278,Mirage,BetBoom,0.7647058823529411,-76
4810,209361,Mirage,BetBoom,0.4583333333333333,-39
4811,210381,Mirage,BetBoom,0.65,-90
4812,210538,Mirage,BetBoom,0.5909090909090909,-29
4813,210610,Mirage,BetBoom,0.5909090909090909,-28
4814,210692,Mirage,BetBoom,0.6842105263157895,-32
4815,211950,Mirage,BetBoom,0.4583333333333333,13
4816,212051,Mirage,BetBoom,0.2777777777777778,21
4817,212149,Mirage,BetBoom,0.5416666666666666,16
4818,215145,Mirage,BetBoom,0.5588235294117647,-49
4819,215205,Mirage,BetBoom,0.8666666666666667,-25
4820,215290,Mirage,BetBoom,0.3809523809523809,7
4821,214267,Mirage,BetBoom,0.6842105263157895,-57
4822,214323,Mirage,BetBoom,0.5652173913043478,12
4823,214345,Mirage,BetBoom,0.5517241379310345,-29
4824,213007,Mirage,BetBoom,0.7222222222222222,-66
4825,213230,Mirage,BetBoom,0.5517241379310345,-29
4826,215461,Mirage,BetBoom,0.6842105263157895,-40
4827,216177,Mirage,BetBoom,0.2352941176470588,-4
4828,217217,Mirage,BetBoom,0.7647058823529411,-137
4829,217358,Mirage,BetBoom,0.6842105263157895,6
4830,216617,Mirage,BetBoom,0.3809523809523809,18
4831,218314,Mirage,BetBoom,0.8125,-26
4832,218413,Mirage,BetBoom,0.5714285714285714,-40
4833,217669,Mirage,BetBoom,0.5652173913043478,-4
4834,217722,Mirage,BetBoom,0.5652173913043478,-4
4835,218822,Mirage,BetBoom,0.2352941176470588,-19
4836,219872,Mirage,BetBoom,0.5909090909090909,-99
4837,220136,Mirage,BetBoom,0.4347826086956521,6
4838,220967,Mirage,BetBoom,0.4090909090909091,-9
4839,225037,Mirage,BetBoom,0.3809523809523809,7
4840,225290,Mirage,BetBoom,0.2777777777777778,12
4841,225701,Mirage,BetBoom,0.7222222222222222,4
4842,224370,Mirage,BetBoom,0.6190476190476191,-106
4843,224658,Mirage,BetBoom,0.5517241379310345,-14
4844,224734,Mirage,BetBoom,0.5416666666666666,17
4845,229150,Mirage,BetBoom,0.2352941176470588,6
4846,166212,Mirage,BetBoom,0.4347826086956522,-50
4847,166747,Mirage,BetBoom,0.4347826086956522,-29
4848,168109,Mirage,BetBoom,0.5652173913043479,-11
4849,172993,Mirage,BetBoom,0.6842105263157895,-44
4850,172300,Mirage,BetBoom,0.5714285714285715,-88
4851,173493,Mirage,BetBoom,0.35,2
4852,172897,Mirage,BetBoom,0.9285714285714286,-44
4853,173357,Mirage,BetBoom,0.5416666666666667,-1
4854,173399,Mirage,BetBoom,0.3157894736842105,2
4855,173826,Mirage,BetBoom,0.5909090909090908,10
4856,174856,Mirage,BetBoom,0.65,-15
4857,174873,Mirage,BetBoom,0.3809523809523809,-6
4858,175244,Mirage,BetBoom,0.5588235294117647,-15
4859,175268,Mirage,BetBoom,0.409090909090909,-22
4860,175969,Mirage,BetBoom,0.4722222222222222,17
4861,176290,Mirage,BetBoom,0.65,-22
4862,177320,Mirage,BetBoom,0.65,12
4863,192467,Mirage,BetBoom,0.65,6
4864,194656,Mirage,BetBoom,0.35,-37
4865,196547,Mirage,BetBoom,0.6190476190476191,-37
4866,197576,Mirage,BetBoom,0.8125,-11
4867,198327,Mirage,BetBoom,0.4347826086956522,-9
4868,203444,Mirage,BetBoom,0.4347826086956522,16
4869,205315,Mirage,BetBoom,0.35,-40
4870,205781,Mirage,BetBoom,0.7647058823529412,-40
4871,224323,Mirage,BetBoom,0.35,-20
4872,224775,Mirage,BetBoom,0.5909090909090908,-20
4873,228642,Mirage,BetBoom,0.4666666666666667,7
4874,164508,Nuke,BetBoom,0.6842105263157895,24
4875,166817,Nuke,BetBoom,0.65,-6
4876,167655,Nuke,BetBoom,0.0714285714285714,-3
4877,167768,Nuke,BetBoom,0.65,3
4878,167886,Nuke,BetBoom,0.7222222222222222,6
4879,168085,Nuke,BetBoom,0.4090909090909091,-18
4880,169187,Nuke,BetBoom,0.1875,8
4881,169809,Nuke,BetBoom,0.0714285714285714,3
4882,170435,Nuke,BetBoom,0.5652173913043478,-26
4883,170526,Nuke,BetBoom,0.35,15
4884,172384,Nuke,BetBoom,0.7647058823529411,-18
4885,172424,Nuke,BetBoom,0.4482758620689655,-19
4886,173372,Nuke,BetBoom,0.5909090909090909,-36
4887,174363,Nuke,BetBoom,0.6190476190476191,20
4888,173927,Nuke,BetBoom,0.7647058823529411,23
4889,174790,Nuke,BetBoom,0.5909090909090909,-33
4890,175121,Nuke,BetBoom,0.6190476190476191,-55
4891,175528,Nuke,BetBoom,0.1875,13
4892,175935,Nuke,BetBoom,0.9285714285714286,9
4893,175988,Nuke,BetBoom,0.5428571428571428,9
4894,177056,Nuke,BetBoom,0.0714285714285714,-2
4895,177164,Nuke,BetBoom,0.6190476190476191,9
4896,181653,Nuke,BetBoom,0.6190476190476191,-110
4897,181693,Nuke,BetBoom,0.7647058823529411,-37
4898,182219,Nuke,BetBoom,0.3809523809523809,9
4899,183041,Nuke,BetBoom,0.5652173913043478,-15
4900,183264,Nuke,BetBoom,0.7222222222222222,-48
4901,185230,Nuke,BetBoom,0.65,-9
4902,185840,Nuke,BetBoom,0.5652173913043478,17
4903,186174,Nuke,BetBoom,0.5416666666666666,-43
4904,188256,Nuke,BetBoom,0.1875,31
4905,188299,Nuke,BetBoom,0.4583333333333333,2
4906,188372,Nuke,BetBoom,0.2777777777777778,-6
4907,187607,Nuke,BetBoom,0.2777777777777778,-2
4908,190476,Nuke,BetBoom,0.65,22
4909,191801,Nuke,BetBoom,0.4411764705882353,-78
4910,194565,Nuke,BetBoom,0.5416666666666666,-15
4911,194983,Nuke,BetBoom,0.3809523809523809,-15
4912,195128,Nuke,BetBoom,0.35,-59
4913,195242,Nuke,BetBoom,0.3157894736842105,-30
4914,196321,Nuke,BetBoom,0.2352941176470588,-24
4915,196686,Nuke,BetBoom,0.5909090909090909,-89
4916,196711,Nuke,BetBoom,0.4583333333333333,-69
4917,197046,Nuke,BetBoom,0.4583333333333333,-34
4918,199371,Nuke,BetBoom,0.65,-15
4919,197864,Nuke,BetBoom,0.5652173913043478,-58
4920,197891,Nuke,BetBoom,0.5652173913043478,-20
4921,198001,Nuke,BetBoom,0.5277777777777778,-16
4922,198860,Nuke,BetBoom,0.2777777777777778,-50
4923,201022,Nuke,BetBoom,0.5277777777777778,9
4924,199764,Nuke,BetBoom,0.9285714285714286,-15
4925,203091,Nuke,BetBoom,0.5333333333333333,3
4926,203181,Nuke,BetBoom,0.4583333333333333,10
4927,203298,Nuke,BetBoom,0.6842105263157895,2
4928,204359,Nuke,BetBoom,0.4482758620689655,1
4929,204881,Nuke,BetBoom,0.6842105263157895,-20
4930,205652,Nuke,BetBoom,0.5909090909090909,-32
4931,205687,Nuke,BetBoom,0.5652173913043478,-6
4932,205772,Nuke,BetBoom,0.2777777777777778,-5
4933,206040,Nuke,BetBoom,0.5652173913043478,-28
4934,206105,Nuke,BetBoom,0.7647058823529411,-45
4935,206279,Nuke,BetBoom,0.5714285714285714,-9
4936,206370,Nuke,BetBoom,0.7222222222222222,-5
4937,208115,Nuke,BetBoom,0.7222222222222222,-90
4938,208281,Nuke,BetBoom,0.5416666666666666,-23
4939,208368,Nuke,BetBoom,0.4583333333333333,-44
4940,208402,Nuke,BetBoom,0.3809523809523809,-29
4941,208651,Nuke,BetBoom,0.35,-52
4942,208457,Nuke,BetBoom,0.5652173913043478,-17
4943,209288,Nuke,BetBoom,0.5588235294117647,-76
4944,210542,Nuke,BetBoom,0.5416666666666666,-29
4945,210637,Nuke,BetBoom,0.4571428571428571,-44
4946,210459,Nuke,BetBoom,0.65,-38
4947,210606,Nuke,BetBoom,0.6190476190476191,-28
4948,210667,Nuke,BetBoom,0.7647058823529411,-50
4949,210689,Nuke,BetBoom,0.5333333333333333,-32
4950,211803,Nuke,BetBoom,0.4347826086956521,-2
4951,211945,Nuke,BetBoom,0.3809523809523809,13
4952,212053,Nuke,BetBoom,0.8125,21
4953,212156,Nuke,BetBoom,0.4583333333333333,16
4954,215137,Nuke,BetBoom,0.4090909090909091,-49
4955,215286,Nuke,BetBoom,0.3809523809523809,7
4956,214091,Nuke,BetBoom,0.6842105263157895,-64
4957,214326,Nuke,BetBoom,0.65,12
4958,213031,Nuke,BetBoom,0.5909090909090909,-60
4959,213133,Nuke,BetBoom,0.8666666666666667,-121
4960,217078,Nuke,BetBoom,0.5365853658536586,-31
4961,217353,Nuke,BetBoom,0.2777777777777778,6
4962,216626,Nuke,BetBoom,0.2352941176470588,18
4963,218316,Nuke,BetBoom,0.5909090909090909,-26
4964,217671,Nuke,BetBoom,0.5416666666666666,-4
4965,218699,Nuke,BetBoom,0.6190476190476191,-34
4966,218828,Nuke,BetBoom,0.65,-19
4967,220126,Nuke,BetBoom,0.5652173913043478,6
4968,220973,Nuke,BetBoom,0.7222222222222222,-9
4969,224059,Nuke,BetBoom,0.5909090909090909,-1
4970,224115,Nuke,BetBoom,0.2777777777777778,-14
4971,225545,Nuke,BetBoom,0.65,7
4972,224654,Nuke,BetBoom,0.5416666666666666,-14
4973,227087,Nuke,BetBoom,0.5909090909090909,-77
4974,228791,Nuke,BetBoom,0.6190476190476191,22
4975,228898,Nuke,BetBoom,0.3157894736842105,-9
4976,229112,Nuke,BetBoom,0.3157894736842105,21
4977,229153,Nuke,BetBoom,0.1875,6
4978,166289,Nuke,BetBoom,0.65,-57
4979,168111,Nuke,BetBoom,0.3157894736842105,-11
4980,173522,Nuke,BetBoom,0.4583333333333333,-10
4981,172297,Nuke,BetBoom,0.4583333333333333,-88
4982,173279,Nuke,BetBoom,0.7647058823529412,2
4983,173365,Nuke,BetBoom,0.4583333333333333,-1
4984,176286,Nuke,BetBoom,0.4347826086956522,-22
4985,177314,Nuke,BetBoom,0.2777777777777778,12
4986,185191,Nuke,BetBoom,0.5333333333333333,6
4987,192470,Nuke,BetBoom,0.4583333333333333,6
4988,194412,Nuke,BetBoom,0.7222222222222222,-51
4989,194623,Nuke,BetBoom,0.4347826086956522,-37
4990,197805,Nuke,BetBoom,0.65,-25
4991,203453,Nuke,BetBoom,0.3809523809523809,16
4992,205333,Nuke,BetBoom,0.8125,-40
4993,205786,Nuke,BetBoom,0.5428571428571429,-40
4994,207051,Nuke,BetBoom,0.6190476190476191,-46
4995,218677,Nuke,BetBoom,0.5909090909090908,-120
4996,220900,Nuke,BetBoom,0.5652173913043479,-8
4997,228651,Nuke,BetBoom,0.6190476190476191,7
4998,164688,Ancient,Aurora,0.2777777777777778,-25
4999,164571,Ancient,Aurora,0.4666666666666667,-127
5000,165287,Ancient,Aurora,0.4090909090909091,29
5001,165499,Ancient,Aurora,0.5333333333333333,38
5002,165584,Ancient,Aurora,0.5333333333333333,23
5003,165783,Ancient,Aurora,0.4347826086956521,16
5004,164902,Ancient,Aurora,0.6190476190476191,-53
5005,165203,Ancient,Aurora,0.5416666666666666,-30
5006,166091,Ancient,Aurora,0.65,-61
5007,166173,Ancient,Aurora,0.1875,-25
5008,166370,Ancient,Aurora,0.65,11
5009,166233,Ancient,Aurora,0.4833333333333333,-82
5010,166779,Ancient,Aurora,0.4583333333333333,7
5011,166854,Ancient,Aurora,0.65,-82
5012,166911,Ancient,Aurora,0.4285714285714285,7
5013,166664,Ancient,Aurora,0.6842105263157895,-103
5014,167574,Ancient,Aurora,0.4347826086956521,-6
5015,167658,Ancient,Aurora,0.6842105263157895,20
5016,167748,Ancient,Aurora,0.3809523809523809,8
5017,167832,Ancient,Aurora,0.6842105263157895,-15
5018,167855,Ancient,Aurora,0.3809523809523809,8
5019,168094,Ancient,Aurora,0.6190476190476191,-15
5020,168117,Ancient,Aurora,0.4583333333333333,8
5021,170652,Ancient,Aurora,0.4090909090909091,30
5022,171212,Ancient,Aurora,0.3809523809523809,12
5023,171158,Ancient,Aurora,0.6842105263157895,8
5024,172450,Ancient,Aurora,0.4583333333333333,12
5025,172048,Ancient,Aurora,0.6842105263157895,-154
5026,172106,Ancient,Aurora,0.6842105263157895,-154
5027,172514,Ancient,Aurora,0.5909090909090909,-15
5028,172808,Ancient,Aurora,0.6842105263157895,-38
5029,173113,Ancient,Aurora,0.5909090909090909,-4
5030,173532,Ancient,Aurora,0.5652173913043478,-4
5031,172673,Ancient,Aurora,0.35,-40
5032,173274,Ancient,Aurora,0.4347826086956521,-2
5033,173397,Ancient,Aurora,0.6190476190476191,-2
5034,174476,Ancient,Aurora,0.6842105263157895,-14
5035,175139,Ancient,Aurora,0.4090909090909091,-26
5036,175481,Ancient,Aurora,0.35,19
5037,175581,Ancient,Aurora,0.4090909090909091,2
5038,175669,Ancient,Aurora,0.5333333333333333,2
5039,176415,Ancient,Aurora,0.6190476190476191,-14
5040,176692,Ancient,Aurora,0.5652173913043478,-14
5041,176766,Ancient,Aurora,0.4090909090909091,-9
5042,177203,Ancient,Aurora,0.3809523809523809,-70
5043,179706,Ancient,Aurora,0.5333333333333333,-1
5044,179729,Ancient,Aurora,0.7222222222222222,-152
5045,179778,Ancient,Aurora,0.2352941176470588,12
5046,180584,Ancient,Aurora,0.65,-18
5047,182822,Ancient,Aurora,0.65,-138
5048,184897,Ancient,Aurora,0.5588235294117647,-37
5049,185214,Ancient,Aurora,0.4583333333333333,-8
5050,186264,Ancient,Aurora,0.2352941176470588,-36
5051,186328,Ancient,Aurora,0.4090909090909091,-18
5052,186362,Ancient,Aurora,0.4583333333333333,-11
5053,186833,Ancient,Aurora,0.35,15
5054,187674,Ancient,Aurora,0.4347826086956521,-4
5055,189436,Ancient,Aurora,0.6190476190476191,8
5056,189456,Ancient,Aurora,0.35,12
5057,189508,Ancient,Aurora,0.35,-9
5058,191011,Ancient,Aurora,0.3157894736842105,18
5059,190866,Ancient,Aurora,0.65,-41
5060,190984,Ancient,Aurora,0.0,16
5061,191101,Ancient,Aurora,0.5652173913043478,29
5062,191271,Ancient,Aurora,0.2352941176470588,12
5063,191469,Ancient,Aurora,0.4666666666666667,-50
5064,191897,Ancient,Aurora,0.3157894736842105,-96
5065,191663,Ancient,Aurora,0.5909090909090909,-42
5066,191741,Ancient,Aurora,0.5652173913043478,-54
5067,193138,Ancient,Aurora,0.3157894736842105,3
5068,193056,Ancient,Aurora,0.5517241379310345,-4
5069,193348,Ancient,Aurora,0.35,-25
5070,193844,Ancient,Aurora,0.2777777777777778,12
5071,194066,Ancient,Aurora,0.5909090909090909,-95
5072,194569,Ancient,Aurora,0.3157894736842105,-88
5073,195344,Ancient,Aurora,0.5416666666666666,-152
5074,195429,Ancient,Aurora,0.2352941176470588,-82
5075,195490,Ancient,Aurora,0.7222222222222222,-55
5076,195559,Ancient,Aurora,0.5909090909090909,-35
5077,194856,Ancient,Aurora,0.4583333333333333,-12
5078,195809,Ancient,Aurora,0.2777777777777778,-2
5079,195482,Ancient,Aurora,0.4583333333333333,-43
5080,195834,Ancient,Aurora,0.4090909090909091,-37
5081,196084,Ancient,Aurora,0.3809523809523809,7
5082,196357,Ancient,Aurora,0.65,3
5083,196778,Ancient,Aurora,0.5517241379310345,-47
5084,196956,Ancient,Aurora,0.7222222222222222,-60
5085,218218,Ancient,Aurora,0.4680851063829787,10
5086,166597,Ancient,Aurora,0.5652173913043479,-18
5087,173152,Ancient,Aurora,0.7222222222222222,5
5088,173371,Ancient,Aurora,0.5652173913043479,8
5089,176027,Ancient,Aurora,0.3157894736842105,15
5090,180696,Ancient,Aurora,0.7222222222222222,-63
5091,187540,Ancient,Aurora,0.65,-16
5092,192158,Ancient,Aurora,0.3157894736842105,-61
5093,164686,Anubis,Aurora,0.3809523809523809,-25
5094,164564,Anubis,Aurora,0.6842105263157895,-127
5095,165297,Anubis,Aurora,0.5652173913043478,29
5096,165774,Anubis,Aurora,0.5652173913043478,16
5097,165004,Anubis,Aurora,0.5652173913043478,7
5098,166094,Anubis,Aurora,0.65,-61
5099,166379,Anubis,Aurora,0.5517241379310345,11
5100,167045,Anubis,Aurora,0.3157894736842105,-1
5101,166476,Anubis,Aurora,0.3809523809523809,-49
5102,166839,Anubis,Aurora,0.4347826086956521,3
5103,167576,Anubis,Aurora,0.65,-6
5104,167825,Anubis,Aurora,0.5714285714285714,-15
5105,168115,Anubis,Aurora,0.35,8
5106,171142,Anubis,Aurora,0.7647058823529411,-89
5107,172361,Anubis,Aurora,0.5238095238095238,-18
5108,173367,Anubis,Aurora,0.65,-8
5109,173496,Anubis,Aurora,0.5652173913043478,-2
5110,173525,Anubis,Aurora,0.6842105263157895,-4
5111,172669,Anubis,Aurora,0.3157894736842105,-40
5112,174481,Anubis,Aurora,0.35,1
5113,173798,Anubis,Aurora,0.4583333333333333,-52
5114,175615,Anubis,Aurora,0.2777777777777778,7
5115,176673,Anubis,Aurora,0.3157894736842105,-30
5116,176696,Anubis,Aurora,0.6190476190476191,-14
5117,176767,Anubis,Aurora,0.3809523809523809,-9
5118,177087,Anubis,Aurora,0.7647058823529411,-56
5119,177342,Anubis,Aurora,0.35,-20
5120,177319,Anubis,Aurora,0.5333333333333333,-92
5121,178217,Anubis,Aurora,0.3157894736842105,15
5122,179636,Anubis,Aurora,0.6190476190476191,-42
5123,178926,Anubis,Aurora,0.5652173913043478,-15
5124,180602,Anubis,Aurora,0.3809523809523809,-18
5125,180878,Anubis,Aurora,0.4090909090909091,-60
5126,181757,Anubis,Aurora,0.2777777777777778,-9
5127,182804,Anubis,Aurora,0.5416666666666666,-138
5128,182895,Anubis,Aurora,0.3809523809523809,-26
5129,184955,Anubis,Aurora,0.4090909090909091,-78
5130,185212,Anubis,Aurora,0.4347826086956521,-8
5131,185703,Anubis,Aurora,0.4090909090909091,-7
5132,186127,Anubis,Aurora,0.7647058823529411,-6
5133,186454,Anubis,Aurora,0.3809523809523809,-1
5134,186858,Anubis,Aurora,0.3157894736842105,17
5135,189452,Anubis,Aurora,0.4482758620689655,12
5136,190903,Anubis,Aurora,0.4666666666666667,3
5137,191165,Anubis,Aurora,0.4347826086956521,-9
5138,191266,Anubis,Aurora,0.4347826086956521,12
5139,192003,Anubis,Aurora,0.5333333333333333,18
5140,191752,Anubis,Aurora,0.6190476190476191,-54
5141,193035,Anubis,Aurora,0.4583333333333333,-4
5142,193528,Anubis,Aurora,0.5416666666666666,-26
5143,195300,Anubis,Aurora,0.4090909090909091,-35
5144,195547,Anubis,Aurora,0.3157894736842105,-35
5145,195780,Anubis,Aurora,0.9285714285714286,-14
5146,196772,Anubis,Aurora,0.8666666666666667,-47
5147,197285,Anubis,Aurora,0.65,-27
5148,197429,Anubis,Aurora,0.5714285714285714,-26
5149,197519,Anubis,Aurora,0.5909090909090909,-17
5150,196931,Anubis,Aurora,0.4666666666666667,-45
5151,199434,Anubis,Aurora,0.4482758620689655,-69
5152,199482,Anubis,Aurora,0.5652173913043478,-33
5153,199658,Anubis,Aurora,0.6190476190476191,-53
5154,199797,Anubis,Aurora,0.5333333333333333,-1
5155,199926,Anubis,Aurora,0.4347826086956521,-14
5156,200040,Anubis,Aurora,0.4347826086956521,-11
5157,201325,Anubis,Aurora,0.7222222222222222,-4
5158,217755,Anubis,Aurora,0.7222222222222222,-10
5159,218020,Anubis,Aurora,0.65,8
5160,219062,Anubis,Aurora,0.5517241379310345,-4
5161,219246,Anubis,Aurora,0.65,-6
5162,219365,Anubis,Aurora,0.4090909090909091,3
5163,222221,Anubis,Aurora,0.5416666666666666,-1
5164,222826,Anubis,Aurora,0.5416666666666666,1
5165,223667,Anubis,Aurora,0.3809523809523809,1
5166,224941,Anubis,Aurora,0.4347826086956521,-20
5167,228578,Anubis,Aurora,0.65,-3
5168,166601,Anubis,Aurora,0.4583333333333333,-18
5169,167462,Anubis,Aurora,0.6842105263157895,-32
5170,172728,Anubis,Aurora,0.65,8
5171,173383,Anubis,Aurora,0.8125,8
5172,176965,Anubis,Aurora,0.3809523809523809,-3
5173,179910,Anubis,Aurora,0.4583333333333333,-4
5174,180693,Anubis,Aurora,0.4583333333333333,-63
5175,185006,Anubis,Aurora,0.35,7
5176,196785,Anubis,Aurora,0.5909090909090908,-122
5177,197366,Anubis,Aurora,0.7222222222222222,-8
5178,225067,Anubis,Aurora,0.409090909090909,-19
5179,175476,Dust2,Aurora,0.3809523809523809,19
5180,175576,Dust2,Aurora,0.5652173913043478,2
5181,175665,Dust2,Aurora,0.4482758620689655,2
5182,177648,Dust2,Aurora,0.4090909090909091,-1
5183,182246,Dust2,Aurora,0.4090909090909091,3
5184,182815,Dust2,Aurora,0.3157894736842105,-138
5185,184965,Dust2,Aurora,0.5909090909090909,-78
5186,186130,Dust2,Aurora,0.6190476190476191,-6
5187,188391,Dust2,Aurora,0.3809523809523809,35
5188,188433,Dust2,Aurora,0.35,38
5189,189498,Dust2,Aurora,0.5416666666666666,-9
5190,197257,Dust2,Aurora,0.5277777777777778,-12
5191,199324,Dust2,Aurora,0.3809523809523809,-16
5192,199655,Dust2,Aurora,0.7647058823529411,-53
5193,199932,Dust2,Aurora,0.6842105263157895,-14
5194,200038,Dust2,Aurora,0.5909090909090909,-11
5195,201335,Dust2,Aurora,0.35,-10
5196,200154,Dust2,Aurora,0.5909090909090909,-5
5197,200174,Dust2,Aurora,0.6190476190476191,-11
5198,200278,Dust2,Aurora,0.4583333333333333,-1
5199,203734,Dust2,Aurora,0.5416666666666666,-18
5200,203868,Dust2,Aurora,0.3809523809523809,1
5201,204550,Dust2,Aurora,0.5909090909090909,-11
5202,205068,Dust2,Aurora,0.4583333333333333,5
5203,205778,Dust2,Aurora,0.5416666666666666,-11
5204,205872,Dust2,Aurora,0.4090909090909091,5
5205,207890,Dust2,Aurora,0.5416666666666666,3
5206,209673,Dust2,Aurora,0.4347826086956521,-1
5207,210232,Dust2,Aurora,0.4347826086956521,-6
5208,211004,Dust2,Aurora,0.4583333333333333,-1
5209,211838,Dust2,Aurora,0.6190476190476191,-18
5210,211979,Dust2,Aurora,0.6190476190476191,-4
5211,212264,Dust2,Aurora,0.5652173913043478,-11
5212,212292,Dust2,Aurora,0.9285714285714286,-7
5213,212355,Dust2,Aurora,0.5416666666666666,-6
5214,214698,Dust2,Aurora,0.6842105263157895,-17
5215,214745,Dust2,Aurora,0.4347826086956521,-4
5216,216760,Dust2,Aurora,0.5652173913043478,-11
5217,217672,Dust2,Aurora,0.65,-11
5218,217761,Dust2,Aurora,0.2352941176470588,-10
5219,218100,Dust2,Aurora,0.65,7
5220,218394,Dust2,Aurora,0.35,9
5221,219259,Dust2,Aurora,0.7647058823529411,-6
5222,223138,Dust2,Aurora,0.5652173913043478,-2
5223,221757,Dust2,Aurora,0.5517241379310345,-23
5224,221803,Dust2,Aurora,0.4090909090909091,2
5225,222581,Dust2,Aurora,0.7647058823529411,-23
5226,222845,Dust2,Aurora,0.4090909090909091,1
5227,223353,Dust2,Aurora,0.5333333333333333,7
5228,224836,Dust2,Aurora,0.7647058823529411,-78
5229,226520,Dust2,Aurora,0.5517241379310345,-27
5230,226573,Dust2,Aurora,0.2352941176470588,-1
5231,226624,Dust2,Aurora,0.2352941176470588,4
5232,228401,Dust2,Aurora,0.4583333333333333,-20
5233,228492,Dust2,Aurora,0.8125,-107
5234,228582,Dust2,Aurora,0.5333333333333333,-3
5235,228698,Dust2,Aurora,0.4583333333333333,-7
5236,228968,Dust2,Aurora,0.4583333333333333,-7
5237,176954,Dust2,Aurora,0.3809523809523809,-3
5238,177603,Dust2,Aurora,0.35,-3
5239,184800,Dust2,Aurora,0.5333333333333333,-31
5240,184980,Dust2,Aurora,0.4634146341463414,7
5241,188504,Dust2,Aurora,0.1875,-6
5242,187641,Dust2,Aurora,0.3157894736842105,-6
5243,197368,Dust2,Aurora,0.4666666666666667,-8
5244,207461,Dust2,Aurora,0.5333333333333333,-3
5245,219640,Dust2,Aurora,0.5416666666666667,-3
5246,222724,Dust2,Aurora,0.8666666666666667,-3
5247,165199,Inferno,Aurora,0.5652173913043478,-30
5248,166161,Inferno,Aurora,0.45,-25
5249,167042,Inferno,Aurora,0.3809523809523809,-1
5250,166903,Inferno,Aurora,0.5909090909090909,7
5251,167845,Inferno,Aurora,0.4090909090909091,8
5252,171970,Inferno,Aurora,0.7647058823529411,-46
5253,172511,Inferno,Aurora,0.4347826086956521,-15
5254,172703,Inferno,Aurora,0.5416666666666666,-1
5255,172894,Inferno,Aurora,0.5909090909090909,-38
5256,174408,Inferno,Aurora,0.8125,-31
5257,175135,Inferno,Aurora,0.35,-26
5258,176483,Inferno,Aurora,0.3809523809523809,5
5259,178223,Inferno,Aurora,0.1875,15
5260,177588,Inferno,Aurora,0.4666666666666667,-43
5261,179173,Inferno,Aurora,0.6842105263157895,-9
5262,181272,Inferno,Aurora,0.3809523809523809,-47
5263,181755,Inferno,Aurora,0.1875,-9
5264,182247,Inferno,Aurora,0.1333333333333333,3
5265,182328,Inferno,Aurora,0.4347826086956521,4
5266,182771,Inferno,Aurora,0.4347826086956521,-13
5267,182883,Inferno,Aurora,0.65,-9
5268,184905,Inferno,Aurora,0.5652173913043478,-37
5269,185094,Inferno,Aurora,0.4761904761904761,-56
5270,186205,Inferno,Aurora,0.65,-60
5271,186259,Inferno,Aurora,0.3157894736842105,-36
5272,186459,Inferno,Aurora,0.4090909090909091,-1
5273,190896,Inferno,Aurora,0.2352941176470588,3
5274,191983,Inferno,Aurora,0.4090909090909091,18
5275,195237,Inferno,Aurora,0.5416666666666666,-5
5276,195340,Inferno,Aurora,0.7647058823529411,-152
5277,195438,Inferno,Aurora,0.7647058823529411,-82
5278,194845,Inferno,Aurora,0.5277777777777778,-12
5279,195806,Inferno,Aurora,0.5652173913043478,-2
5280,195528,Inferno,Aurora,0.4571428571428571,-22
5281,196066,Inferno,Aurora,0.5652173913043478,-108
5282,196348,Inferno,Aurora,0.2352941176470588,3
5283,197250,Inferno,Aurora,0.4666666666666667,-12
5284,199321,Inferno,Aurora,0.4583333333333333,-16
5285,199493,Inferno,Aurora,0.6190476190476191,-33
5286,199581,Inferno,Aurora,0.4347826086956521,1
5287,199929,Inferno,Aurora,0.6842105263157895,-14
5288,201377,Inferno,Aurora,0.2352941176470588,-2
5289,201535,Inferno,Aurora,0.5416666666666666,4
5290,200107,Inferno,Aurora,0.7647058823529411,-32
5291,200150,Inferno,Aurora,0.65,-5
5292,204408,Inferno,Aurora,0.5714285714285714,-19
5293,205651,Inferno,Aurora,0.3157894736842105,2
5294,205834,Inferno,Aurora,0.6842105263157895,1
5295,207740,Inferno,Aurora,0.5652173913043478,-6
5296,207886,Inferno,Aurora,0.7222222222222222,3
5297,208191,Inferno,Aurora,0.3809523809523809,-8
5298,210036,Inferno,Aurora,0.1875,3
5299,211224,Inferno,Aurora,0.5333333333333333,7
5300,212081,Inferno,Aurora,0.4583333333333333,-12
5301,212142,Inferno,Aurora,0.4482758620689655,-28
5302,212387,Inferno,Aurora,0.3809523809523809,-6
5303,216742,Inferno,Aurora,0.4482758620689655,-11
5304,218035,Inferno,Aurora,0.6190476190476191,8
5305,218108,Inferno,Aurora,0.5909090909090909,7
5306,219376,Inferno,Aurora,0.4285714285714285,3
5307,219919,Inferno,Aurora,0.3809523809523809,10
5308,223129,Inferno,Aurora,0.6190476190476191,-2
5309,221723,Inferno,Aurora,0.5434782608695652,-23
5310,222595,Inferno,Aurora,0.6842105263157895,-23
5311,223361,Inferno,Aurora,0.6842105263157895,7
5312,224230,Inferno,Aurora,0.6842105263157895,2
5313,224345,Inferno,Aurora,0.2777777777777778,8
5314,224927,Inferno,Aurora,0.8125,-20
5315,226621,Inferno,Aurora,0.2352941176470588,4
5316,166556,Inferno,Aurora,0.5909090909090908,6
5317,166605,Inferno,Aurora,0.2777777777777778,-18
5318,167464,Inferno,Aurora,0.8125,-32
5319,172403,Inferno,Aurora,0.65,-17
5320,173458,Inferno,Aurora,0.5517241379310345,-3
5321,179898,Inferno,Aurora,0.409090909090909,-4
5322,187532,Inferno,Aurora,0.6842105263157895,-16
5323,191147,Inferno,Aurora,0.5909090909090908,-44
5324,191802,Inferno,Aurora,0.7647058823529412,-64
5325,196789,Inferno,Aurora,0.2777777777777778,-122
5326,197364,Inferno,Aurora,0.409090909090909,-8
5327,222736,Inferno,Aurora,0.5652173913043479,-3
5328,225045,Inferno,Aurora,0.8666666666666667,-19
5329,165083,Mirage,Aurora,0.3809523809523809,38
5330,164995,Mirage,Aurora,0.8666666666666667,7
5331,166463,Mirage,Aurora,0.2777777777777778,-49
5332,166770,Mirage,Aurora,0.5416666666666666,7
5333,166743,Mirage,Aurora,0.5652173913043478,-47
5334,167830,Mirage,Aurora,0.4285714285714285,-15
5335,168092,Mirage,Aurora,0.8125,-15
5336,169212,Mirage,Aurora,0.4090909090909091,-7
5337,170569,Mirage,Aurora,0.3157894736842105,30
5338,170616,Mirage,Aurora,0.65,-67
5339,170642,Mirage,Aurora,0.4347826086956521,30
5340,171217,Mirage,Aurora,0.7222222222222222,12
5341,171333,Mirage,Aurora,0.4347826086956521,-63
5342,171177,Mirage,Aurora,0.5652173913043478,2
5343,172444,Mirage,Aurora,0.5909090909090909,12
5344,172050,Mirage,Aurora,1.0,-154
5345,172107,Mirage,Aurora,0.6190476190476191,-154
5346,172368,Mirage,Aurora,0.6842105263157895,-18
5347,173358,Mirage,Aurora,0.5428571428571428,-8
5348,173493,Mirage,Aurora,0.65,-2
5349,173529,Mirage,Aurora,0.4583333333333333,-4
5350,173399,Mirage,Aurora,0.6842105263157895,-2
5351,173315,Mirage,Aurora,0.5416666666666666,-26
5352,174475,Mirage,Aurora,0.5909090909090909,-14
5353,174477,Mirage,Aurora,0.4583333333333333,1
5354,175636,Mirage,Aurora,0.5333333333333333,-33
5355,176674,Mirage,Aurora,0.6842105263157895,-30
5356,176765,Mirage,Aurora,0.5909090909090909,-9
5357,177062,Mirage,Aurora,0.35,-56
5358,177218,Mirage,Aurora,0.5909090909090909,-70
5359,177654,Mirage,Aurora,0.1875,-1
5360,177633,Mirage,Aurora,0.5909090909090909,-56
5361,177726,Mirage,Aurora,0.5652173913043478,-1
5362,179770,Mirage,Aurora,0.6842105263157895,-13
5363,180591,Mirage,Aurora,0.2777777777777778,-18
5364,180886,Mirage,Aurora,0.7222222222222222,-60
5365,181758,Mirage,Aurora,0.5416666666666666,-9
5366,182237,Mirage,Aurora,0.5517241379310345,3
5367,182313,Mirage,Aurora,0.65,4
5368,182880,Mirage,Aurora,0.5652173913043478,-9
5369,182899,Mirage,Aurora,0.2777777777777778,-26
5370,184970,Mirage,Aurora,0.5909090909090909,-78
5371,185102,Mirage,Aurora,0.6842105263157895,-56
5372,185205,Mirage,Aurora,0.5652173913043478,-8
5373,185706,Mirage,Aurora,0.3157894736842105,-7
5374,186125,Mirage,Aurora,0.1875,-6
5375,186359,Mirage,Aurora,0.4583333333333333,-11
5376,186446,Mirage,Aurora,0.5416666666666666,-1
5377,186837,Mirage,Aurora,0.4482758620689655,15
5378,186854,Mirage,Aurora,0.4090909090909091,17
5379,188406,Mirage,Aurora,0.5909090909090909,19
5380,187681,Mirage,Aurora,0.4583333333333333,-4
5381,189432,Mirage,Aurora,0.8666666666666667,8
5382,189450,Mirage,Aurora,0.7222222222222222,12
5383,190702,Mirage,Aurora,0.5909090909090909,-13
5384,190823,Mirage,Aurora,0.5416666666666666,-62
5385,190999,Mirage,Aurora,0.5909090909090909,18
5386,190980,Mirage,Aurora,0.4347826086956521,16
5387,191099,Mirage,Aurora,0.4090909090909091,29
5388,191258,Mirage,Aurora,0.5652173913043478,12
5389,191482,Mirage,Aurora,0.6842105263157895,-50
5390,192020,Mirage,Aurora,0.5416666666666666,18
5391,191733,Mirage,Aurora,0.4666666666666667,-54
5392,193216,Mirage,Aurora,0.8125,-58
5393,193651,Mirage,Aurora,0.4583333333333333,-7
5394,194061,Mirage,Aurora,0.6842105263157895,-95
5395,194583,Mirage,Aurora,0.65,-88
5396,195233,Mirage,Aurora,0.6190476190476191,-5
5397,195295,Mirage,Aurora,0.2777777777777778,-35
5398,195542,Mirage,Aurora,0.2352941176470588,-35
5399,195327,Mirage,Aurora,0.4482758620689655,10
5400,195138,Mirage,Aurora,0.4583333333333333,-23
5401,195414,Mirage,Aurora,0.8125,-6
5402,195103,Mirage,Aurora,0.35,-35
5403,195486,Mirage,Aurora,0.4090909090909091,-43
5404,195592,Mirage,Aurora,0.65,-23
5405,195501,Mirage,Aurora,0.5333333333333333,-31
5406,195783,Mirage,Aurora,0.6190476190476191,-14
5407,195841,Mirage,Aurora,0.5416666666666666,-37
5408,196086,Mirage,Aurora,0.3809523809523809,7
5409,196051,Mirage,Aurora,0.5909090909090909,-108
5410,196698,Mirage,Aurora,0.5333333333333333,-35
5411,196773,Mirage,Aurora,0.4347826086956521,-47
5412,196949,Mirage,Aurora,0.5238095238095238,-60
5413,197282,Mirage,Aurora,0.5652173913043478,-27
5414,197426,Mirage,Aurora,0.6842105263157895,-26
5415,196936,Mirage,Aurora,0.4347826086956521,-45
5416,199319,Mirage,Aurora,0.5416666666666666,-16
5417,199423,Mirage,Aurora,0.5909090909090909,-69
5418,199796,Mirage,Aurora,0.7222222222222222,-1
5419,200041,Mirage,Aurora,0.3157894736842105,-11
5420,201543,Mirage,Aurora,0.3157894736842105,4
5421,200177,Mirage,Aurora,0.5909090909090909,-11
5422,200280,Mirage,Aurora,0.3157894736842105,-1
5423,203925,Mirage,Aurora,0.0714285714285714,-3
5424,205081,Mirage,Aurora,0.4482758620689655,5
5425,205657,Mirage,Aurora,0.8125,2
5426,205775,Mirage,Aurora,0.65,-11
5427,205864,Mirage,Aurora,0.4666666666666667,5
5428,207753,Mirage,Aurora,0.5416666666666666,-6
5429,208181,Mirage,Aurora,0.4090909090909091,-8
5430,210048,Mirage,Aurora,0.5909090909090909,3
5431,210204,Mirage,Aurora,0.3809523809523809,-6
5432,210999,Mirage,Aurora,0.3157894736842105,-1
5433,211107,Mirage,Aurora,0.6842105263157895,-66
5434,211230,Mirage,Aurora,0.4347826086956521,7
5435,211829,Mirage,Aurora,0.5333333333333333,-18
5436,211961,Mirage,Aurora,0.4571428571428571,-4
5437,212073,Mirage,Aurora,0.2352941176470588,-12
5438,212268,Mirage,Aurora,0.3809523809523809,-11
5439,212362,Mirage,Aurora,0.6190476190476191,-6
5440,216434,Mirage,Aurora,0.65,-25
5441,216771,Mirage,Aurora,0.2777777777777778,-11
5442,217748,Mirage,Aurora,0.2777777777777778,-10
5443,217841,Mirage,Aurora,0.65,-3
5444,218030,Mirage,Aurora,0.4347826086956521,8
5445,218399,Mirage,Aurora,0.2352941176470588,9
5446,219049,Mirage,Aurora,0.3157894736842105,-4
5447,219372,Mirage,Aurora,0.5909090909090909,3
5448,219503,Mirage,Aurora,0.5517241379310345,-7
5449,221813,Mirage,Aurora,0.4583333333333333,2
5450,222210,Mirage,Aurora,0.5652173913043478,-1
5451,222822,Mirage,Aurora,0.35,1
5452,224238,Mirage,Aurora,0.5909090909090909,2
5453,226517,Mirage,Aurora,0.7647058823529411,-27
5454,226576,Mirage,Aurora,0.3809523809523809,-1
5455,226604,Mirage,Aurora,0.65,-12
5456,226623,Mirage,Aurora,0.5416666666666666,4
5457,228842,Mirage,Aurora,0.5652173913043478,-4
5458,165729,Mirage,Aurora,0.523809523809524,20
5459,171169,Mirage,Aurora,0.9285714285714286,15
5460,172408,Mirage,Aurora,0.6842105263157895,-17
5461,172717,Mirage,Aurora,0.5714285714285715,8
5462,173454,Mirage,Aurora,0.6842105263157895,-3
5463,176023,Mirage,Aurora,0.7647058823529412,15
5464,180698,Mirage,Aurora,0.4347826086956522,-63
5465,184808,Mirage,Aurora,0.4482758620689655,-31
5466,188503,Mirage,Aurora,0.409090909090909,-6
5467,187645,Mirage,Aurora,0.5416666666666667,-6
5468,199878,Mirage,Aurora,0.5416666666666667,-9
5469,212234,Mirage,Aurora,0.5652173913043479,-3
5470,214873,Mirage,Aurora,0.4583333333333333,-2
5471,164576,Nuke,Aurora,0.2777777777777778,-127
5472,165074,Nuke,Aurora,0.4090909090909091,38
5473,165507,Nuke,Aurora,0.35,38
5474,165594,Nuke,Aurora,0.5652173913043478,23
5475,165778,Nuke,Aurora,0.3809523809523809,16
5476,164909,Nuke,Aurora,0.6842105263157895,-53
5477,164977,Nuke,Aurora,0.8666666666666667,-30
5478,165188,Nuke,Aurora,0.4666666666666667,-30
5479,166140,Nuke,Aurora,0.5365853658536586,-25
5480,166861,Nuke,Aurora,0.4090909090909091,-82
5481,166918,Nuke,Aurora,0.4583333333333333,7
5482,166825,Nuke,Aurora,0.5652173913043478,3
5483,167579,Nuke,Aurora,0.9285714285714286,-6
5484,167660,Nuke,Aurora,0.8666666666666667,20
5485,167754,Nuke,Aurora,0.2777777777777778,8
5486,170620,Nuke,Aurora,0.5416666666666666,-67
5487,170645,Nuke,Aurora,0.6842105263157895,30
5488,171129,Nuke,Aurora,0.65,17
5489,171223,Nuke,Aurora,0.5416666666666666,12
5490,171108,Nuke,Aurora,0.4090909090909091,2
5491,171146,Nuke,Aurora,0.7647058823529411,-89
5492,171155,Nuke,Aurora,0.5416666666666666,8
5493,171173,Nuke,Aurora,0.4666666666666667,2
5494,172453,Nuke,Aurora,0.5652173913043478,12
5495,173279,Nuke,Aurora,0.2352941176470588,-2
5496,173198,Nuke,Aurora,0.1875,2
5497,173302,Nuke,Aurora,0.4347826086956521,-26
5498,175623,Nuke,Aurora,0.4347826086956521,7
5499,175568,Nuke,Aurora,0.1875,2
5500,175640,Nuke,Aurora,0.7647058823529411,-33
5501,175658,Nuke,Aurora,0.6190476190476191,2
5502,176414,Nuke,Aurora,0.5909090909090909,-14
5503,176485,Nuke,Aurora,0.4347826086956521,5
5504,176676,Nuke,Aurora,0.5909090909090909,-30
5505,177075,Nuke,Aurora,0.6842105263157895,-56
5506,177227,Nuke,Aurora,0.7647058823529411,-70
5507,177362,Nuke,Aurora,0.4090909090909091,-20
5508,177315,Nuke,Aurora,0.5652173913043478,-11
5509,178016,Nuke,Aurora,0.5333333333333333,11
5510,178043,Nuke,Aurora,0.5652173913043478,10
5511,178219,Nuke,Aurora,0.65,15
5512,177618,Nuke,Aurora,0.3809523809523809,-70
5513,177719,Nuke,Aurora,0.4347826086956521,1
5514,178931,Nuke,Aurora,0.8666666666666667,-15
5515,179184,Nuke,Aurora,0.65,-9
5516,180899,Nuke,Aurora,0.65,-60
5517,181262,Nuke,Aurora,0.3809523809523809,-47
5518,182334,Nuke,Aurora,0.4090909090909091,4
5519,182781,Nuke,Aurora,0.0714285714285714,-13
5520,185108,Nuke,Aurora,0.5652173913043478,-56
5521,186209,Nuke,Aurora,0.5909090909090909,-60
5522,186255,Nuke,Aurora,0.6842105263157895,-36
5523,186323,Nuke,Aurora,0.4347826086956521,-18
5524,186356,Nuke,Aurora,0.65,-11
5525,189434,Nuke,Aurora,0.4583333333333333,8
5526,189503,Nuke,Aurora,0.1333333333333333,-9
5527,190699,Nuke,Aurora,0.5652173913043478,-13
5528,190814,Nuke,Aurora,0.5333333333333333,-62
5529,191018,Nuke,Aurora,0.4090909090909091,18
5530,190863,Nuke,Aurora,0.3157894736842105,-41
5531,191096,Nuke,Aurora,0.5333333333333333,29
5532,191256,Nuke,Aurora,0.4347826086956521,29
5533,191709,Nuke,Aurora,0.9285714285714286,-70
5534,191914,Nuke,Aurora,0.5333333333333333,-96
5535,191993,Nuke,Aurora,0.9285714285714286,18
5536,191632,Nuke,Aurora,0.5416666666666666,-42
5537,193139,Nuke,Aurora,0.0714285714285714,3
5538,193638,Nuke,Aurora,0.5652173913043478,-7
5539,193523,Nuke,Aurora,0.9285714285714286,-26
5540,195560,Nuke,Aurora,0.4090909090909091,-35
5541,195811,Nuke,Aurora,0.4482758620689655,-2
5542,195127,Nuke,Aurora,0.3809523809523809,-23
5543,195408,Nuke,Aurora,0.5277777777777778,-6
5544,195110,Nuke,Aurora,0.4583333333333333,-35
5545,195577,Nuke,Aurora,0.7222222222222222,-23
5546,195527,Nuke,Aurora,0.7647058823529411,-22
5547,196058,Nuke,Aurora,0.4347826086956521,-108
5548,196708,Nuke,Aurora,0.5652173913043478,-35
5549,196781,Nuke,Aurora,0.6190476190476191,-47
5550,197245,Nuke,Aurora,0.6190476190476191,-12
5551,197523,Nuke,Aurora,0.4090909090909091,-17
5552,196921,Nuke,Aurora,0.7647058823529411,-45
5553,199438,Nuke,Aurora,0.5416666666666666,-69
5554,200110,Nuke,Aurora,0.7647058823529411,-32
5555,203871,Nuke,Aurora,0.4347826086956521,1
5556,203923,Nuke,Aurora,0.4347826086956521,-3
5557,204415,Nuke,Aurora,0.6842105263157895,-19
5558,205875,Nuke,Aurora,0.2352941176470588,5
5559,209660,Nuke,Aurora,0.4090909090909091,-1
5560,209867,Nuke,Aurora,0.8125,-9
5561,210869,Nuke,Aurora,0.5416666666666666,-66
5562,210994,Nuke,Aurora,0.7647058823529411,-1
5563,211098,Nuke,Aurora,0.8666666666666667,-66
5564,211233,Nuke,Aurora,0.4666666666666667,7
5565,212139,Nuke,Aurora,0.5652173913043478,-28
5566,212400,Nuke,Aurora,0.5416666666666666,-6
5567,216435,Nuke,Aurora,0.4482758620689655,-25
5568,217663,Nuke,Aurora,0.7222222222222222,-11
5569,219237,Nuke,Aurora,0.4347826086956521,-6
5570,223122,Nuke,Aurora,0.4583333333333333,-2
5571,221931,Nuke,Aurora,0.5909090909090909,-8
5572,222832,Nuke,Aurora,0.3809523809523809,1
5573,223676,Nuke,Aurora,0.4347826086956521,1
5574,224364,Nuke,Aurora,0.2777777777777778,8
5575,228399,Nuke,Aurora,0.3809523809523809,-20
5576,228485,Nuke,Aurora,0.7647058823529411,-107
5577,228702,Nuke,Aurora,0.4411764705882353,-7
5578,228969,Nuke,Aurora,0.3809523809523809,-7
5579,166200,Nuke,Aurora,0.3157894736842105,-20
5580,173148,Nuke,Aurora,0.5909090909090908,5
5581,176030,Nuke,Aurora,0.1333333333333333,15
5582,176948,Nuke,Aurora,0.9285714285714286,-3
5583,179902,Nuke,Aurora,0.5652173913043479,-4
5584,184816,Nuke,Aurora,0.6190476190476191,-31
5585,187538,Nuke,Aurora,0.4347826086956522,-16
5586,187648,Nuke,Aurora,0.8125,-6
5587,192155,Nuke,Aurora,0.35,-61
5588,199882,Nuke,Aurora,0.3809523809523809,-9
5589,207452,Nuke,Aurora,0.3809523809523809,-3
5590,209751,Nuke,Aurora,0.3809523809523809,-3
5591,212223,Nuke,Aurora,0.4347826086956522,-3
5592,214865,Nuke,Aurora,0.5416666666666667,-2
5593,222715,Nuke,Aurora,0.4583333333333333,-3
5594,165611,Ancient,BIG,0.6842105263157895,-2
5595,165674,Ancient,BIG,0.5909090909090909,15
5596,165712,Ancient,BIG,0.6190476190476191,-2
5597,167029,Ancient,BIG,0.4482758620689655,-11
5598,166845,Ancient,BIG,0.2777777777777778,-23
5599,167585,Ancient,BIG,0.5909090909090909,-23
5600,169673,Ancient,BIG,0.5909090909090909,7
5601,169178,Ancient,BIG,0.3809523809523809,-29
5602,169300,Ancient,BIG,0.4666666666666667,-155
5603,169811,Ancient,BIG,0.5909090909090909,-20
5604,171596,Ancient,BIG,0.6842105263157895,3
5605,173284,Ancient,BIG,0.8666666666666667,-73
5606,173449,Ancient,BIG,0.4347826086956521,-1
5607,173488,Ancient,BIG,0.2777777777777778,3
5608,174672,Ancient,BIG,0.5517241379310345,-23
5609,174745,Ancient,BIG,0.35,26
5610,174813,Ancient,BIG,0.5652173913043478,-25
5611,174840,Ancient,BIG,0.7222222222222222,18
5612,174997,Ancient,BIG,0.2352941176470588,23
5613,175950,Ancient,BIG,0.5333333333333333,12
5614,176391,Ancient,BIG,0.4090909090909091,26
5615,176451,Ancient,BIG,0.6842105263157895,8
5616,176502,Ancient,BIG,0.4347826086956521,19
5617,176528,Ancient,BIG,0.35,18
5618,177021,Ancient,BIG,0.8125,-4
5619,178045,Ancient,BIG,1.0,-56
5620,178121,Ancient,BIG,0.2777777777777778,-57
5621,180352,Ancient,BIG,0.65,13
5622,180804,Ancient,BIG,0.4666666666666667,-4
5623,180949,Ancient,BIG,0.2777777777777778,-9
5624,182196,Ancient,BIG,0.5428571428571428,13
5625,181942,Ancient,BIG,0.7222222222222222,-51
5626,182095,Ancient,BIG,0.4583333333333333,-48
5627,183937,Ancient,BIG,0.5652173913043478,7
5628,184238,Ancient,BIG,0.5365853658536586,5
5629,184780,Ancient,BIG,0.4090909090909091,-20
5630,185720,Ancient,BIG,0.8666666666666667,-54
5631,185920,Ancient,BIG,0.6842105263157895,9
5632,185929,Ancient,BIG,0.4347826086956521,-1
5633,186927,Ancient,BIG,0.0714285714285714,-25
5634,188413,Ancient,BIG,0.6190476190476191,9
5635,187832,Ancient,BIG,0.55,-35
5636,189022,Ancient,BIG,0.5909090909090909,5
5637,190327,Ancient,BIG,0.8666666666666667,1
5638,190631,Ancient,BIG,0.6190476190476191,19
5639,191336,Ancient,BIG,0.2352941176470588,2
5640,191403,Ancient,BIG,0.7222222222222222,-108
5641,191487,Ancient,BIG,0.4347826086956521,13
5642,192330,Ancient,BIG,0.6842105263157895,-34
5643,192396,Ancient,BIG,0.5909090909090909,-3
5644,192633,Ancient,BIG,0.4482758620689655,11
5645,192713,Ancient,BIG,0.7222222222222222,-4
5646,192846,Ancient,BIG,0.8666666666666667,-2
5647,194666,Ancient,BIG,0.2352941176470588,-33
5648,194809,Ancient,BIG,0.35,-25
5649,195294,Ancient,BIG,0.1875,-12
5650,195092,Ancient,BIG,0.65,-23
5651,195179,Ancient,BIG,0.4090909090909091,-31
5652,198039,Ancient,BIG,0.3809523809523809,19
5653,198595,Ancient,BIG,0.5517241379310345,-69
5654,198852,Ancient,BIG,0.3809523809523809,5
5655,199474,Ancient,BIG,0.1875,10
5656,200487,Ancient,BIG,0.1875,-56
5657,201821,Ancient,BIG,0.5652173913043478,-17
5658,201940,Ancient,BIG,0.5416666666666666,-58
5659,203609,Ancient,BIG,0.4090909090909091,18
5660,203671,Ancient,BIG,0.65,15
5661,217840,Ancient,BIG,0.4347826086956521,-1
5662,216633,Ancient,BIG,0.8125,-51
5663,216746,Ancient,BIG,0.5652173913043478,-85
5664,216868,Ancient,BIG,0.7222222222222222,-86
5665,217271,Ancient,BIG,0.4347826086956521,-107
5666,223284,Ancient,BIG,0.6842105263157895,-21
5667,221881,Ancient,BIG,0.6842105263157895,7
5668,221997,Ancient,BIG,0.4583333333333333,-11
5669,224058,Ancient,BIG,0.5652173913043478,41
5670,224106,Ancient,BIG,0.6190476190476191,39
5671,224163,Ancient,BIG,0.1333333333333333,20
5672,226302,Ancient,BIG,0.5416666666666666,-30
5673,226326,Ancient,BIG,0.2777777777777778,-34
5674,224492,Ancient,BIG,0.2777777777777778,-3
5675,227316,Ancient,BIG,0.5277777777777778,-47
5676,227144,Ancient,BIG,0.6190476190476191,-13
5677,227250,Ancient,BIG,0.2777777777777778,4
5678,165389,Ancient,BIG,1.0,-8
5679,165584,Ancient,BIG,0.4666666666666667,-23
5680,164978,Ancient,BIG,0.6190476190476191,-21
5681,166634,Ancient,BIG,0.4583333333333333,-32
5682,167692,Ancient,BIG,0.7222222222222222,-4
5683,167748,Ancient,BIG,0.6190476190476191,-8
5684,167855,Ancient,BIG,0.6190476190476191,-8
5685,168117,Ancient,BIG,0.5416666666666667,-8
5686,169736,Ancient,BIG,0.4666666666666667,-3
5687,169927,Ancient,BIG,0.4666666666666667,9
5688,171162,Ancient,BIG,0.5652173913043479,-10
5689,173171,Ancient,BIG,0.35,5
5690,177081,Ancient,BIG,0.409090909090909,-2
5691,182294,Ancient,BIG,0.5416666666666667,-76
5692,186833,Ancient,BIG,0.65,-15
5693,187376,Ancient,BIG,0.7647058823529412,-68
5694,189652,Ancient,BIG,0.4583333333333333,-86
5695,191567,Ancient,BIG,0.4583333333333333,3
5696,192285,Ancient,BIG,0.4583333333333333,-62
5697,192923,Ancient,BIG,0.35,5
5698,194575,Ancient,BIG,0.3157894736842105,-14
5699,197733,Ancient,BIG,0.5333333333333333,-12
5700,197827,Ancient,BIG,0.35,9
5701,198092,Ancient,BIG,0.2777777777777778,10
5702,204957,Ancient,BIG,0.35,-31
5703,215519,Ancient,BIG,0.409090909090909,7
5704,217448,Ancient,BIG,0.5416666666666667,12
5705,225763,Ancient,BIG,0.6190476190476191,-21
5706,227043,Ancient,BIG,0.5909090909090908,-38
5707,226994,Ancient,BIG,0.1875,-9
5708,166592,Anubis,BIG,0.5333333333333333,1
5709,167026,Anubis,BIG,0.4347826086956521,-11
5710,166897,Anubis,BIG,0.8125,-33
5711,166942,Anubis,BIG,0.5416666666666666,-54
5712,166990,Anubis,BIG,0.4090909090909091,-59
5713,167424,Anubis,BIG,0.5416666666666666,-48
5714,169674,Anubis,BIG,0.5652173913043478,7
5715,169710,Anubis,BIG,0.3157894736842105,11
5716,171668,Anubis,BIG,0.4583333333333333,8
5717,172778,Anubis,BIG,0.6190476190476191,-37
5718,173288,Anubis,BIG,0.8666666666666667,-73
5719,173452,Anubis,BIG,0.5333333333333333,-1
5720,173478,Anubis,BIG,0.4722222222222222,3
5721,174730,Anubis,BIG,0.5909090909090909,26
5722,174802,Anubis,BIG,0.2352941176470588,-25
5723,175945,Anubis,BIG,0.4347826086956521,12
5724,177154,Anubis,BIG,0.3157894736842105,5
5725,178042,Anubis,BIG,0.2352941176470588,-56
5726,180942,Anubis,BIG,0.65,-9
5727,181061,Anubis,BIG,0.4347826086956521,6
5728,181857,Anubis,BIG,0.1875,-20
5729,183859,Anubis,BIG,0.7647058823529411,-2
5730,186922,Anubis,BIG,0.4583333333333333,-25
5731,188396,Anubis,BIG,0.5909090909090909,-28
5732,188438,Anubis,BIG,0.4090909090909091,-22
5733,187823,Anubis,BIG,0.2777777777777778,-35
5734,189019,Anubis,BIG,0.2777777777777778,5
5735,217833,Anubis,BIG,0.5909090909090909,-1
5736,221342,Anubis,BIG,0.5333333333333333,-98
5737,223226,Anubis,BIG,0.8125,-7
5738,223340,Anubis,BIG,0.3809523809523809,7
5739,226248,Anubis,BIG,0.5909090909090909,-70
5740,225924,Anubis,BIG,0.8125,20
5741,227272,Anubis,BIG,0.2777777777777778,4
5742,165220,Anubis,BIG,0.5517241379310345,-3
5743,165377,Anubis,BIG,0.4761904761904761,-8
5744,168115,Anubis,BIG,0.65,-8
5745,173166,Anubis,BIG,0.3157894736842105,5
5746,186859,Anubis,BIG,0.6842105263157895,-28
5747,187371,Anubis,BIG,0.4347826086956522,-68
5748,225753,Anubis,BIG,0.3157894736842105,-21
5749,176508,Dust2,BIG,0.7222222222222222,19
5750,178054,Dust2,BIG,0.5517241379310345,-56
5751,180202,Dust2,BIG,0.35,11
5752,180345,Dust2,BIG,0.5416666666666666,13
5753,180427,Dust2,BIG,0.35,19
5754,181046,Dust2,BIG,0.35,6
5755,182144,Dust2,BIG,0.6842105263157895,-12
5756,182200,Dust2,BIG,0.4347826086956521,13
5757,183663,Dust2,BIG,0.4347826086956521,-17
5758,183948,Dust2,BIG,0.9285714285714286,7
5759,185739,Dust2,BIG,0.65,2
5760,185937,Dust2,BIG,0.4090909090909091,-1
5761,186914,Dust2,BIG,0.5909090909090909,-25
5762,188439,Dust2,BIG,0.7222222222222222,-22
5763,187836,Dust2,BIG,0.4347826086956521,-35
5764,188963,Dust2,BIG,0.1875,11
5765,189024,Dust2,BIG,0.5909090909090909,5
5766,189197,Dust2,BIG,0.5416666666666666,4
5767,190636,Dust2,BIG,0.3157894736842105,19
5768,192800,Dust2,BIG,0.2777777777777778,12
5769,195281,Dust2,BIG,0.8125,-12
5770,197802,Dust2,BIG,0.1875,-5
5771,198600,Dust2,BIG,0.4090909090909091,-69
5772,198845,Dust2,BIG,0.4090909090909091,5
5773,199473,Dust2,BIG,0.4090909090909091,10
5774,199556,Dust2,BIG,0.35,14
5775,201900,Dust2,BIG,0.5238095238095238,-41
5776,203125,Dust2,BIG,0.6842105263157895,8
5777,204346,Dust2,BIG,0.3809523809523809,23
5778,204417,Dust2,BIG,0.4347826086956521,-14
5779,207646,Dust2,BIG,0.6842105263157895,-2
5780,207744,Dust2,BIG,0.65,-3
5781,208473,Dust2,BIG,0.6190476190476191,-26
5782,209256,Dust2,BIG,0.35,-4
5783,209667,Dust2,BIG,0.5416666666666666,-37
5784,213285,Dust2,BIG,0.5909090909090909,-67
5785,212495,Dust2,BIG,0.4482758620689655,21
5786,214165,Dust2,BIG,0.3809523809523809,-80
5787,215494,Dust2,BIG,0.4347826086956521,2
5788,217847,Dust2,BIG,0.4583333333333333,-1
5789,216658,Dust2,BIG,0.5652173913043478,-121
5790,216764,Dust2,BIG,0.5909090909090909,-85
5791,217388,Dust2,BIG,0.65,-13
5792,217500,Dust2,BIG,0.7647058823529411,-91
5793,221515,Dust2,BIG,0.5652173913043478,-18
5794,224118,Dust2,BIG,0.4090909090909091,39
5795,225907,Dust2,BIG,0.1875,20
5796,227063,Dust2,BIG,0.4090909090909091,14
5797,175901,Dust2,BIG,0.3157894736842105,20
5798,182316,Dust2,BIG,0.4666666666666667,-76
5799,186860,Dust2,BIG,0.5416666666666667,-28
5800,187381,Dust2,BIG,0.6190476190476191,-68
5801,192278,Dust2,BIG,0.409090909090909,-62
5802,194587,Dust2,BIG,0.3157894736842105,-14
5803,198095,Dust2,BIG,0.4571428571428572,10
5804,198771,Dust2,BIG,0.5909090909090908,-3
5805,199324,Dust2,BIG,0.6190476190476191,16
5806,203296,Dust2,BIG,0.35,-2
5807,204946,Dust2,BIG,0.4583333333333333,-31
5808,206576,Dust2,BIG,0.5416666666666667,-60
5809,209218,Dust2,BIG,0.7222222222222222,-60
5810,211309,Dust2,BIG,0.3809523809523809,-69
5811,215523,Dust2,BIG,0.6842105263157895,7
5812,217441,Dust2,BIG,0.6842105263157895,12
5813,226200,Dust2,BIG,0.7647058823529412,-69
5814,227005,Dust2,BIG,0.5517241379310345,-9
5815,165926,Inferno,BIG,0.3157894736842105,4
5816,166841,Inferno,BIG,0.6842105263157895,-23
5817,168087,Inferno,BIG,0.7222222222222222,-33
5818,171085,Inferno,BIG,0.4347826086956521,-69
5819,174111,Inferno,BIG,0.4583333333333333,-9
5820,174988,Inferno,BIG,0.4571428571428571,23
5821,176492,Inferno,BIG,0.7222222222222222,19
5822,177042,Inferno,BIG,0.2777777777777778,7
5823,177224,Inferno,BIG,0.4347826086956521,-16
5824,180822,Inferno,BIG,0.5652173913043478,-4
5825,180957,Inferno,BIG,0.4583333333333333,-9
5826,191340,Inferno,BIG,0.4482758620689655,2
5827,191400,Inferno,BIG,0.7647058823529411,-108
5828,192710,Inferno,BIG,0.0714285714285714,-4
5829,192805,Inferno,BIG,0.4090909090909091,12
5830,192849,Inferno,BIG,0.4583333333333333,-2
5831,194651,Inferno,BIG,0.6190476190476191,-33
5832,197796,Inferno,BIG,0.4583333333333333,-5
5833,198036,Inferno,BIG,0.6842105263157895,19
5834,199410,Inferno,BIG,0.3809523809523809,17
5835,201828,Inferno,BIG,0.65,-17
5836,201947,Inferno,BIG,0.5416666666666666,-58
5837,201968,Inferno,BIG,0.1333333333333333,2
5838,203605,Inferno,BIG,0.35,18
5839,203677,Inferno,BIG,0.4583333333333333,15
5840,204343,Inferno,BIG,0.1333333333333333,23
5841,204664,Inferno,BIG,0.2777777777777778,16
5842,207029,Inferno,BIG,0.5416666666666666,4
5843,207299,Inferno,BIG,0.1333333333333333,-6
5844,209240,Inferno,BIG,0.5714285714285714,-4
5845,209717,Inferno,BIG,0.4583333333333333,11
5846,213298,Inferno,BIG,0.4583333333333333,-67
5847,216859,Inferno,BIG,0.8125,-86
5848,221359,Inferno,BIG,0.65,-98
5849,221607,Inferno,BIG,0.6190476190476191,17
5850,222010,Inferno,BIG,0.5652173913043478,-11
5851,224064,Inferno,BIG,0.6190476190476191,41
5852,226321,Inferno,BIG,0.3809523809523809,-34
5853,227134,Inferno,BIG,0.9285714285714286,-13
5854,166472,Inferno,BIG,0.2777777777777778,-4
5855,167845,Inferno,BIG,0.5909090909090908,-8
5856,169921,Inferno,BIG,0.65,9
5857,182306,Inferno,BIG,0.2352941176470588,-76
5858,191571,Inferno,BIG,0.3157894736842105,3
5859,192924,Inferno,BIG,0.3809523809523809,5
5860,197822,Inferno,BIG,0.409090909090909,9
5861,198673,Inferno,BIG,0.65,-3
5862,198778,Inferno,BIG,0.1875,-3
5863,199321,Inferno,BIG,0.5416666666666667,16
5864,200616,Inferno,BIG,0.8125,-22
5865,201925,Inferno,BIG,0.4347826086956522,-44
5866,205414,Inferno,BIG,0.4482758620689655,-31
5867,209210,Inferno,BIG,0.5909090909090908,-60
5868,211171,Inferno,BIG,0.409090909090909,-43
5869,211317,Inferno,BIG,0.6842105263157895,-69
5870,213116,Inferno,BIG,0.7222222222222222,-184
5871,226196,Inferno,BIG,0.65,-69
5872,180210,Mirage,BIG,0.1875,11
5873,180350,Mirage,BIG,0.4347826086956521,13
5874,180436,Mirage,BIG,0.1875,19
5875,181050,Mirage,BIG,0.5652173913043478,6
5876,182142,Mirage,BIG,0.3157894736842105,-12
5877,182199,Mirage,BIG,0.35,13
5878,182105,Mirage,BIG,0.5517241379310345,-48
5879,183660,Mirage,BIG,0.2352941176470588,-17
5880,183722,Mirage,BIG,0.8666666666666667,-86
5881,183870,Mirage,BIG,0.6842105263157895,-2
5882,184256,Mirage,BIG,0.4090909090909091,5
5883,188443,Mirage,BIG,0.5909090909090909,-22
5884,188845,Mirage,BIG,0.5909090909090909,-22
5885,188961,Mirage,BIG,0.4583333333333333,11
5886,189125,Mirage,BIG,0.35,12
5887,189143,Mirage,BIG,0.2777777777777778,17
5888,189203,Mirage,BIG,0.3157894736842105,4
5889,190634,Mirage,BIG,0.4090909090909091,19
5890,191492,Mirage,BIG,0.5909090909090909,13
5891,192318,Mirage,BIG,0.7647058823529411,-34
5892,192388,Mirage,BIG,0.3809523809523809,-3
5893,192637,Mirage,BIG,0.2777777777777778,11
5894,194798,Mirage,BIG,0.4090909090909091,-25
5895,195285,Mirage,BIG,0.4761904761904761,-12
5896,195176,Mirage,BIG,0.8125,-31
5897,198037,Mirage,BIG,0.4090909090909091,19
5898,198606,Mirage,BIG,0.5416666666666666,-69
5899,198858,Mirage,BIG,0.8125,5
5900,199413,Mirage,BIG,0.4347826086956521,17
5901,199560,Mirage,BIG,0.2352941176470588,14
5902,200481,Mirage,BIG,0.4347826086956521,-56
5903,201891,Mirage,BIG,0.6842105263157895,-41
5904,203131,Mirage,BIG,0.35,8
5905,204555,Mirage,BIG,0.5909090909090909,-61
5906,205096,Mirage,BIG,0.7222222222222222,-46
5907,204880,Mirage,BIG,0.9285714285714286,-4
5908,205633,Mirage,BIG,0.2777777777777778,-45
5909,206547,Mirage,BIG,0.5416666666666666,-26
5910,208390,Mirage,BIG,0.1333333333333333,-26
5911,208477,Mirage,BIG,0.2352941176470588,-26
5912,208846,Mirage,BIG,0.3809523809523809,-42
5913,208900,Mirage,BIG,0.9285714285714286,-109
5914,209309,Mirage,BIG,0.3809523809523809,-61
5915,209713,Mirage,BIG,0.2777777777777778,11
5916,212412,Mirage,BIG,0.7647058823529411,-113
5917,212440,Mirage,BIG,0.5652173913043478,3
5918,212503,Mirage,BIG,0.2777777777777778,21
5919,215449,Mirage,BIG,0.2352941176470588,-2
5920,215495,Mirage,BIG,0.5652173913043478,2
5921,215565,Mirage,BIG,0.4583333333333333,-8
5922,216664,Mirage,BIG,0.65,-121
5923,221400,Mirage,BIG,0.65,31
5924,221628,Mirage,BIG,0.6190476190476191,17
5925,221502,Mirage,BIG,0.6842105263157895,-18
5926,222026,Mirage,BIG,0.4666666666666667,-11
5927,225849,Mirage,BIG,0.3157894736842105,-75
5928,225881,Mirage,BIG,0.65,-31
5929,227306,Mirage,BIG,0.5416666666666666,-47
5930,227482,Mirage,BIG,0.1333333333333333,-37
5931,227265,Mirage,BIG,0.5416666666666666,4
5932,186837,Mirage,BIG,0.5517241379310345,-15
5933,189645,Mirage,BIG,0.4583333333333333,-86
5934,192266,Mirage,BIG,0.6190476190476191,-62
5935,197683,Mirage,BIG,0.2352941176470588,-26
5936,197813,Mirage,BIG,0.5416666666666667,9
5937,198671,Mirage,BIG,0.7647058823529412,-3
5938,198787,Mirage,BIG,0.6190476190476191,-3
5939,199319,Mirage,BIG,0.4583333333333333,16
5940,200622,Mirage,BIG,0.6842105263157895,-22
5941,201920,Mirage,BIG,0.2352941176470588,-44
5942,203292,Mirage,BIG,0.5517241379310345,-2
5943,211350,Mirage,BIG,0.7222222222222222,-23
5944,221533,Mirage,BIG,0.5416666666666667,-85
5945,226991,Mirage,BIG,0.5909090909090908,-9
5946,165604,Nuke,BIG,0.9285714285714286,-2
5947,165678,Nuke,BIG,0.35,15
5948,165930,Nuke,BIG,0.4090909090909091,4
5949,166579,Nuke,BIG,0.6842105263157895,-80
5950,166886,Nuke,BIG,0.4761904761904761,-33
5951,173455,Nuke,BIG,0.6842105263157895,-1
5952,174737,Nuke,BIG,0.1875,26
5953,174831,Nuke,BIG,0.2777777777777778,18
5954,176458,Nuke,BIG,0.5333333333333333,8
5955,176533,Nuke,BIG,0.2352941176470588,18
5956,178120,Nuke,BIG,0.4090909090909091,-57
5957,182143,Nuke,BIG,0.65,-12
5958,182115,Nuke,BIG,0.8125,-48
5959,183657,Nuke,BIG,0.6190476190476191,-17
5960,183730,Nuke,BIG,0.6190476190476191,-86
5961,184249,Nuke,BIG,0.4583333333333333,5
5962,184879,Nuke,BIG,0.3809523809523809,-62
5963,185916,Nuke,BIG,0.2777777777777778,9
5964,188850,Nuke,BIG,0.2777777777777778,-4
5965,188959,Nuke,BIG,0.7222222222222222,11
5966,190330,Nuke,BIG,0.5333333333333333,1
5967,191496,Nuke,BIG,0.35,13
5968,192324,Nuke,BIG,0.35,-34
5969,192406,Nuke,BIG,0.35,-3
5970,192716,Nuke,BIG,0.7222222222222222,-4
5971,192853,Nuke,BIG,0.6190476190476191,-2
5972,194690,Nuke,BIG,0.4411764705882353,-33
5973,195096,Nuke,BIG,0.6190476190476191,-23
5974,200479,Nuke,BIG,0.6842105263157895,-56
5975,200727,Nuke,BIG,0.4347826086956521,-21
5976,201899,Nuke,BIG,0.4583333333333333,-41
5977,201963,Nuke,BIG,0.3157894736842105,2
5978,203134,Nuke,BIG,0.7222222222222222,8
5979,203674,Nuke,BIG,0.1875,15
5980,204421,Nuke,BIG,0.4347826086956521,-14
5981,204569,Nuke,BIG,0.6190476190476191,-2
5982,204654,Nuke,BIG,0.2777777777777778,16
5983,205322,Nuke,BIG,0.4090909090909091,-6
5984,206551,Nuke,BIG,0.3157894736842105,-26
5985,206999,Nuke,BIG,0.4583333333333333,4
5986,207283,Nuke,BIG,0.2352941176470588,-6
5987,207735,Nuke,BIG,0.4090909090909091,-3
5988,208197,Nuke,BIG,0.5517241379310345,-44
5989,208385,Nuke,BIG,0.35,-26
5990,208468,Nuke,BIG,0.1875,-26
5991,209678,Nuke,BIG,0.6842105263157895,-37
5992,211443,Nuke,BIG,0.5416666666666666,-141
5993,223133,Nuke,BIG,0.6842105263157895,-123
5994,223282,Nuke,BIG,0.6842105263157895,-21
5995,223316,Nuke,BIG,0.3809523809523809,7
5996,221860,Nuke,BIG,0.4090909090909091,7
5997,224018,Nuke,BIG,0.6842105263157895,6
5998,224159,Nuke,BIG,0.5416666666666666,20
5999,226299,Nuke,BIG,0.7222222222222222,-30
6000,225859,Nuke,BIG,0.5416666666666666,-75
6001,165594,Nuke,BIG,0.4347826086956522,-23
6002,164970,Nuke,BIG,0.4722222222222222,-21
6003,166638,Nuke,BIG,0.5652173913043479,-32
6004,167754,Nuke,BIG,0.7222222222222222,-8
6005,175908,Nuke,BIG,0.3809523809523809,20
6006,203298,Nuke,BIG,0.3157894736842105,-2
6007,205422,Nuke,BIG,0.2352941176470588,-31
6008,205198,Nuke,BIG,0.5277777777777778,-29
6009,206580,Nuke,BIG,0.8125,-60
6010,221539,Nuke,BIG,0.5714285714285715,-85
6011,226190,Nuke,BIG,0.409090909090909,-69
6012,175053,Ancient,The MongolZ,0.4583333333333333,9
6013,179577,Ancient,The MongolZ,0.5416666666666666,-164
6014,186093,Ancient,The MongolZ,0.4347826086956521,4
6015,192725,Ancient,The MongolZ,0.5652173913043478,-12
6016,207824,Ancient,The MongolZ,0.65,-11
6017,165963,Ancient,The MongolZ,0.5416666666666667,-66
6018,167641,Ancient,The MongolZ,0.2777777777777778,-69
6019,168170,Ancient,The MongolZ,0.5333333333333333,39
6020,167813,Ancient,The MongolZ,0.8125,-159
6021,167889,Ancient,The MongolZ,0.5909090909090908,-69
6022,169722,Ancient,The MongolZ,0.5333333333333333,-7
6023,169837,Ancient,The MongolZ,0.4666666666666667,10
6024,170987,Ancient,The MongolZ,0.7647058823529412,-134
6025,170996,Ancient,The MongolZ,0.7647058823529412,-27
6026,171072,Ancient,The MongolZ,0.6190476190476191,-25
6027,172223,Ancient,The MongolZ,0.6190476190476191,-25
6028,172259,Ancient,The MongolZ,0.5909090909090908,-43
6029,172675,Ancient,The MongolZ,0.8666666666666667,-120
6030,172692,Ancient,The MongolZ,0.5416666666666667,-37
6031,172755,Ancient,The MongolZ,0.6842105263157895,-120
6032,172794,Ancient,The MongolZ,0.6190476190476191,-18
6033,174257,Ancient,The MongolZ,0.5416666666666667,6
6034,174299,Ancient,The MongolZ,0.7647058823529412,11
6035,176418,Ancient,The MongolZ,0.7222222222222222,-4
6036,176790,Ancient,The MongolZ,0.5416666666666667,-19
6037,177455,Ancient,The MongolZ,0.5365853658536586,8
6038,177643,Ancient,The MongolZ,0.4285714285714286,-28
6039,178989,Ancient,The MongolZ,0.4583333333333333,5
6040,179163,Ancient,The MongolZ,0.6190476190476191,-15
6041,179778,Ancient,The MongolZ,0.7647058823529412,-12
6042,179889,Ancient,The MongolZ,0.6190476190476191,-2
6043,179930,Ancient,The MongolZ,0.2777777777777778,-16
6044,180820,Ancient,The MongolZ,0.7222222222222222,-18
6045,180948,Ancient,The MongolZ,0.7647058823529412,-13
6046,181123,Ancient,The MongolZ,0.5517241379310345,9
6047,181175,Ancient,The MongolZ,0.5517241379310345,-18
6048,183169,Ancient,The MongolZ,0.4583333333333333,-4
6049,183343,Ancient,The MongolZ,0.5909090909090908,12
6050,183428,Ancient,The MongolZ,0.5652173913043479,-2
6051,183525,Ancient,The MongolZ,0.65,-4
6052,184238,Ancient,The MongolZ,0.4634146341463414,-5
6053,186626,Ancient,The MongolZ,0.3809523809523809,-39
6054,186775,Ancient,The MongolZ,0.5416666666666667,-24
6055,187391,Ancient,The MongolZ,0.5909090909090908,-11
6056,187450,Ancient,The MongolZ,0.3157894736842105,3
6057,187821,Ancient,The MongolZ,0.6190476190476191,-206
6058,187916,Ancient,The MongolZ,0.8666666666666667,-80
6059,188852,Ancient,The MongolZ,0.6842105263157895,-8
6060,189207,Ancient,The MongolZ,0.6842105263157895,2
6061,189512,Ancient,The MongolZ,0.4666666666666667,4
6062,191541,Ancient,The MongolZ,0.5416666666666667,-1
6063,191666,Ancient,The MongolZ,0.409090909090909,5
6064,192649,Ancient,The MongolZ,0.65,-15
6065,195741,Ancient,The MongolZ,0.4583333333333333,-16
6066,194566,Ancient,The MongolZ,0.409090909090909,2
6067,194967,Ancient,The MongolZ,0.65,-9
6068,195324,Ancient,The MongolZ,0.6842105263157895,4
6069,195938,Ancient,The MongolZ,0.6190476190476191,-5
6070,195978,Ancient,The MongolZ,0.4583333333333333,2
6071,197222,Ancient,The MongolZ,0.5416666666666667,-5
6072,197289,Ancient,The MongolZ,0.3809523809523809,-23
6073,197489,Ancient,The MongolZ,0.4666666666666667,-2
6074,198031,Ancient,The MongolZ,0.5517241379310345,-14
6075,198093,Ancient,The MongolZ,0.5517241379310345,-1
6076,198230,Ancient,The MongolZ,0.6842105263157895,-4
6077,201342,Ancient,The MongolZ,0.65,-6
6078,201525,Ancient,The MongolZ,0.4583333333333333,-5
6079,201632,Ancient,The MongolZ,0.6842105263157895,-3
6080,203726,Ancient,The MongolZ,0.5652173913043479,-12
6081,204091,Ancient,The MongolZ,0.3157894736842105,-1
6082,204527,Ancient,The MongolZ,0.5652173913043479,-6
6083,205430,Ancient,The MongolZ,0.2777777777777778,1
6084,205710,Ancient,The MongolZ,0.5909090909090908,-10
6085,207422,Ancient,The MongolZ,0.7222222222222222,-10
6086,207682,Ancient,The MongolZ,0.6842105263157895,-15
6087,207944,Ancient,The MongolZ,0.7222222222222222,-3
6088,208171,Ancient,The MongolZ,0.5909090909090908,-7
6089,208288,Ancient,The MongolZ,0.7222222222222222,-13
6090,209659,Ancient,The MongolZ,0.409090909090909,-24
6091,209926,Ancient,The MongolZ,0.4583333333333333,-14
6092,210173,Ancient,The MongolZ,0.4285714285714286,-8
6093,210831,Ancient,The MongolZ,0.7222222222222222,-55
6094,211086,Ancient,The MongolZ,0.5416666666666667,-55
6095,211190,Ancient,The MongolZ,0.4347826086956522,-8
6096,212522,Ancient,The MongolZ,0.7222222222222222,-13
6097,212680,Ancient,The MongolZ,0.6842105263157895,-11
6098,212718,Ancient,The MongolZ,0.4571428571428572,-2
6099,213616,Ancient,The MongolZ,0.4347826086956522,-2
6100,215180,Ancient,The MongolZ,0.7647058823529412,-3
6101,217911,Ancient,The MongolZ,0.4583333333333333,-3
6102,219379,Ancient,The MongolZ,0.5909090909090908,-9
6103,221986,Ancient,The MongolZ,0.0714285714285714,3
6104,222139,Ancient,The MongolZ,0.2352941176470588,-7
6105,222567,Ancient,The MongolZ,0.4583333333333333,-1
6106,223594,Ancient,The MongolZ,0.5333333333333333,-8
6107,225685,Ancient,The MongolZ,0.5416666666666667,-38
6108,225999,Ancient,The MongolZ,0.409090909090909,-2
6109,226261,Ancient,The MongolZ,0.5909090909090908,3
6110,226386,Ancient,The MongolZ,0.8666666666666667,-7
6111,228493,Ancient,The MongolZ,0.4571428571428572,2
6112,229306,Ancient,The MongolZ,0.8125,-33
6113,229314,Ancient,The MongolZ,0.4583333333333333,-8
6114,168025,Anubis,The MongolZ,0.4482758620689655,15
6115,195407,Anubis,The MongolZ,0.2352941176470588,5
6116,165959,Anubis,The MongolZ,0.7647058823529412,-66
6117,168180,Anubis,The MongolZ,0.3157894736842105,34
6118,167730,Anubis,The MongolZ,0.5416666666666667,-164
6119,167938,Anubis,The MongolZ,0.4482758620689655,19
6120,169725,Anubis,The MongolZ,0.8125,-7
6121,169916,Anubis,The MongolZ,0.2777777777777778,-2
6122,172227,Anubis,The MongolZ,0.6842105263157895,-25
6123,172261,Anubis,The MongolZ,0.6842105263157895,-43
6124,172683,Anubis,The MongolZ,0.409090909090909,-120
6125,174305,Anubis,The MongolZ,0.65,11
6126,175652,Anubis,The MongolZ,0.65,-86
6127,176686,Anubis,The MongolZ,0.5909090909090908,-19
6128,176776,Anubis,The MongolZ,0.4347826086956522,-19
6129,179925,Anubis,The MongolZ,0.2352941176470588,-16
6130,180807,Anubis,The MongolZ,0.4482758620689655,-18
6131,180943,Anubis,The MongolZ,0.6190476190476191,-13
6132,181062,Anubis,The MongolZ,0.2352941176470588,-5
6133,181127,Anubis,The MongolZ,0.7647058823529412,9
6134,181186,Anubis,The MongolZ,0.4347826086956522,-18
6135,181257,Anubis,The MongolZ,0.5517241379310345,-14
6136,183163,Anubis,The MongolZ,0.409090909090909,-4
6137,183349,Anubis,The MongolZ,0.2352941176470588,12
6138,183522,Anubis,The MongolZ,0.6190476190476191,-4
6139,184317,Anubis,The MongolZ,0.409090909090909,4
6140,186078,Anubis,The MongolZ,0.8666666666666667,6
6141,186617,Anubis,The MongolZ,0.3809523809523809,-39
6142,187385,Anubis,The MongolZ,0.6842105263157895,-11
6143,187458,Anubis,The MongolZ,0.5416666666666667,3
6144,187921,Anubis,The MongolZ,0.7222222222222222,-80
6145,188847,Anubis,The MongolZ,0.8666666666666667,-128
6146,188927,Anubis,The MongolZ,0.8666666666666667,-11
6147,189198,Anubis,The MongolZ,0.5277777777777778,2
6148,191930,Anubis,The MongolZ,0.65,2
6149,194813,Anubis,The MongolZ,0.3157894736842105,6
6150,195936,Anubis,The MongolZ,0.65,-5
6151,197228,Anubis,The MongolZ,0.4347826086956522,-5
6152,197369,Anubis,The MongolZ,0.65,-4
6153,198027,Anubis,The MongolZ,0.4583333333333333,-14
6154,198227,Anubis,The MongolZ,0.2777777777777778,-4
6155,199330,Anubis,The MongolZ,0.35,-13
6156,199397,Anubis,The MongolZ,0.6842105263157895,-11
6157,199797,Anubis,The MongolZ,0.4666666666666667,1
6158,200037,Anubis,The MongolZ,0.65,-13
6159,201532,Anubis,The MongolZ,0.2352941176470588,-5
6160,201907,Anubis,The MongolZ,0.5416666666666667,-5
6161,201953,Anubis,The MongolZ,0.7222222222222222,-15
6162,186094,Dust2,The MongolZ,0.1875,4
6163,202027,Dust2,The MongolZ,0.2352941176470588,4
6164,205825,Dust2,The MongolZ,0.4090909090909091,3
6165,215413,Dust2,The MongolZ,0.2352941176470588,3
6166,219302,Dust2,The MongolZ,0.2352941176470588,8
6167,220080,Dust2,The MongolZ,0.1875,8
6168,226064,Dust2,The MongolZ,0.5416666666666666,-66
6169,176419,Dust2,The MongolZ,0.8666666666666667,-4
6170,178149,Dust2,The MongolZ,0.4583333333333333,1
6171,179841,Dust2,The MongolZ,0.65,-23
6172,179890,Dust2,The MongolZ,0.7647058823529412,-2
6173,180830,Dust2,The MongolZ,0.2777777777777778,-18
6174,186772,Dust2,The MongolZ,0.5416666666666667,-24
6175,186794,Dust2,The MongolZ,0.65,-17
6176,186958,Dust2,The MongolZ,0.5714285714285715,-9
6177,187445,Dust2,The MongolZ,0.6190476190476191,3
6178,192646,Dust2,The MongolZ,0.65,-15
6179,192829,Dust2,The MongolZ,0.4666666666666667,-4
6180,195739,Dust2,The MongolZ,0.5416666666666667,-16
6181,194582,Dust2,The MongolZ,0.5714285714285715,2
6182,194823,Dust2,The MongolZ,0.4583333333333333,6
6183,194959,Dust2,The MongolZ,0.7647058823529412,-9
6184,195884,Dust2,The MongolZ,0.35,4
6185,195980,Dust2,The MongolZ,0.2352941176470588,2
6186,197487,Dust2,The MongolZ,0.3157894736842105,-2
6187,198091,Dust2,The MongolZ,0.6190476190476191,-1
6188,201640,Dust2,The MongolZ,0.5283018867924528,-3
6189,200115,Dust2,The MongolZ,0.65,-1
6190,200278,Dust2,The MongolZ,0.5416666666666667,1
6191,203800,Dust2,The MongolZ,0.5909090909090908,-4
6192,204400,Dust2,The MongolZ,0.409090909090909,-42
6193,204520,Dust2,The MongolZ,0.5416666666666667,-6
6194,205068,Dust2,The MongolZ,0.5416666666666667,-5
6195,205872,Dust2,The MongolZ,0.5909090909090908,-5
6196,207675,Dust2,The MongolZ,0.5416666666666667,-15
6197,208162,Dust2,The MongolZ,0.35,-7
6198,208276,Dust2,The MongolZ,0.8125,-13
6199,208426,Dust2,The MongolZ,0.2777777777777778,-2
6200,209736,Dust2,The MongolZ,0.409090909090909,-21
6201,210826,Dust2,The MongolZ,0.8125,-55
6202,210943,Dust2,The MongolZ,0.4411764705882353,-4
6203,212707,Dust2,The MongolZ,0.65,-2
6204,213614,Dust2,The MongolZ,0.3157894736842105,-2
6205,214982,Dust2,The MongolZ,0.4666666666666667,-29
6206,215185,Dust2,The MongolZ,0.6842105263157895,-3
6207,217905,Dust2,The MongolZ,0.1333333333333333,-3
6208,219175,Dust2,The MongolZ,0.8666666666666667,-8
6209,219943,Dust2,The MongolZ,0.4347826086956522,7
6210,221803,Dust2,The MongolZ,0.5909090909090908,-2
6211,222123,Dust2,The MongolZ,0.5652173913043479,-7
6212,225672,Dust2,The MongolZ,0.8125,-38
6213,226251,Dust2,The MongolZ,0.3157894736842105,3
6214,228489,Dust2,The MongolZ,0.4583333333333333,2
6215,228587,Dust2,The MongolZ,0.8666666666666667,-4
6216,228710,Dust2,The MongolZ,0.3809523809523809,3
6217,229510,Dust2,The MongolZ,0.7647058823529412,1
6218,168308,Inferno,The MongolZ,0.3809523809523809,33
6219,169628,Inferno,The MongolZ,0.5185185185185185,-9
6220,186014,Inferno,The MongolZ,0.4722222222222222,10
6221,192718,Inferno,The MongolZ,0.5428571428571428,-12
6222,195420,Inferno,The MongolZ,0.1333333333333333,5
6223,202030,Inferno,The MongolZ,0.3157894736842105,4
6224,200178,Inferno,The MongolZ,0.4347826086956521,6
6225,203938,Inferno,The MongolZ,0.3809523809523809,2
6226,205330,Inferno,The MongolZ,0.5416666666666666,3
6227,167634,Inferno,The MongolZ,0.8666666666666667,-69
6228,168222,Inferno,The MongolZ,0.8125,39
6229,167719,Inferno,The MongolZ,0.8125,-164
6230,167893,Inferno,The MongolZ,0.5333333333333333,-69
6231,167934,Inferno,The MongolZ,0.7222222222222222,19
6232,169366,Inferno,The MongolZ,0.5333333333333333,-100
6233,169643,Inferno,The MongolZ,0.6842105263157895,-136
6234,172209,Inferno,The MongolZ,0.5652173913043479,-8
6235,172356,Inferno,The MongolZ,0.4634146341463414,-28
6236,172687,Inferno,The MongolZ,0.6190476190476191,-37
6237,175741,Inferno,The MongolZ,0.5333333333333333,-81
6238,176483,Inferno,The MongolZ,0.6190476190476191,-5
6239,176798,Inferno,The MongolZ,0.5416666666666667,-19
6240,177206,Inferno,The MongolZ,0.3809523809523809,8
6241,179009,Inferno,The MongolZ,0.4482758620689655,5
6242,179129,Inferno,The MongolZ,0.8666666666666667,-10
6243,178658,Inferno,The MongolZ,0.3157894736842105,-128
6244,183241,Inferno,The MongolZ,0.9285714285714286,-28
6245,184322,Inferno,The MongolZ,0.4583333333333333,4
6246,186084,Inferno,The MongolZ,0.7647058823529412,6
6247,186363,Inferno,The MongolZ,0.65,-160
6248,186391,Inferno,The MongolZ,0.6190476190476191,-16
6249,186973,Inferno,The MongolZ,0.6190476190476191,-9
6250,189114,Inferno,The MongolZ,0.5652173913043479,7
6251,192825,Inferno,The MongolZ,0.5517241379310345,-4
6252,193135,Inferno,The MongolZ,0.4285714285714286,-5
6253,195745,Inferno,The MongolZ,0.8125,-16
6254,194394,Inferno,The MongolZ,0.5909090909090908,-7
6255,195887,Inferno,The MongolZ,0.9285714285714286,4
6256,197226,Inferno,The MongolZ,0.4347826086956522,-5
6257,198034,Inferno,The MongolZ,0.5652173913043479,-14
6258,198235,Inferno,The MongolZ,0.5652173913043479,-4
6259,199336,Inferno,The MongolZ,0.5909090909090908,-13
6260,199499,Inferno,The MongolZ,0.5416666666666667,2
6261,201327,Inferno,The MongolZ,0.4583333333333333,-11
6262,200113,Inferno,The MongolZ,0.7647058823529412,-1
6263,200327,Inferno,The MongolZ,0.4583333333333333,4
6264,204081,Inferno,The MongolZ,0.4499999999999999,-1
6265,205620,Inferno,The MongolZ,0.8125,-9
6266,205714,Inferno,The MongolZ,0.409090909090909,-10
6267,207418,Inferno,The MongolZ,0.4347826086956522,-10
6268,207936,Inferno,The MongolZ,0.4482758620689655,-3
6269,208406,Inferno,The MongolZ,0.5416666666666667,-2
6270,209921,Inferno,The MongolZ,0.5652173913043479,-14
6271,210065,Inferno,The MongolZ,0.6190476190476191,-16
6272,211224,Inferno,The MongolZ,0.4666666666666667,-7
6273,212521,Inferno,The MongolZ,0.6842105263157895,-13
6274,212612,Inferno,The MongolZ,0.3809523809523809,-10
6275,212684,Inferno,The MongolZ,0.5517241379310345,-11
6276,213520,Inferno,The MongolZ,0.4583333333333333,-26
6277,215015,Inferno,The MongolZ,0.5909090909090908,-10
6278,218051,Inferno,The MongolZ,0.4285714285714286,7
6279,219495,Inferno,The MongolZ,0.1875,1
6280,220145,Inferno,The MongolZ,0.4347826086956522,5
6281,223223,Inferno,The MongolZ,0.8125,3
6282,222154,Inferno,The MongolZ,0.5652173913043479,-7
6283,224230,Inferno,The MongolZ,0.3157894736842105,-2
6284,226381,Inferno,The MongolZ,0.7222222222222222,-7
6285,228411,Inferno,The MongolZ,0.7647058823529412,-38
6286,228591,Inferno,The MongolZ,0.5588235294117647,-4
6287,228717,Inferno,The MongolZ,0.5416666666666667,3
6288,229420,Inferno,The MongolZ,0.65,-17
6289,229529,Inferno,The MongolZ,0.4583333333333333,-9
6290,165369,Mirage,The MongolZ,0.5909090909090909,13
6291,165484,Mirage,The MongolZ,0.6842105263157895,13
6292,166816,Mirage,The MongolZ,0.8666666666666667,28
6293,166899,Mirage,The MongolZ,0.6842105263157895,28
6294,168019,Mirage,The MongolZ,0.7222222222222222,15
6295,169659,Mirage,The MongolZ,0.6190476190476191,-9
6296,169695,Mirage,The MongolZ,0.2777777777777778,-9
6297,174488,Mirage,The MongolZ,0.4347826086956521,12
6298,175049,Mirage,The MongolZ,0.3157894736842105,9
6299,173783,Mirage,The MongolZ,0.55,-116
6300,185969,Mirage,The MongolZ,0.5652173913043478,4
6301,192027,Mirage,The MongolZ,0.35,4
6302,198273,Mirage,The MongolZ,0.1875,6
6303,202022,Mirage,The MongolZ,0.7222222222222222,4
6304,200182,Mirage,The MongolZ,0.4583333333333333,6
6305,203937,Mirage,The MongolZ,0.2777777777777778,2
6306,205311,Mirage,The MongolZ,0.65,3
6307,205820,Mirage,The MongolZ,0.6190476190476191,3
6308,207814,Mirage,The MongolZ,0.4347826086956521,-11
6309,215412,Mirage,The MongolZ,0.2777777777777778,3
6310,219290,Mirage,The MongolZ,0.5652173913043478,8
6311,220067,Mirage,The MongolZ,0.4482758620689655,8
6312,223513,Mirage,The MongolZ,0.2352941176470588,6
6313,165950,Mirage,The MongolZ,0.5652173913043479,-66
6314,167712,Mirage,The MongolZ,0.2777777777777778,-164
6315,167818,Mirage,The MongolZ,0.65,-159
6316,169815,Mirage,The MongolZ,0.5333333333333333,9
6317,169832,Mirage,The MongolZ,0.1333333333333333,10
6318,169905,Mirage,The MongolZ,0.4482758620689655,-2
6319,172206,Mirage,The MongolZ,0.3809523809523809,-8
6320,172298,Mirage,The MongolZ,0.4347826086956522,18
6321,172351,Mirage,The MongolZ,0.5909090909090908,-28
6322,172678,Mirage,The MongolZ,0.4347826086956522,-120
6323,172760,Mirage,The MongolZ,0.5652173913043479,-120
6324,174246,Mirage,The MongolZ,0.8125,6
6325,175651,Mirage,The MongolZ,0.6190476190476191,-86
6326,175745,Mirage,The MongolZ,0.65,-81
6327,176683,Mirage,The MongolZ,0.7647058823529412,-19
6328,176783,Mirage,The MongolZ,0.5652173913043479,-19
6329,177019,Mirage,The MongolZ,0.5333333333333333,-15
6330,177129,Mirage,The MongolZ,0.5909090909090908,7
6331,177440,Mirage,The MongolZ,0.3157894736842105,8
6332,177656,Mirage,The MongolZ,0.65,-28
6333,178158,Mirage,The MongolZ,0.409090909090909,1
6334,179648,Mirage,The MongolZ,0.4583333333333333,-54
6335,179716,Mirage,The MongolZ,0.4583333333333333,-25
6336,179664,Mirage,The MongolZ,0.7222222222222222,-13
6337,179845,Mirage,The MongolZ,0.5416666666666667,-23
6338,181066,Mirage,The MongolZ,0.6190476190476191,-5
6339,181270,Mirage,The MongolZ,0.4347826086956522,-14
6340,183249,Mirage,The MongolZ,1.0,-28
6341,184256,Mirage,The MongolZ,0.5909090909090908,-5
6342,184309,Mirage,The MongolZ,0.5517241379310345,4
6343,186082,Mirage,The MongolZ,0.3809523809523809,6
6344,186622,Mirage,The MongolZ,0.9285714285714286,-39
6345,186793,Mirage,The MongolZ,0.5416666666666667,-17
6346,186965,Mirage,The MongolZ,0.3157894736842105,-9
6347,187465,Mirage,The MongolZ,0.8666666666666667,3
6348,187914,Mirage,The MongolZ,0.4583333333333333,-80
6349,188923,Mirage,The MongolZ,0.7222222222222222,-11
6350,189134,Mirage,The MongolZ,0.5517241379310345,4
6351,189191,Mirage,The MongolZ,0.3809523809523809,2
6352,191538,Mirage,The MongolZ,0.6190476190476191,-1
6353,191589,Mirage,The MongolZ,0.7222222222222222,-9
6354,191662,Mirage,The MongolZ,0.1875,5
6355,191933,Mirage,The MongolZ,0.55,2
6356,192833,Mirage,The MongolZ,0.6190476190476191,-4
6357,193131,Mirage,The MongolZ,0.3809523809523809,-5
6358,194404,Mirage,The MongolZ,0.5333333333333333,-7
6359,194596,Mirage,The MongolZ,0.5652173913043479,2
6360,195319,Mirage,The MongolZ,0.6842105263157895,4
6361,195889,Mirage,The MongolZ,0.4482758620689655,4
6362,197367,Mirage,The MongolZ,0.5416666666666667,-4
6363,197435,Mirage,The MongolZ,0.5909090909090908,-8
6364,197485,Mirage,The MongolZ,0.5909090909090908,-2
6365,198148,Mirage,The MongolZ,0.409090909090909,4
6366,199327,Mirage,The MongolZ,0.7647058823529412,-13
6367,199395,Mirage,The MongolZ,0.7222222222222222,-11
6368,199507,Mirage,The MongolZ,0.5416666666666667,2
6369,199796,Mirage,The MongolZ,0.2777777777777778,1
6370,200039,Mirage,The MongolZ,0.65,-13
6371,201905,Mirage,The MongolZ,0.5909090909090908,-5
6372,201951,Mirage,The MongolZ,0.7222222222222222,-15
6373,200280,Mirage,The MongolZ,0.6842105263157895,1
6374,203803,Mirage,The MongolZ,0.5909090909090908,-4
6375,204393,Mirage,The MongolZ,0.5652173913043479,-42
6376,205081,Mirage,The MongolZ,0.5517241379310345,-5
6377,205417,Mirage,The MongolZ,0.4482758620689655,1
6378,205864,Mirage,The MongolZ,0.5333333333333333,-5
6379,207922,Mirage,The MongolZ,0.5416666666666667,-3
6380,208157,Mirage,The MongolZ,0.5416666666666667,-7
6381,208283,Mirage,The MongolZ,0.2777777777777778,-13
6382,208397,Mirage,The MongolZ,0.4482758620689655,-2
6383,209652,Mirage,The MongolZ,0.5652173913043479,-24
6384,209743,Mirage,The MongolZ,0.4583333333333333,-21
6385,210077,Mirage,The MongolZ,0.5365853658536586,-16
6386,210953,Mirage,The MongolZ,0.4583333333333333,-4
6387,211182,Mirage,The MongolZ,0.409090909090909,-8
6388,211230,Mirage,The MongolZ,0.5652173913043479,-7
6389,212727,Mirage,The MongolZ,0.6842105263157895,-2
6390,212930,Mirage,The MongolZ,0.2777777777777778,2
6391,215058,Mirage,The MongolZ,0.65,-7
6392,218042,Mirage,The MongolZ,0.5416666666666667,7
6393,219167,Mirage,The MongolZ,0.9285714285714286,-8
6394,219385,Mirage,The MongolZ,0.35,-9
6395,219512,Mirage,The MongolZ,0.5416666666666667,1
6396,219937,Mirage,The MongolZ,0.8125,7
6397,220129,Mirage,The MongolZ,0.3157894736842105,5
6398,221783,Mirage,The MongolZ,0.5909090909090908,-10
6399,221813,Mirage,The MongolZ,0.5416666666666667,-2
6400,222571,Mirage,The MongolZ,0.2352941176470588,-1
6401,223603,Mirage,The MongolZ,0.5652173913043479,-8
6402,224238,Mirage,The MongolZ,0.409090909090909,-2
6403,225888,Mirage,The MongolZ,0.65,-29
6404,225993,Mirage,The MongolZ,0.2352941176470588,-2
6405,226255,Mirage,The MongolZ,0.6190476190476191,3
6406,226331,Mirage,The MongolZ,0.4666666666666667,-5
6407,228404,Mirage,The MongolZ,0.5208333333333333,-38
6408,228723,Mirage,The MongolZ,0.4285714285714286,3
6409,228842,Mirage,The MongolZ,0.4347826086956522,4
6410,229325,Mirage,The MongolZ,0.409090909090909,-8
6411,229414,Mirage,The MongolZ,0.4583333333333333,-17
6412,229512,Mirage,The MongolZ,0.5416666666666667,1
6413,229539,Mirage,The MongolZ,0.5652173913043479,-9
6414,165363,Nuke,The MongolZ,0.2352941176470588,13
6415,165480,Nuke,The MongolZ,0.35,13
6416,166894,Nuke,The MongolZ,0.4583333333333333,28
6417,168014,Nuke,The MongolZ,0.5416666666666666,15
6418,169694,Nuke,The MongolZ,0.35,-9
6419,172316,Nuke,The MongolZ,0.4090909090909091,20
6420,174493,Nuke,The MongolZ,0.3157894736842105,12
6421,173775,Nuke,The MongolZ,1.0,-116
6422,186018,Nuke,The MongolZ,0.3809523809523809,10
6423,192037,Nuke,The MongolZ,0.4090909090909091,4
6424,195417,Nuke,The MongolZ,0.5333333333333333,5
6425,198278,Nuke,The MongolZ,0.1875,6
6426,200180,Nuke,The MongolZ,0.65,6
6427,205827,Nuke,The MongolZ,0.65,3
6428,219312,Nuke,The MongolZ,0.2352941176470588,8
6429,226071,Nuke,The MongolZ,0.6190476190476191,-66
6430,165955,Nuke,The MongolZ,0.4347826086956522,-66
6431,166796,Nuke,The MongolZ,0.6190476190476191,-154
6432,167946,Nuke,The MongolZ,0.7222222222222222,19
6433,169911,Nuke,The MongolZ,0.5652173913043479,-2
6434,169639,Nuke,The MongolZ,0.5416666666666667,-136
6435,171073,Nuke,The MongolZ,0.8125,-25
6436,172137,Nuke,The MongolZ,0.3157894736842105,7
6437,172156,Nuke,The MongolZ,0.4347826086956522,-19
6438,172201,Nuke,The MongolZ,0.8666666666666667,-8
6439,172354,Nuke,The MongolZ,0.4347826086956522,-28
6440,174252,Nuke,The MongolZ,0.409090909090909,6
6441,175750,Nuke,The MongolZ,0.7222222222222222,-81
6442,176485,Nuke,The MongolZ,0.5652173913043479,-5
6443,177051,Nuke,The MongolZ,0.65,-14
6444,177172,Nuke,The MongolZ,0.6842105263157895,-28
6445,177437,Nuke,The MongolZ,0.65,8
6446,177662,Nuke,The MongolZ,0.6842105263157895,-28
6447,178013,Nuke,The MongolZ,0.8125,-44
6448,178043,Nuke,The MongolZ,0.4347826086956522,-10
6449,179174,Nuke,The MongolZ,0.409090909090909,-8
6450,181072,Nuke,The MongolZ,0.5333333333333333,-5
6451,181181,Nuke,The MongolZ,0.35,-18
6452,181280,Nuke,The MongolZ,0.3809523809523809,-14
6453,183355,Nuke,The MongolZ,0.4583333333333333,12
6454,183419,Nuke,The MongolZ,0.5652173913043479,-2
6455,184249,Nuke,The MongolZ,0.5416666666666667,-5
6456,186380,Nuke,The MongolZ,0.8125,-16
6457,189514,Nuke,The MongolZ,0.409090909090909,4
6458,191534,Nuke,The MongolZ,0.4347826086956522,-1
6459,191586,Nuke,The MongolZ,0.5652173913043479,-9
6460,197292,Nuke,The MongolZ,0.4583333333333333,-23
6461,197437,Nuke,The MongolZ,0.5416666666666667,-8
6462,198150,Nuke,The MongolZ,0.35,4
6463,201378,Nuke,The MongolZ,0.65,-25
6464,200332,Nuke,The MongolZ,0.4583333333333333,4
6465,203721,Nuke,The MongolZ,0.8666666666666667,-12
6466,204403,Nuke,The MongolZ,0.7222222222222222,-42
6467,205406,Nuke,The MongolZ,0.4583333333333333,1
6468,205718,Nuke,The MongolZ,0.6190476190476191,-10
6469,205875,Nuke,The MongolZ,0.7647058823529412,-5
6470,207427,Nuke,The MongolZ,0.409090909090909,-10
6471,208412,Nuke,The MongolZ,0.4285714285714286,-2
6472,209933,Nuke,The MongolZ,0.65,-14
6473,210163,Nuke,The MongolZ,0.1875,-8
6474,211078,Nuke,The MongolZ,0.65,-55
6475,211187,Nuke,The MongolZ,0.8125,-8
6476,211233,Nuke,The MongolZ,0.5333333333333333,-7
6477,212606,Nuke,The MongolZ,0.4583333333333333,-10
6478,212677,Nuke,The MongolZ,0.409090909090909,-11
6479,213522,Nuke,The MongolZ,0.4583333333333333,-26
6480,218056,Nuke,The MongolZ,0.1333333333333333,7
6481,219157,Nuke,The MongolZ,0.35,-8
6482,219391,Nuke,The MongolZ,0.5277777777777778,-9
6483,219504,Nuke,The MongolZ,0.65,1
6484,219952,Nuke,The MongolZ,0.5652173913043479,7
6485,223221,Nuke,The MongolZ,0.5416666666666667,3
6486,221767,Nuke,The MongolZ,0.5277777777777778,-10
6487,223770,Nuke,The MongolZ,0.5416666666666667,1
6488,226324,Nuke,The MongolZ,0.4347826086956522,-5
6489,229318,Nuke,The MongolZ,0.5416666666666667,-8
6490,229430,Nuke,The MongolZ,0.5909090909090908,-17
6491,229549,Nuke,The MongolZ,0.4347826086956522,-9
6492,165178,Ancient,B8,0.4722222222222222,86
6493,164566,Ancient,B8,0.4285714285714285,50
6494,165070,Ancient,B8,0.3157894736842105,23
6495,165402,Ancient,B8,0.5652173913043478,-6
6496,165863,Ancient,B8,0.5416666666666666,20
6497,166163,Ancient,B8,0.6842105263157895,-3
6498,166479,Ancient,B8,0.5333333333333333,-6
6499,166979,Ancient,B8,0.35,-3
6500,167083,Ancient,B8,0.4583333333333333,-22
6501,171773,Ancient,B8,0.4090909090909091,102
6502,171837,Ancient,B8,0.5333333333333333,83
6503,171854,Ancient,B8,0.4666666666666667,52
6504,172303,Ancient,B8,0.2352941176470588,88
6505,172507,Ancient,B8,0.5416666666666666,79
6506,173079,Ancient,B8,0.1875,-15
6507,173196,Ancient,B8,0.35,3
6508,173265,Ancient,B8,0.2777777777777778,-5
6509,174119,Ancient,B8,0.65,-9
6510,174188,Ancient,B8,0.7222222222222222,-54
6511,174231,Ancient,B8,0.2777777777777778,1
6512,173582,Ancient,B8,0.35,-49
6513,174665,Ancient,B8,0.65,-3
6514,174723,Ancient,B8,0.6190476190476191,-19
6515,175809,Ancient,B8,0.3157894736842105,15
6516,174527,Ancient,B8,0.4347826086956521,1
6517,174707,Ancient,B8,0.2777777777777778,14
6518,175153,Ancient,B8,0.65,9
6519,175239,Ancient,B8,0.5909090909090909,-2
6520,175257,Ancient,B8,0.6842105263157895,22
6521,175379,Ancient,B8,0.6190476190476191,-87
6522,175616,Ancient,B8,0.6842105263157895,-80
6523,175524,Ancient,B8,0.2352941176470588,-9
6524,176332,Ancient,B8,0.1333333333333333,-2
6525,176189,Ancient,B8,0.5428571428571428,-80
6526,176311,Ancient,B8,0.8666666666666667,-38
6527,176573,Ancient,B8,0.3157894736842105,-3
6528,177329,Ancient,B8,0.6190476190476191,1
6529,178231,Ancient,B8,0.65,11
6530,180611,Ancient,B8,0.5333333333333333,-63
6531,180699,Ancient,B8,0.4285714285714285,-34
6532,181099,Ancient,B8,0.4090909090909091,-3
6533,180234,Ancient,B8,0.7647058823529411,-6
6534,180897,Ancient,B8,0.5416666666666666,-3
6535,181544,Ancient,B8,0.4347826086956521,-13
6536,182235,Ancient,B8,0.6842105263157895,-67
6537,182537,Ancient,B8,0.65,-75
6538,182643,Ancient,B8,0.7222222222222222,-26
6539,181838,Ancient,B8,0.6190476190476191,-40
6540,181780,Ancient,B8,0.5416666666666666,-11
6541,182013,Ancient,B8,0.4347826086956521,-16
6542,182068,Ancient,B8,0.65,-46
6543,182129,Ancient,B8,0.5416666666666666,-11
6544,182741,Ancient,B8,0.5909090909090909,-67
6545,183096,Ancient,B8,0.4347826086956521,-9
6546,183442,Ancient,B8,0.6190476190476191,-15
6547,184949,Ancient,B8,0.65,-36
6548,185073,Ancient,B8,0.4482758620689655,-4
6549,185824,Ancient,B8,0.3157894736842105,-2
6550,185106,Ancient,B8,0.6190476190476191,-6
6551,185112,Ancient,B8,0.5909090909090909,21
6552,186543,Ancient,B8,0.5416666666666666,-144
6553,187037,Ancient,B8,0.1875,18
6554,189520,Ancient,B8,0.4583333333333333,-53
6555,190481,Ancient,B8,0.5517241379310345,23
6556,191386,Ancient,B8,0.65,-3
6557,191712,Ancient,B8,0.6190476190476191,-3
6558,192669,Ancient,B8,0.7222222222222222,-3
6559,191739,Ancient,B8,0.6190476190476191,-12
6560,193232,Ancient,B8,0.1875,-53
6561,193344,Ancient,B8,0.65,-50
6562,193054,Ancient,B8,0.7647058823529411,-51
6563,193656,Ancient,B8,0.5714285714285714,-61
6564,196396,Ancient,B8,0.4583333333333333,-15
6565,196516,Ancient,B8,0.6190476190476191,-17
6566,196692,Ancient,B8,0.5333333333333333,-59
6567,197730,Ancient,B8,0.5517241379310345,-8
6568,197879,Ancient,B8,0.65,-7
6569,198240,Ancient,B8,0.3809523809523809,12
6570,198305,Ancient,B8,0.5319148936170213,9
6571,199463,Ancient,B8,0.5416666666666666,-23
6572,198694,Ancient,B8,0.5652173913043478,-20
6573,201091,Ancient,B8,0.6190476190476191,19
6574,201243,Ancient,B8,0.5909090909090909,-7
6575,204529,Ancient,B8,0.2777777777777778,22
6576,206240,Ancient,B8,0.3157894736842105,5
6577,208159,Ancient,B8,0.0714285714285714,-11
6578,209068,Ancient,B8,0.6842105263157895,8
6579,209145,Ancient,B8,0.1333333333333333,-24
6580,209261,Ancient,B8,0.8666666666666667,13
6581,209358,Ancient,B8,0.4090909090909091,4
6582,210798,Ancient,B8,0.2777777777777778,5
6583,212169,Ancient,B8,0.5652173913043478,-4
6584,214434,Ancient,B8,0.5416666666666666,-52
6585,214750,Ancient,B8,0.5416666666666666,-4
6586,214998,Ancient,B8,0.5652173913043478,13
6587,215154,Ancient,B8,0.5714285714285714,6
6588,215226,Ancient,B8,0.2352941176470588,9
6589,219281,Ancient,B8,0.7647058823529411,-4
6590,219379,Ancient,B8,0.4090909090909091,9
6591,223096,Ancient,B8,0.5277777777777778,11
6592,223285,Ancient,B8,0.4090909090909091,-2
6593,225161,Ancient,B8,0.7222222222222222,-61
6594,225229,Ancient,B8,1.0,-98
6595,225365,Ancient,B8,0.5714285714285714,-17
6596,226165,Ancient,B8,0.7647058823529411,4
6597,226242,Ancient,B8,0.4583333333333333,5
6598,226509,Ancient,B8,0.0,16
6599,228867,Ancient,B8,0.65,6
6600,229307,Ancient,B8,0.5909090909090909,-13
6601,229314,Ancient,B8,0.5416666666666666,8
6602,229508,Ancient,B8,0.1333333333333333,-11
6603,229535,Ancient,B8,0.4761904761904761,5
6604,164791,Ancient,B8,0.6842105263157895,35
6605,164902,Ancient,B8,0.3809523809523809,53
6606,165691,Ancient,B8,0.6190476190476191,33
6607,168232,Ancient,B8,0.4583333333333333,34
6608,172076,Ancient,B8,0.2352941176470588,68
6609,172640,Ancient,B8,0.7647058823529412,96
6610,172702,Ancient,B8,0.4482758620689655,25
6611,174398,Ancient,B8,0.6190476190476191,-29
6612,175676,Ancient,B8,0.409090909090909,17
6613,176247,Ancient,B8,0.7647058823529412,-37
6614,177610,Ancient,B8,0.4583333333333333,5
6615,178260,Ancient,B8,0.6842105263157895,9
6616,180116,Ancient,B8,0.8125,-43
6617,182490,Ancient,B8,0.4347826086956522,-44
6618,183259,Ancient,B8,0.5909090909090908,-39
6619,185223,Ancient,B8,0.5652173913043479,11
6620,188461,Ancient,B8,0.409090909090909,10
6621,191860,Ancient,B8,0.5909090909090908,-89
6622,197902,Ancient,B8,0.5333333333333333,19
6623,211835,Ancient,B8,0.7647058823529412,8
6624,211989,Ancient,B8,0.5416666666666667,9
6625,214879,Ancient,B8,0.5909090909090908,3
6626,225089,Ancient,B8,0.6190476190476191,3
6627,225288,Ancient,B8,0.8125,3
6628,225834,Ancient,B8,0.3809523809523809,8
6629,225981,Ancient,B8,0.5416666666666667,3
6630,165183,Anubis,B8,0.65,86
6631,164577,Anubis,B8,0.5517241379310345,50
6632,166150,Anubis,B8,0.4482758620689655,-3
6633,166215,Anubis,B8,0.4090909090909091,50
6634,166385,Anubis,B8,0.6190476190476191,-14
6635,167085,Anubis,B8,0.3809523809523809,-22
6636,168760,Anubis,B8,0.3157894736842105,-148
6637,170495,Anubis,B8,0.5416666666666666,72
6638,171587,Anubis,B8,0.3809523809523809,-141
6639,171376,Anubis,B8,0.65,-5
6640,171762,Anubis,B8,0.3157894736842105,102
6641,171787,Anubis,B8,0.5652173913043478,75
6642,172604,Anubis,B8,0.4583333333333333,13
6643,172222,Anubis,B8,0.5588235294117647,49
6644,172438,Anubis,B8,0.6190476190476191,69
6645,172499,Anubis,B8,0.4583333333333333,79
6646,172716,Anubis,B8,0.4583333333333333,16
6647,173082,Anubis,B8,0.5333333333333333,-15
6648,173185,Anubis,B8,0.5416666666666666,3
6649,173269,Anubis,B8,0.5333333333333333,-5
6650,173688,Anubis,B8,0.0714285714285714,-51
6651,173896,Anubis,B8,0.65,-32
6652,174116,Anubis,B8,0.6842105263157895,-9
6653,174224,Anubis,B8,0.5416666666666666,1
6654,173580,Anubis,B8,0.3157894736842105,-49
6655,175577,Anubis,B8,0.8666666666666667,-7
6656,174714,Anubis,B8,0.3809523809523809,14
6657,174601,Anubis,B8,0.4090909090909091,-51
6658,175069,Anubis,B8,0.5333333333333333,8
6659,175236,Anubis,B8,0.4583333333333333,-2
6660,175262,Anubis,B8,0.3809523809523809,22
6661,175871,Anubis,B8,0.4482758620689655,-13
6662,176296,Anubis,B8,0.7222222222222222,22
6663,177860,Anubis,B8,0.2777777777777778,3
6664,179835,Anubis,B8,0.3809523809523809,-5
6665,179022,Anubis,B8,0.6842105263157895,-5
6666,179242,Anubis,B8,0.5909090909090909,-15
6667,179398,Anubis,B8,0.2352941176470588,-8
6668,181031,Anubis,B8,0.5416666666666666,-107
6669,181102,Anubis,B8,0.4347826086956521,-3
6670,180240,Anubis,B8,0.5909090909090909,-6
6671,182229,Anubis,B8,0.65,-67
6672,181774,Anubis,B8,0.6842105263157895,6
6673,182370,Anubis,B8,0.4285714285714285,24
6674,182735,Anubis,B8,0.4090909090909091,-67
6675,183319,Anubis,B8,0.5652173913043478,-8
6676,183532,Anubis,B8,0.8125,-12
6677,183010,Anubis,B8,0.5517241379310345,-15
6678,186638,Anubis,B8,0.2777777777777778,13
6679,186966,Anubis,B8,0.5277777777777778,22
6680,189517,Anubis,B8,0.8666666666666667,-53
6681,190819,Anubis,B8,0.6842105263157895,-21
6682,191274,Anubis,B8,0.5365853658536586,-47
6683,191382,Anubis,B8,0.2352941176470588,-3
6684,191486,Anubis,B8,0.1333333333333333,-6
6685,191731,Anubis,B8,0.3809523809523809,-12
6686,193339,Anubis,B8,0.5416666666666666,-50
6687,197705,Anubis,B8,0.4722222222222222,15
6688,197871,Anubis,B8,0.4090909090909091,-7
6689,198237,Anubis,B8,0.5416666666666666,12
6690,199038,Anubis,B8,0.5652173913043478,-51
6691,201246,Anubis,B8,0.35,-7
6692,221913,Anubis,B8,0.35,13
6693,222138,Anubis,B8,0.1875,6
6694,165700,Anubis,B8,0.6190476190476191,33
6695,168234,Anubis,B8,0.7222222222222222,34
6696,172073,Anubis,B8,0.5652173913043479,68
6697,172639,Anubis,B8,0.5416666666666667,96
6698,172695,Anubis,B8,0.4583333333333333,25
6699,175673,Anubis,B8,0.5416666666666667,17
6700,178252,Anubis,B8,0.6190476190476191,9
6701,180828,Anubis,B8,0.5416666666666667,-44
6702,180110,Anubis,B8,0.5909090909090908,-43
6703,182676,Anubis,B8,0.409090909090909,-62
6704,183242,Anubis,B8,0.2352941176470588,-39
6705,185625,Anubis,B8,0.8125,-27
6706,191012,Anubis,B8,0.4666666666666667,-95
6707,176326,Dust2,B8,0.3809523809523809,-2
6708,177916,Dust2,B8,0.6842105263157895,-5
6709,178135,Dust2,B8,0.5588235294117647,-84
6710,180914,Dust2,B8,0.35,-3
6711,181645,Dust2,B8,0.5652173913043478,-123
6712,182346,Dust2,B8,0.35,18
6713,182384,Dust2,B8,0.4090909090909091,24
6714,183462,Dust2,B8,0.7647058823529411,-15
6715,184177,Dust2,B8,0.4090909090909091,-31
6716,186642,Dust2,B8,0.3809523809523809,13
6717,186870,Dust2,B8,0.5416666666666666,22
6718,187024,Dust2,B8,0.5416666666666666,17
6719,188387,Dust2,B8,0.0714285714285714,19
6720,190486,Dust2,B8,0.4583333333333333,23
6721,190825,Dust2,B8,0.35,-21
6722,191670,Dust2,B8,0.7222222222222222,-20
6723,191701,Dust2,B8,0.5428571428571428,-3
6724,192661,Dust2,B8,0.4583333333333333,-3
6725,191724,Dust2,B8,0.7222222222222222,-12
6726,191899,Dust2,B8,0.4347826086956521,-12
6727,193240,Dust2,B8,0.65,-53
6728,196014,Dust2,B8,0.35,-12
6729,197721,Dust2,B8,0.4583333333333333,-8
6730,198186,Dust2,B8,0.5909090909090909,-25
6731,198431,Dust2,B8,0.35,12
6732,199153,Dust2,B8,0.5517241379310345,-70
6733,199458,Dust2,B8,0.2777777777777778,-23
6734,198577,Dust2,B8,0.6842105263157895,-13
6735,198771,Dust2,B8,0.4090909090909091,3
6736,198833,Dust2,B8,0.6190476190476191,-8
6737,200956,Dust2,B8,0.6842105263157895,-1
6738,201143,Dust2,B8,0.5652173913043478,8
6739,201197,Dust2,B8,0.35,7
6740,201238,Dust2,B8,0.1333333333333333,-7
6741,203628,Dust2,B8,0.4347826086956521,-6
6742,204262,Dust2,B8,0.5714285714285714,-17
6743,206245,Dust2,B8,0.6842105263157895,5
6744,208287,Dust2,B8,0.5416666666666666,-9
6745,208393,Dust2,B8,0.4583333333333333,3
6746,209055,Dust2,B8,0.2352941176470588,8
6747,209253,Dust2,B8,0.35,13
6748,210721,Dust2,B8,0.4285714285714285,-1
6749,210791,Dust2,B8,0.4090909090909091,5
6750,212086,Dust2,B8,0.3809523809523809,6
6751,212166,Dust2,B8,0.1875,-4
6752,214528,Dust2,B8,0.5714285714285714,6
6753,215138,Dust2,B8,0.5428571428571428,6
6754,217686,Dust2,B8,0.7647058823529411,-19
6755,217750,Dust2,B8,0.4285714285714285,-2
6756,223109,Dust2,B8,0.35,11
6757,221794,Dust2,B8,0.6842105263157895,17
6758,222122,Dust2,B8,0.3809523809523809,6
6759,224935,Dust2,B8,0.8125,-76
6760,225314,Dust2,B8,0.3809523809523809,-17
6761,226063,Dust2,B8,0.5416666666666666,-20
6762,226161,Dust2,B8,0.5909090909090909,4
6763,226514,Dust2,B8,0.2777777777777778,16
6764,228656,Dust2,B8,0.2777777777777778,-7
6765,228897,Dust2,B8,0.3809523809523809,15
6766,177616,Dust2,B8,0.6842105263157895,5
6767,178821,Dust2,B8,0.7647058823529412,-66
6768,182470,Dust2,B8,0.5652173913043479,-44
6769,183801,Dust2,B8,0.4482758620689655,-27
6770,185232,Dust2,B8,0.4666666666666667,11
6771,193291,Dust2,B8,0.7647058823529412,-9
6772,197814,Dust2,B8,0.65,-16
6773,212264,Dust2,B8,0.4347826086956522,11
6774,214882,Dust2,B8,0.6190476190476191,3
6775,224897,Dust2,B8,0.65,-127
6776,225102,Dust2,B8,0.409090909090909,3
6777,225302,Dust2,B8,0.8125,3
6778,165073,Inferno,B8,0.35,23
6779,165412,Inferno,B8,0.7222222222222222,-6
6780,171756,Inferno,B8,0.5909090909090909,102
6781,173094,Inferno,B8,0.3157894736842105,-15
6782,173742,Inferno,B8,0.7222222222222222,-51
6783,173685,Inferno,B8,0.1333333333333333,-51
6784,174229,Inferno,B8,0.4583333333333333,1
6785,175367,Inferno,B8,0.5416666666666666,-2
6786,174525,Inferno,B8,0.5333333333333333,1
6787,175235,Inferno,B8,0.5652173913043478,-2
6788,175947,Inferno,B8,0.8666666666666667,-24
6789,176185,Inferno,B8,0.5333333333333333,-80
6790,176569,Inferno,B8,0.6842105263157895,-3
6791,179748,Inferno,B8,0.6190476190476191,-35
6792,181264,Inferno,B8,0.4583333333333333,-26
6793,181538,Inferno,B8,0.4666666666666667,-13
6794,182650,Inferno,B8,0.6842105263157895,-26
6795,182080,Inferno,B8,0.7222222222222222,-46
6796,183093,Inferno,B8,0.5416666666666666,-9
6797,183300,Inferno,B8,0.6842105263157895,-8
6798,183551,Inferno,B8,0.7222222222222222,-4
6799,185831,Inferno,B8,0.4583333333333333,-2
6800,185104,Inferno,B8,0.5714285714285714,-6
6801,186391,Inferno,B8,0.3809523809523809,16
6802,186888,Inferno,B8,0.4347826086956521,18
6803,190485,Inferno,B8,0.3157894736842105,23
6804,191381,Inferno,B8,0.6190476190476191,-3
6805,191491,Inferno,B8,0.2777777777777778,-6
6806,191913,Inferno,B8,0.2352941176470588,-12
6807,196021,Inferno,B8,0.6842105263157895,-12
6808,196783,Inferno,B8,0.4090909090909091,-50
6809,197682,Inferno,B8,0.35,-11
6810,198185,Inferno,B8,0.4583333333333333,-25
6811,199230,Inferno,B8,0.5652173913043478,-40
6812,198563,Inferno,B8,0.5652173913043478,-13
6813,198673,Inferno,B8,0.35,3
6814,198693,Inferno,B8,0.65,-20
6815,198778,Inferno,B8,0.8125,3
6816,198832,Inferno,B8,0.6842105263157895,-8
6817,200868,Inferno,B8,0.5416666666666666,-16
6818,200893,Inferno,B8,0.5909090909090909,-19
6819,200964,Inferno,B8,0.8666666666666667,-1
6820,201106,Inferno,B8,0.1875,10
6821,203635,Inferno,B8,0.4571428571428571,-6
6822,206224,Inferno,B8,0.7222222222222222,-192
6823,206256,Inferno,B8,0.3157894736842105,5
6824,208075,Inferno,B8,0.35,-16
6825,208174,Inferno,B8,0.5909090909090909,-11
6826,209366,Inferno,B8,0.4583333333333333,4
6827,209501,Inferno,B8,0.3809523809523809,14
6828,214474,Inferno,B8,0.5416666666666666,-14
6829,215057,Inferno,B8,0.1333333333333333,14
6830,217697,Inferno,B8,0.4583333333333333,-19
6831,219191,Inferno,B8,0.4347826086956521,16
6832,221978,Inferno,B8,0.35,11
6833,223281,Inferno,B8,0.3157894736842105,-2
6834,224990,Inferno,B8,0.6190476190476191,-98
6835,225211,Inferno,B8,0.5909090909090909,-98
6836,226512,Inferno,B8,0.7647058823529411,16
6837,229504,Inferno,B8,0.0714285714285714,-11
6838,164786,Inferno,B8,0.4722222222222222,35
6839,168224,Inferno,B8,0.6190476190476191,34
6840,174170,Inferno,B8,0.4583333333333333,-29
6841,174396,Inferno,B8,0.65,-29
6842,174612,Inferno,B8,0.6190476190476191,-29
6843,179173,Inferno,B8,0.3157894736842105,9
6844,182659,Inferno,B8,0.4347826086956522,-62
6845,185623,Inferno,B8,0.4347826086956522,-27
6846,190997,Inferno,B8,0.7222222222222222,-95
6847,191849,Inferno,B8,0.7222222222222222,-89
6848,197895,Inferno,B8,0.35,19
6849,203592,Inferno,B8,0.4285714285714286,9
6850,212001,Inferno,B8,0.5909090909090908,9
6851,225274,Inferno,B8,0.3809523809523809,3
6852,225986,Inferno,B8,0.1875,3
6853,165187,Mirage,B8,0.1875,86
6854,164570,Mirage,B8,0.7222222222222222,50
6855,165062,Mirage,B8,0.5909090909090909,23
6856,165410,Mirage,B8,0.4583333333333333,-6
6857,166172,Mirage,B8,0.5333333333333333,-3
6858,166212,Mirage,B8,0.5652173913043478,50
6859,166466,Mirage,B8,0.6190476190476191,-6
6860,167081,Mirage,B8,0.65,-22
6861,171588,Mirage,B8,0.35,-141
6862,171827,Mirage,B8,0.4583333333333333,83
6863,171850,Mirage,B8,0.3809523809523809,52
6864,172606,Mirage,B8,0.4583333333333333,13
6865,172300,Mirage,B8,0.4285714285714285,88
6866,172449,Mirage,B8,0.5909090909090909,69
6867,172487,Mirage,B8,0.5909090909090909,17
6868,172513,Mirage,B8,0.65,79
6869,172726,Mirage,B8,0.3809523809523809,16
6870,173275,Mirage,B8,0.4090909090909091,-5
6871,173746,Mirage,B8,0.65,-51
6872,173889,Mirage,B8,0.8125,-32
6873,174112,Mirage,B8,0.3809523809523809,-9
6874,174183,Mirage,B8,0.5714285714285714,-54
6875,174657,Mirage,B8,0.6842105263157895,-3
6876,174725,Mirage,B8,0.5652173913043478,-19
6877,175570,Mirage,B8,0.5714285714285714,-7
6878,175749,Mirage,B8,0.5416666666666666,3
6879,175815,Mirage,B8,0.5652173913043478,15
6880,174523,Mirage,B8,0.4583333333333333,1
6881,174592,Mirage,B8,0.35,-51
6882,174693,Mirage,B8,0.8125,-95
6883,174852,Mirage,B8,0.7647058823529411,-61
6884,174952,Mirage,B8,0.5652173913043478,-33
6885,175151,Mirage,B8,0.6190476190476191,9
6886,175268,Mirage,B8,0.5909090909090909,22
6887,175613,Mirage,B8,0.7222222222222222,-80
6888,175521,Mirage,B8,0.4090909090909091,-9
6889,175875,Mirage,B8,0.5652173913043478,-13
6890,175952,Mirage,B8,0.5714285714285714,-24
6891,176290,Mirage,B8,0.35,22
6892,176308,Mirage,B8,0.4482758620689655,-38
6893,178130,Mirage,B8,0.7222222222222222,-84
6894,178227,Mirage,B8,0.3809523809523809,11
6895,177863,Mirage,B8,0.4482758620689655,3
6896,179747,Mirage,B8,0.5909090909090909,-35
6897,179030,Mirage,B8,0.4761904761904761,-5
6898,179237,Mirage,B8,0.4347826086956521,-15
6899,179390,Mirage,B8,0.4583333333333333,-8
6900,180697,Mirage,B8,0.2352941176470588,-34
6901,181025,Mirage,B8,0.8125,-107
6902,181095,Mirage,B8,0.7222222222222222,-3
6903,180224,Mirage,B8,0.4090909090909091,-6
6904,180429,Mirage,B8,0.8666666666666667,-45
6905,180906,Mirage,B8,0.4761904761904761,-3
6906,181274,Mirage,B8,0.4347826086956521,-26
6907,181402,Mirage,B8,0.5208333333333334,-2
6908,182234,Mirage,B8,0.35,-67
6909,182531,Mirage,B8,0.7647058823529411,-75
6910,181636,Mirage,B8,0.5277777777777778,-176
6911,181842,Mirage,B8,0.6842105263157895,-40
6912,181784,Mirage,B8,0.6190476190476191,-11
6913,182134,Mirage,B8,0.9285714285714286,-11
6914,182335,Mirage,B8,0.1333333333333333,18
6915,182726,Mirage,B8,0.5416666666666666,-67
6916,183106,Mirage,B8,0.4090909090909091,-9
6917,183310,Mirage,B8,0.4090909090909091,-8
6918,183451,Mirage,B8,0.2777777777777778,-15
6919,183528,Mirage,B8,0.5333333333333333,-12
6920,183547,Mirage,B8,0.5333333333333333,-4
6921,183006,Mirage,B8,0.6190476190476191,-15
6922,184174,Mirage,B8,0.4347826086956521,-31
6923,185068,Mirage,B8,0.5652173913043478,-4
6924,186370,Mirage,B8,0.5333333333333333,-3
6925,186541,Mirage,B8,0.7222222222222222,-144
6926,186956,Mirage,B8,0.5909090909090909,22
6927,187033,Mirage,B8,0.7222222222222222,17
6928,191528,Mirage,B8,0.8125,-14
6929,191270,Mirage,B8,0.6190476190476191,-47
6930,191672,Mirage,B8,0.7222222222222222,-20
6931,191687,Mirage,B8,0.4583333333333333,-3
6932,192532,Mirage,B8,0.5652173913043478,-34
6933,192666,Mirage,B8,0.6842105263157895,-3
6934,191907,Mirage,B8,0.5416666666666666,-12
6935,193106,Mirage,B8,0.7222222222222222,-11
6936,193235,Mirage,B8,0.6842105263157895,-53
6937,193333,Mirage,B8,0.4090909090909091,-50
6938,193051,Mirage,B8,0.6842105263157895,-51
6939,193652,Mirage,B8,0.6190476190476191,-61
6940,195586,Mirage,B8,0.4090909090909091,-22
6941,196017,Mirage,B8,0.7222222222222222,-12
6942,196386,Mirage,B8,0.7222222222222222,-15
6943,196503,Mirage,B8,0.6190476190476191,-17
6944,196598,Mirage,B8,0.5652173913043478,-4
6945,196683,Mirage,B8,0.6842105263157895,-15
6946,196702,Mirage,B8,0.5416666666666666,-59
6947,197726,Mirage,B8,0.65,-8
6948,197778,Mirage,B8,0.7222222222222222,-2
6949,197863,Mirage,B8,0.5416666666666666,-7
6950,198182,Mirage,B8,0.5416666666666666,-25
6951,198245,Mirage,B8,0.8125,12
6952,198327,Mirage,B8,0.5652173913043478,9
6953,198425,Mirage,B8,0.2352941176470588,12
6954,199043,Mirage,B8,0.6842105263157895,-51
6955,199136,Mirage,B8,0.6842105263157895,-70
6956,199223,Mirage,B8,0.5416666666666666,-40
6957,199461,Mirage,B8,0.4090909090909091,-23
6958,198572,Mirage,B8,0.4090909090909091,-13
6959,198671,Mirage,B8,0.2352941176470588,3
6960,198787,Mirage,B8,0.3809523809523809,3
6961,201191,Mirage,B8,0.8125,7
6962,203631,Mirage,B8,0.5416666666666666,-6
6963,204266,Mirage,B8,0.5416666666666666,-17
6964,206129,Mirage,B8,0.4583333333333333,9
6965,206225,Mirage,B8,0.65,-192
6966,208164,Mirage,B8,0.5714285714285714,-11
6967,209141,Mirage,B8,0.4347826086956521,-24
6968,209245,Mirage,B8,0.5909090909090909,13
6969,209493,Mirage,B8,0.7222222222222222,14
6970,210793,Mirage,B8,0.55,5
6971,212093,Mirage,B8,0.4347826086956521,6
6972,214391,Mirage,B8,0.4583333333333333,-5
6973,214532,Mirage,B8,0.7222222222222222,6
6974,214712,Mirage,B8,0.65,7
6975,214840,Mirage,B8,0.3809523809523809,11
6976,217691,Mirage,B8,0.1333333333333333,-19
6977,217758,Mirage,B8,0.4347826086956521,-2
6978,219173,Mirage,B8,0.4583333333333333,16
6979,219385,Mirage,B8,0.65,9
6980,223091,Mirage,B8,0.4090909090909091,11
6981,221787,Mirage,B8,0.6190476190476191,17
6982,221893,Mirage,B8,0.7647058823529411,13
6983,221963,Mirage,B8,0.4666666666666667,11
6984,225002,Mirage,B8,0.9285714285714286,-98
6985,225155,Mirage,B8,0.5416666666666666,-61
6986,225222,Mirage,B8,0.4347826086956521,-98
6987,225339,Mirage,B8,0.5333333333333333,-17
6988,225663,Mirage,B8,0.5652173913043478,-56
6989,226068,Mirage,B8,0.6842105263157895,-20
6990,226568,Mirage,B8,0.8125,-11
6991,228642,Mirage,B8,0.5333333333333333,-7
6992,228765,Mirage,B8,0.5416666666666666,-38
6993,228894,Mirage,B8,0.2777777777777778,15
6994,229325,Mirage,B8,0.5909090909090909,8
6995,229506,Mirage,B8,0.5652173913043478,-11
6996,164793,Mirage,B8,0.4583333333333333,35
6997,165696,Mirage,B8,0.1875,33
6998,170616,Mirage,B8,0.35,67
6999,173605,Mirage,B8,0.4666666666666667,14
7000,174166,Mirage,B8,0.4347826086956522,-29
7001,174391,Mirage,B8,0.4482758620689655,-29
7002,174606,Mirage,B8,0.6190476190476191,-29
7003,176248,Mirage,B8,0.6190476190476191,-37
7004,178818,Mirage,B8,0.5416666666666667,-66
7005,180834,Mirage,B8,0.7222222222222222,-44
7006,182668,Mirage,B8,0.7222222222222222,-62
7007,183806,Mirage,B8,0.65,-27
7008,183393,Mirage,B8,0.4583333333333333,-3
7009,185619,Mirage,B8,0.5652173913043479,-27
7010,188406,Mirage,B8,0.409090909090909,-19
7011,188449,Mirage,B8,0.5416666666666667,10
7012,191021,Mirage,B8,0.6842105263157895,-95
7013,193292,Mirage,B8,0.65,-9
7014,197821,Mirage,B8,0.5652173913043479,-16
7015,197890,Mirage,B8,0.5652173913043479,19
7016,203588,Mirage,B8,0.1333333333333333,9
7017,211827,Mirage,B8,0.5714285714285715,8
7018,212268,Mirage,B8,0.6190476190476191,11
7019,219503,Mirage,B8,0.4482758620689655,7
7020,225813,Mirage,B8,0.4285714285714286,8
7021,226604,Mirage,B8,0.35,12
7022,165861,Nuke,B8,0.7222222222222222,20
7023,166388,Nuke,B8,0.5416666666666666,-14
7024,171795,Nuke,B8,0.5909090909090909,75
7025,171832,Nuke,B8,0.5652173913043478,83
7026,171845,Nuke,B8,0.65,52
7027,172297,Nuke,B8,0.5416666666666666,88
7028,172443,Nuke,B8,0.1333333333333333,69
7029,173207,Nuke,B8,0.4666666666666667,3
7030,173885,Nuke,B8,0.4347826086956521,-32
7031,173578,Nuke,B8,0.5416666666666666,-49
7032,175365,Nuke,B8,0.5909090909090909,-2
7033,175806,Nuke,B8,0.5909090909090909,15
7034,174954,Nuke,B8,0.5909090909090909,-33
7035,175071,Nuke,B8,0.7222222222222222,8
7036,175879,Nuke,B8,0.4722222222222222,-13
7037,176286,Nuke,B8,0.5652173913043478,22
7038,176330,Nuke,B8,0.65,-2
7039,176304,Nuke,B8,0.7647058823529411,-38
7040,176560,Nuke,B8,0.4347826086956521,-3
7041,177306,Nuke,B8,0.4347826086956521,-80
7042,177338,Nuke,B8,0.7647058823529411,-80
7043,177912,Nuke,B8,0.6190476190476191,-5
7044,178228,Nuke,B8,0.5416666666666666,11
7045,179830,Nuke,B8,0.4347826086956521,-5
7046,179016,Nuke,B8,0.3809523809523809,-5
7047,179233,Nuke,B8,0.5652173913043478,-15
7048,180423,Nuke,B8,0.5416666666666666,-45
7049,181388,Nuke,B8,0.65,-2
7050,181512,Nuke,B8,0.6190476190476191,-1
7051,181528,Nuke,B8,0.6190476190476191,-104
7052,181879,Nuke,B8,0.1875,-26
7053,181943,Nuke,B8,0.65,-41
7054,181652,Nuke,B8,0.65,-123
7055,183541,Nuke,B8,0.4583333333333333,-4
7056,184944,Nuke,B8,0.5416666666666666,-36
7057,184992,Nuke,B8,0.7647058823529411,-94
7058,185084,Nuke,B8,0.4666666666666667,-6
7059,185122,Nuke,B8,0.6190476190476191,21
7060,186380,Nuke,B8,0.1875,16
7061,187028,Nuke,B8,0.2352941176470588,17
7062,187042,Nuke,B8,0.2777777777777778,18
7063,189515,Nuke,B8,0.2352941176470588,-53
7064,190811,Nuke,B8,0.1875,-21
7065,191527,Nuke,B8,0.8125,-14
7066,191264,Nuke,B8,0.4482758620689655,-47
7067,192528,Nuke,B8,0.5517241379310345,-34
7068,193110,Nuke,B8,0.6842105263157895,-11
7069,193039,Nuke,B8,0.4411764705882353,-51
7070,193640,Nuke,B8,0.4347826086956521,-61
7071,195580,Nuke,B8,0.35,-22
7072,196509,Nuke,B8,0.35,-17
7073,219273,Nuke,B8,0.5909090909090909,-4
7074,219391,Nuke,B8,0.4722222222222222,9
7075,221904,Nuke,B8,0.4090909090909091,13
7076,225140,Nuke,B8,0.4666666666666667,-61
7077,225654,Nuke,B8,0.65,-56
7078,228651,Nuke,B8,0.3809523809523809,-7
7079,229318,Nuke,B8,0.4583333333333333,8
7080,164909,Nuke,B8,0.3157894736842105,53
7081,170620,Nuke,B8,0.4583333333333333,67
7082,172066,Nuke,B8,0.4583333333333333,68
7083,175684,Nuke,B8,0.5909090909090908,17
7084,177626,Nuke,B8,0.4347826086956522,5
7085,179184,Nuke,B8,0.35,9
7086,182479,Nuke,B8,0.3157894736842105,-44
7087,181767,Nuke,B8,0.5517241379310345,-4
7088,183253,Nuke,B8,0.5652173913043479,-39
7089,183810,Nuke,B8,0.4722222222222222,-27
7090,183384,Nuke,B8,0.35,-3
7091,185246,Nuke,B8,0.5652173913043479,11
7092,188455,Nuke,B8,0.4583333333333333,10
7093,225079,Nuke,B8,0.4583333333333333,3
7094,225828,Nuke,B8,0.6190476190476191,8
7095,225989,Nuke,B8,0.3157894736842105,3
7096,166186,Ancient,Astralis,0.7647058823529411,-17
7097,166194,Ancient,Astralis,0.8666666666666667,8
7098,167113,Ancient,Astralis,0.4090909090909091,6
7099,169485,Ancient,Astralis,0.8125,9
7100,169736,Ancient,Astralis,0.5333333333333333,3
7101,169865,Ancient,Astralis,0.2352941176470588,-8
7102,170671,Ancient,Astralis,0.7222222222222222,-38
7103,170750,Ancient,Astralis,0.6190476190476191,6
7104,170813,Ancient,Astralis,0.4090909090909091,-8
7105,173143,Ancient,Astralis,0.65,24
7106,173475,Ancient,Astralis,0.7222222222222222,24
7107,174274,Ancient,Astralis,0.5416666666666666,24
7108,176027,Ancient,Astralis,0.6842105263157895,-15
7109,177145,Ancient,Astralis,0.4583333333333333,-36
7110,177330,Ancient,Astralis,0.5333333333333333,-12
7111,177455,Ancient,Astralis,0.4634146341463415,-8
7112,180040,Ancient,Astralis,0.5909090909090909,-7
7113,180389,Ancient,Astralis,0.9285714285714286,-6
7114,181180,Ancient,Astralis,0.2352941176470588,7
7115,181275,Ancient,Astralis,0.1875,3
7116,183651,Ancient,Astralis,0.35,-12
7117,184981,Ancient,Astralis,0.8125,7
7118,186029,Ancient,Astralis,0.35,1
7119,186079,Ancient,Astralis,0.4571428571428571,8
7120,187357,Ancient,Astralis,0.2777777777777778,9
7121,188461,Ancient,Astralis,0.5909090909090909,-10
7122,188587,Ancient,Astralis,0.4583333333333333,-26
7123,190558,Ancient,Astralis,0.3157894736842105,8
7124,191334,Ancient,Astralis,0.4583333333333333,-1
7125,191395,Ancient,Astralis,0.65,-11
7126,192192,Ancient,Astralis,0.5652173913043478,-29
7127,192475,Ancient,Astralis,0.7222222222222222,-6
7128,192806,Ancient,Astralis,0.6842105263157895,2
7129,192923,Ancient,Astralis,0.65,-5
7130,193242,Ancient,Astralis,0.2777777777777778,6
7131,193324,Ancient,Astralis,0.5909090909090909,8
7132,197256,Ancient,Astralis,0.7647058823529411,5
7133,197320,Ancient,Astralis,0.4090909090909091,-17
7134,197412,Ancient,Astralis,0.65,-18
7135,197809,Ancient,Astralis,0.4090909090909091,-30
7136,197827,Ancient,Astralis,0.65,-9
7137,197902,Ancient,Astralis,0.4666666666666667,-19
7138,199320,Ancient,Astralis,0.1333333333333333,-44
7139,199520,Ancient,Astralis,0.2777777777777778,13
7140,199570,Ancient,Astralis,0.5909090909090909,3
7141,199813,Ancient,Astralis,0.6842105263157895,10
7142,203135,Ancient,Astralis,0.7222222222222222,-7
7143,203519,Ancient,Astralis,0.4347826086956521,-10
7144,203692,Ancient,Astralis,0.3809523809523809,1
7145,204332,Ancient,Astralis,0.9285714285714286,-35
7146,207695,Ancient,Astralis,0.65,-6
7147,209152,Ancient,Astralis,0.5517241379310345,-34
7148,209490,Ancient,Astralis,0.8125,-12
7149,209905,Ancient,Astralis,0.35,-3
7150,211835,Ancient,Astralis,0.2352941176470588,-8
7151,214738,Ancient,Astralis,0.4583333333333333,-10
7152,216426,Ancient,Astralis,0.7647058823529411,-15
7153,216835,Ancient,Astralis,0.3809523809523809,-6
7154,218074,Ancient,Astralis,0.65,9
7155,219476,Ancient,Astralis,0.7222222222222222,8
7156,221039,Ancient,Astralis,0.8125,-16
7157,221703,Ancient,Astralis,0.6842105263157895,-1
7158,221861,Ancient,Astralis,0.5333333333333333,8
7159,221987,Ancient,Astralis,0.35,-20
7160,222173,Ancient,Astralis,0.8125,1
7161,222646,Ancient,Astralis,0.65,6
7162,222797,Ancient,Astralis,0.7647058823529411,-1
7163,225834,Ancient,Astralis,0.6190476190476191,-8
7164,225999,Ancient,Astralis,0.5909090909090909,2
7165,226232,Ancient,Astralis,0.5333333333333333,-27
7166,226391,Ancient,Astralis,0.2777777777777778,-3
7167,228688,Ancient,Astralis,0.5416666666666666,-16
7168,228902,Ancient,Astralis,0.3809523809523809,-5
7169,165200,Ancient,Astralis,0.409090909090909,-19
7170,165413,Ancient,Astralis,0.4347826086956522,-14
7171,168758,Ancient,Astralis,0.65,-36
7172,174449,Ancient,Astralis,0.8125,-15
7173,197291,Ancient,Astralis,0.65,1
7174,212138,Ancient,Astralis,0.8125,1
7175,175901,Dust2,Astralis,0.6842105263157895,-20
7176,176109,Dust2,Astralis,0.1875,-7
7177,177865,Dust2,Astralis,0.4090909090909091,1
7178,177924,Dust2,Astralis,0.6842105263157895,-17
7179,178090,Dust2,Astralis,0.4347826086956521,-2
7180,180037,Dust2,Astralis,0.65,-7
7181,180107,Dust2,Astralis,0.4583333333333333,6
7182,180383,Dust2,Astralis,0.4482758620689655,-6
7183,181255,Dust2,Astralis,0.0714285714285714,3
7184,184887,Dust2,Astralis,0.2352941176470588,8
7185,184994,Dust2,Astralis,0.2777777777777778,7
7186,187346,Dust2,Astralis,0.2777777777777778,9
7187,188526,Dust2,Astralis,0.6190476190476191,6
7188,191449,Dust2,Astralis,0.5909090909090909,-3
7189,191536,Dust2,Astralis,0.2352941176470588,12
7190,191599,Dust2,Astralis,0.3809523809523809,3
7191,192183,Dust2,Astralis,0.6842105263157895,-29
7192,192808,Dust2,Astralis,0.35,2
7193,195651,Dust2,Astralis,0.3157894736842105,9
7194,197260,Dust2,Astralis,0.4482758620689655,5
7195,197409,Dust2,Astralis,0.35,-18
7196,197472,Dust2,Astralis,0.4347826086956521,3
7197,199318,Dust2,Astralis,0.5909090909090909,-44
7198,199513,Dust2,Astralis,0.35,13
7199,199557,Dust2,Astralis,0.5277777777777778,3
7200,199941,Dust2,Astralis,0.2777777777777778,13
7201,203328,Dust2,Astralis,0.5517241379310345,-8
7202,203675,Dust2,Astralis,0.4090909090909091,3
7203,203824,Dust2,Astralis,0.2352941176470588,3
7204,204455,Dust2,Astralis,0.4583333333333333,7
7205,207461,Dust2,Astralis,0.4666666666666667,3
7206,209918,Dust2,Astralis,0.2352941176470588,-3
7207,216832,Dust2,Astralis,0.0714285714285714,-6
7208,217684,Dust2,Astralis,0.5652173913043478,1
7209,217940,Dust2,Astralis,0.4482758620689655,6
7210,218065,Dust2,Astralis,0.4482758620689655,9
7211,219640,Dust2,Astralis,0.4583333333333333,3
7212,221033,Dust2,Astralis,0.2352941176470588,-16
7213,221149,Dust2,Astralis,0.5517241379310345,-6
7214,221976,Dust2,Astralis,0.35,-20
7215,222168,Dust2,Astralis,0.35,1
7216,222331,Dust2,Astralis,0.4090909090909091,10
7217,222644,Dust2,Astralis,0.6842105263157895,6
7218,222724,Dust2,Astralis,0.1333333333333333,3
7219,222785,Dust2,Astralis,0.3809523809523809,-1
7220,226406,Dust2,Astralis,0.1875,-3
7221,227722,Dust2,Astralis,0.2777777777777778,-2
7222,228685,Dust2,Astralis,0.7647058823529411,-16
7223,228802,Dust2,Astralis,0.3809523809523809,-8
7224,181120,Dust2,Astralis,0.5652173913043479,-5
7225,197288,Dust2,Astralis,0.35,1
7226,221402,Dust2,Astralis,0.6842105263157895,-2
7227,226309,Dust2,Astralis,0.5416666666666667,-5
7228,167707,Inferno,Astralis,0.4090909090909091,3
7229,169688,Inferno,Astralis,0.5652173913043478,18
7230,173482,Inferno,Astralis,0.35,24
7231,175124,Inferno,Astralis,0.5909090909090909,-7
7232,175187,Inferno,Astralis,0.3809523809523809,2
7233,176101,Inferno,Astralis,0.4722222222222222,-7
7234,177206,Inferno,Astralis,0.6190476190476191,-8
7235,177930,Inferno,Astralis,0.8125,-17
7236,178083,Inferno,Astralis,0.3809523809523809,-2
7237,180582,Inferno,Astralis,0.7222222222222222,-9
7238,183643,Inferno,Astralis,0.6190476190476191,-12
7239,183741,Inferno,Astralis,0.4666666666666667,-3
7240,183934,Inferno,Astralis,0.7222222222222222,-96
7241,184049,Inferno,Astralis,0.6842105263157895,-3
7242,184882,Inferno,Astralis,0.0,8
7243,185972,Inferno,Astralis,0.5416666666666666,10
7244,188409,Inferno,Astralis,0.4583333333333333,-32
7245,188533,Inferno,Astralis,0.5416666666666666,6
7246,188586,Inferno,Astralis,0.4090909090909091,-26
7247,190315,Inferno,Astralis,0.6190476190476191,-8
7248,190557,Inferno,Astralis,0.4583333333333333,8
7249,191399,Inferno,Astralis,0.5416666666666666,-11
7250,191445,Inferno,Astralis,0.65,-3
7251,191596,Inferno,Astralis,0.5652173913043478,3
7252,192187,Inferno,Astralis,0.4583333333333333,-29
7253,192276,Inferno,Astralis,0.7222222222222222,-39
7254,192321,Inferno,Astralis,0.4722222222222222,-67
7255,192652,Inferno,Astralis,0.65,1
7256,192749,Inferno,Astralis,0.6842105263157895,-11
7257,192876,Inferno,Astralis,0.4482758620689655,-3
7258,192924,Inferno,Astralis,0.6190476190476191,-5
7259,193135,Inferno,Astralis,0.5714285714285714,5
7260,193233,Inferno,Astralis,0.4666666666666667,6
7261,193317,Inferno,Astralis,0.6190476190476191,8
7262,195648,Inferno,Astralis,0.2352941176470588,9
7263,197801,Inferno,Astralis,0.4090909090909091,-30
7264,197822,Inferno,Astralis,0.5909090909090909,-9
7265,197895,Inferno,Astralis,0.65,-19
7266,199322,Inferno,Astralis,0.65,-44
7267,199402,Inferno,Astralis,0.5909090909090909,-1
7268,199564,Inferno,Astralis,0.4090909090909091,3
7269,203200,Inferno,Astralis,0.3157894736842105,-10
7270,203503,Inferno,Astralis,0.5652173913043478,-10
7271,203592,Inferno,Astralis,0.5714285714285714,-9
7272,203699,Inferno,Astralis,0.5416666666666666,1
7273,203821,Inferno,Astralis,0.1875,3
7274,204459,Inferno,Astralis,0.65,7
7275,205628,Inferno,Astralis,0.6190476190476191,-3
7276,207891,Inferno,Astralis,0.4666666666666667,2
7277,209020,Inferno,Astralis,0.4090909090909091,-38
7278,209384,Inferno,Astralis,0.2352941176470588,-9
7279,209471,Inferno,Astralis,0.35,-12
7280,209648,Inferno,Astralis,0.3809523809523809,4
7281,211977,Inferno,Astralis,0.7647058823529411,-24
7282,212064,Inferno,Astralis,0.4666666666666667,-12
7283,212537,Inferno,Astralis,0.5714285714285714,6
7284,212612,Inferno,Astralis,0.6190476190476191,10
7285,212913,Inferno,Astralis,0.35,13
7286,217835,Inferno,Astralis,0.35,-16
7287,217853,Inferno,Astralis,0.7222222222222222,-7
7288,222189,Inferno,Astralis,0.5333333333333333,1
7289,222336,Inferno,Astralis,0.7647058823529411,10
7290,222736,Inferno,Astralis,0.4347826086956521,3
7291,226236,Inferno,Astralis,0.8666666666666667,-27
7292,227956,Inferno,Astralis,0.4666666666666667,-5
7293,228890,Inferno,Astralis,0.6190476190476191,-22
7294,169200,Inferno,Astralis,0.5909090909090908,-18
7295,174441,Inferno,Astralis,0.65,-15
7296,181122,Inferno,Astralis,0.7222222222222222,-5
7297,192031,Inferno,Astralis,0.5185185185185186,-54
7298,197293,Inferno,Astralis,0.35,1
7299,212141,Inferno,Astralis,0.5652173913043479,1
7300,166433,Mirage,Astralis,0.8125,10
7301,167709,Mirage,Astralis,0.5652173913043478,3
7302,167833,Mirage,Astralis,0.4722222222222222,6
7303,169528,Mirage,Astralis,0.5652173913043478,18
7304,169690,Mirage,Astralis,0.4666666666666667,18
7305,168829,Mirage,Astralis,0.5652173913043478,-6
7306,170704,Mirage,Astralis,0.35,-5
7307,175171,Mirage,Astralis,0.5909090909090909,2
7308,175969,Mirage,Astralis,0.5277777777777778,-17
7309,176023,Mirage,Astralis,0.2352941176470588,-15
7310,177162,Mirage,Astralis,0.8125,-22
7311,177320,Mirage,Astralis,0.35,-12
7312,177440,Mirage,Astralis,0.6842105263157895,-8
7313,180495,Mirage,Astralis,0.4347826086956521,4
7314,180576,Mirage,Astralis,0.6842105263157895,-9
7315,181184,Mirage,Astralis,0.35,7
7316,181263,Mirage,Astralis,0.5652173913043478,3
7317,183930,Mirage,Astralis,0.8666666666666667,-96
7318,185005,Mirage,Astralis,0.4583333333333333,7
7319,186024,Mirage,Astralis,0.4090909090909091,1
7320,186083,Mirage,Astralis,0.4090909090909091,8
7321,187159,Mirage,Astralis,0.6842105263157895,16
7322,188449,Mirage,Astralis,0.4583333333333333,-10
7323,190325,Mirage,Astralis,0.7222222222222222,-8
7324,191325,Mirage,Astralis,0.4285714285714285,-1
7325,191643,Mirage,Astralis,0.35,-4
7326,192274,Mirage,Astralis,0.5909090909090909,-39
7327,192314,Mirage,Astralis,0.4090909090909091,-67
7328,192459,Mirage,Astralis,0.4347826086956521,-57
7329,192467,Mirage,Astralis,0.35,-6
7330,193092,Mirage,Astralis,0.1875,-8
7331,192658,Mirage,Astralis,0.3157894736842105,1
7332,192858,Mirage,Astralis,0.5319148936170213,-3
7333,193131,Mirage,Astralis,0.6190476190476191,5
7334,193301,Mirage,Astralis,0.4615384615384615,8
7335,197318,Mirage,Astralis,0.3809523809523809,-17
7336,197709,Mirage,Astralis,0.65,-27
7337,197807,Mirage,Astralis,0.65,-30
7338,197813,Mirage,Astralis,0.4583333333333333,-9
7339,197890,Mirage,Astralis,0.4347826086956521,-19
7340,199810,Mirage,Astralis,0.3809523809523809,10
7341,199878,Mirage,Astralis,0.4583333333333333,9
7342,199948,Mirage,Astralis,0.7222222222222222,13
7343,203183,Mirage,Astralis,0.4090909090909091,-10
7344,203277,Mirage,Astralis,0.6842105263157895,-7
7345,203444,Mirage,Astralis,0.5652173913043478,-16
7346,203511,Mirage,Astralis,0.4666666666666667,-10
7347,203588,Mirage,Astralis,0.8666666666666667,-9
7348,205057,Mirage,Astralis,0.2352941176470588,10
7349,207879,Mirage,Astralis,0.2777777777777778,2
7350,207956,Mirage,Astralis,0.6190476190476191,-4
7351,209008,Mirage,Astralis,0.6842105263157895,-38
7352,209374,Mirage,Astralis,0.5652173913043478,-9
7353,209651,Mirage,Astralis,0.3157894736842105,4
7354,211827,Mirage,Astralis,0.4285714285714285,-8
7355,212234,Mirage,Astralis,0.4347826086956521,3
7356,212531,Mirage,Astralis,0.4347826086956521,6
7357,212711,Mirage,Astralis,0.35,11
7358,212921,Mirage,Astralis,0.35,13
7359,214820,Mirage,Astralis,0.7222222222222222,-20
7360,214873,Mirage,Astralis,0.5416666666666666,2
7361,214916,Mirage,Astralis,0.4090909090909091,-4
7362,216417,Mirage,Astralis,0.4285714285714285,-15
7363,217824,Mirage,Astralis,0.4666666666666667,-16
7364,218134,Mirage,Astralis,0.35,-1
7365,218203,Mirage,Astralis,0.4583333333333333,12
7366,219060,Mirage,Astralis,0.3157894736842105,6
7367,219383,Mirage,Astralis,0.2352941176470588,-1
7368,219486,Mirage,Astralis,0.5909090909090909,8
7369,221263,Mirage,Astralis,0.4583333333333333,-1
7370,221708,Mirage,Astralis,0.8125,-1
7371,221874,Mirage,Astralis,0.0714285714285714,8
7372,225675,Mirage,Astralis,0.5652173913043478,-24
7373,225813,Mirage,Astralis,0.5714285714285714,-8
7374,225993,Mirage,Astralis,0.7647058823529411,2
7375,226229,Mirage,Astralis,0.3809523809523809,-27
7376,226395,Mirage,Astralis,0.2777777777777778,-3
7377,227797,Mirage,Astralis,0.7222222222222222,-3
7378,228882,Mirage,Astralis,0.5416666666666666,-22
7379,228900,Mirage,Astralis,0.1875,-5
7380,165207,Mirage,Astralis,0.4583333333333333,-19
7381,165398,Mirage,Astralis,0.4634146341463414,-14
7382,168759,Mirage,Astralis,0.8125,-36
7383,169188,Mirage,Astralis,0.4565217391304348,-18
7384,167842,Nuke,Astralis,0.2777777777777778,6
7385,169693,Nuke,Astralis,0.3157894736842105,18
7386,169109,Nuke,Astralis,0.6842105263157895,-13
7387,169317,Nuke,Astralis,0.5652173913043478,-22
7388,173146,Nuke,Astralis,0.7647058823529411,24
7389,173474,Nuke,Astralis,0.4347826086956521,24
7390,174278,Nuke,Astralis,0.5909090909090909,24
7391,175908,Nuke,Astralis,0.6190476190476191,-20
7392,176030,Nuke,Astralis,0.8666666666666667,-15
7393,176106,Nuke,Astralis,0.5652173913043478,-7
7394,177011,Nuke,Astralis,0.6842105263157895,-1
7395,177039,Nuke,Astralis,0.3809523809523809,-23
7396,177314,Nuke,Astralis,0.7222222222222222,-12
7397,177437,Nuke,Astralis,0.35,-8
7398,177862,Nuke,Astralis,0.4583333333333333,1
7399,180103,Nuke,Astralis,0.35,6
7400,180399,Nuke,Astralis,0.5909090909090909,-6
7401,180501,Nuke,Astralis,0.35,4
7402,184056,Nuke,Astralis,0.4666666666666667,-3
7403,187158,Nuke,Astralis,0.6842105263157895,16
7404,187220,Nuke,Astralis,0.5909090909090909,12
7405,188455,Nuke,Astralis,0.5416666666666666,-10
7406,191531,Nuke,Astralis,0.2777777777777778,12
7407,191606,Nuke,Astralis,0.5416666666666666,3
7408,191636,Nuke,Astralis,0.35,-4
7409,192460,Nuke,Astralis,0.8125,-57
7410,192470,Nuke,Astralis,0.5416666666666666,-6
7411,193095,Nuke,Astralis,0.1333333333333333,-8
7412,192663,Nuke,Astralis,0.4583333333333333,1
7413,192738,Nuke,Astralis,0.5416666666666666,-11
7414,192813,Nuke,Astralis,0.3157894736842105,2
7415,192887,Nuke,Astralis,0.7222222222222222,-3
7416,193238,Nuke,Astralis,0.6190476190476191,6
7417,195791,Nuke,Astralis,0.3157894736842105,5
7418,197416,Nuke,Astralis,0.5428571428571428,-18
7419,197694,Nuke,Astralis,0.3809523809523809,-15
7420,199399,Nuke,Astralis,0.7647058823529411,-1
7421,199803,Nuke,Astralis,0.5517241379310345,10
7422,199882,Nuke,Astralis,0.6190476190476191,9
7423,199946,Nuke,Astralis,0.4347826086956521,13
7424,203130,Nuke,Astralis,0.65,-7
7425,203191,Nuke,Astralis,0.6190476190476191,-10
7426,203283,Nuke,Astralis,0.5416666666666666,-7
7427,203325,Nuke,Astralis,0.8666666666666667,-8
7428,203453,Nuke,Astralis,0.6190476190476191,-16
7429,203506,Nuke,Astralis,0.2352941176470588,-10
7430,203723,Nuke,Astralis,0.4583333333333333,11
7431,203672,Nuke,Astralis,0.4583333333333333,3
7432,203689,Nuke,Astralis,0.7647058823529411,1
7433,204463,Nuke,Astralis,0.8666666666666667,7
7434,205044,Nuke,Astralis,0.3809523809523809,10
7435,207452,Nuke,Astralis,0.6190476190476191,3
7436,207962,Nuke,Astralis,0.6190476190476191,-4
7437,207993,Nuke,Astralis,0.5652173913043478,-1
7438,208220,Nuke,Astralis,0.4411764705882353,6
7439,209024,Nuke,Astralis,0.8666666666666667,-38
7440,209161,Nuke,Astralis,0.1333333333333333,-34
7441,209268,Nuke,Astralis,0.0,-1
7442,209390,Nuke,Astralis,0.8666666666666667,-9
7443,209751,Nuke,Astralis,0.6190476190476191,3
7444,211988,Nuke,Astralis,0.5416666666666666,-24
7445,212067,Nuke,Astralis,0.1875,-12
7446,212223,Nuke,Astralis,0.5652173913043478,3
7447,212529,Nuke,Astralis,0.5517241379310345,6
7448,212606,Nuke,Astralis,0.5416666666666666,10
7449,212705,Nuke,Astralis,0.3157894736842105,11
7450,212916,Nuke,Astralis,0.5333333333333333,13
7451,214674,Nuke,Astralis,0.4347826086956521,-13
7452,214865,Nuke,Astralis,0.4583333333333333,2
7453,214915,Nuke,Astralis,0.35,-4
7454,218144,Nuke,Astralis,0.8666666666666667,-1
7455,218211,Nuke,Astralis,0.4090909090909091,12
7456,219050,Nuke,Astralis,0.4347826086956521,6
7457,221049,Nuke,Astralis,0.7222222222222222,-16
7458,222320,Nuke,Astralis,0.7647058823529411,10
7459,222715,Nuke,Astralis,0.5416666666666666,3
7460,225828,Nuke,Astralis,0.3809523809523809,-8
7461,226401,Nuke,Astralis,0.5333333333333333,-3
7462,227803,Nuke,Astralis,0.5652173913043478,-3
7463,228804,Nuke,Astralis,0.3157894736842105,-8
7464,169211,Nuke,Astralis,0.4347826086956522,-18
7465,170847,Nuke,Astralis,0.3809523809523809,-9
7466,188394,Nuke,Astralis,0.409090909090909,-35
7467,219210,Nuke,Astralis,0.5416666666666667,2
7468,166829,Ancient,MIBR,0.4583333333333333,9
7469,167198,Ancient,MIBR,0.5319148936170213,16
7470,169127,Ancient,MIBR,0.6190476190476191,-65
7471,169868,Ancient,MIBR,0.5517241379310345,-57
7472,172029,Ancient,MIBR,0.6190476190476191,-61
7473,172461,Ancient,MIBR,0.7222222222222222,-51
7474,172926,Ancient,MIBR,0.7647058823529411,-65
7475,172962,Ancient,MIBR,0.7647058823529411,-24
7476,173206,Ancient,MIBR,0.65,-28
7477,174345,Ancient,MIBR,0.4347826086956521,-15
7478,173729,Ancient,MIBR,0.65,-28
7479,180353,Ancient,MIBR,0.5416666666666666,-33
7480,183240,Ancient,MIBR,0.1333333333333333,20
7481,186425,Ancient,MIBR,0.6190476190476191,-12
7482,188841,Ancient,MIBR,0.65,9
7483,188852,Ancient,MIBR,0.3157894736842105,8
7484,188964,Ancient,MIBR,0.7647058823529411,-21
7485,191440,Ancient,MIBR,0.4347826086956521,-5
7486,199676,Ancient,MIBR,0.5416666666666666,6
7487,201114,Ancient,MIBR,0.4285714285714285,-31
7488,208057,Ancient,MIBR,0.65,-37
7489,208968,Ancient,MIBR,0.8125,-37
7490,209703,Ancient,MIBR,0.6842105263157895,-15
7491,209830,Ancient,MIBR,0.8666666666666667,-31
7492,210811,Ancient,MIBR,0.2777777777777778,17
7493,216896,Ancient,MIBR,0.3809523809523809,46
7494,217464,Ancient,MIBR,0.5428571428571428,24
7495,217876,Ancient,MIBR,0.7647058823529411,46
7496,218055,Ancient,MIBR,0.5416666666666666,-19
7497,218081,Ancient,MIBR,0.5909090909090909,-10
7498,224376,Ancient,MIBR,0.5652173913043478,-47
7499,229317,Ancient,MIBR,0.7647058823529411,20
7500,229787,Ancient,MIBR,0.0714285714285714,16
7501,164724,Ancient,MIBR,0.4583333333333333,3
7502,167029,Ancient,MIBR,0.5517241379310345,11
7503,166803,Ancient,MIBR,0.2777777777777778,-19
7504,167185,Ancient,MIBR,0.5909090909090908,14
7505,167653,Ancient,MIBR,0.7222222222222222,3
7506,169060,Ancient,MIBR,0.5652173913043479,-11
7507,169138,Ancient,MIBR,0.9285714285714286,-11
7508,169345,Ancient,MIBR,0.5416666666666667,-19
7509,171181,Ancient,MIBR,0.409090909090909,-41
7510,171734,Ancient,MIBR,0.5909090909090908,-142
7511,172968,Ancient,MIBR,0.6190476190476191,-31
7512,172853,Ancient,MIBR,0.6842105263157895,-31
7513,172540,Ancient,MIBR,0.5416666666666667,-80
7514,173543,Ancient,MIBR,0.2777777777777778,-64
7515,173323,Ancient,MIBR,0.7647058823529412,-64
7516,174471,Ancient,MIBR,0.409090909090909,7
7517,173718,Ancient,MIBR,0.65,-61
7518,175504,Ancient,MIBR,0.2352941176470588,6
7519,175697,Ancient,MIBR,0.3157894736842105,6
7520,175950,Ancient,MIBR,0.4666666666666667,-12
7521,175986,Ancient,MIBR,0.3157894736842105,-9
7522,177260,Ancient,MIBR,0.6190476190476191,3
7523,178131,Ancient,MIBR,0.6190476190476191,6
7524,180843,Ancient,MIBR,0.4347826086956522,12
7525,180144,Ancient,MIBR,0.5909090909090908,-132
7526,180139,Ancient,MIBR,0.8125,-165
7527,181028,Ancient,MIBR,0.4482758620689655,9
7528,181980,Ancient,MIBR,0.5909090909090908,-69
7529,185661,Ancient,MIBR,0.7222222222222222,-90
7530,184419,Ancient,MIBR,0.6190476190476191,-4
7531,185497,Ancient,MIBR,0.7647058823529412,-74
7532,186883,Ancient,MIBR,0.35,-29
7533,191334,Ancient,MIBR,0.5416666666666667,1
7534,192733,Ancient,MIBR,0.7647058823529412,-56
7535,192799,Ancient,MIBR,0.2777777777777778,1
7536,193955,Ancient,MIBR,0.3157894736842105,5
7537,198144,Ancient,MIBR,0.4347826086956522,8
7538,199329,Ancient,MIBR,0.3809523809523809,10
7539,201192,Ancient,MIBR,0.3157894736842105,14
7540,201248,Ancient,MIBR,0.4285714285714286,8
7541,203135,Ancient,MIBR,0.2777777777777778,7
7542,203603,Ancient,MIBR,0.2777777777777778,4
7543,203644,Ancient,MIBR,0.2352941176470588,1
7544,208940,Ancient,MIBR,0.7222222222222222,-161
7545,209115,Ancient,MIBR,0.5714285714285715,-161
7546,209724,Ancient,MIBR,0.8666666666666667,-9
7547,211814,Ancient,MIBR,0.35,2
7548,216810,Ancient,MIBR,0.523809523809524,72
7549,217540,Ancient,MIBR,0.5652173913043479,2
7550,217865,Ancient,MIBR,0.5909090909090908,30
7551,219723,Ancient,MIBR,0.6190476190476191,-54
7552,220245,Ancient,MIBR,0.409090909090909,-170
7553,224149,Ancient,MIBR,0.5714285714285715,-53
7554,225836,Ancient,MIBR,0.5416666666666667,-12
7555,226217,Ancient,MIBR,0.4482758620689655,19
7556,229508,Ancient,MIBR,0.8666666666666667,11
7557,164709,Anubis,MIBR,0.3809523809523809,-56
7558,167937,Anubis,MIBR,0.3809523809523809,1
7559,176129,Anubis,MIBR,0.8125,3
7560,171228,Anubis,MIBR,0.5517241379310345,-43
7561,174032,Anubis,MIBR,0.5652173913043478,-5
7562,174051,Anubis,MIBR,0.3157894736842105,13
7563,173052,Anubis,MIBR,0.65,13
7564,173211,Anubis,MIBR,0.5909090909090909,-28
7565,173421,Anubis,MIBR,0.5416666666666666,13
7566,173132,Anubis,MIBR,0.65,-76
7567,173836,Anubis,MIBR,0.4583333333333333,13
7568,173991,Anubis,MIBR,0.65,13
7569,180216,Anubis,MIBR,0.65,-68
7570,180347,Anubis,MIBR,0.1333333333333333,-33
7571,180445,Anubis,MIBR,0.3809523809523809,-3
7572,179971,Anubis,MIBR,0.4347826086956521,-24
7573,180245,Anubis,MIBR,0.5517241379310345,-59
7574,180443,Anubis,MIBR,0.35,-33
7575,181071,Anubis,MIBR,0.7647058823529411,-3
7576,185474,Anubis,MIBR,0.4583333333333333,-66
7577,183256,Anubis,MIBR,0.5517241379310345,20
7578,184921,Anubis,MIBR,0.6842105263157895,-72
7579,186106,Anubis,MIBR,0.6842105263157895,-12
7580,186725,Anubis,MIBR,0.7647058823529411,3
7581,186896,Anubis,MIBR,0.4722222222222222,-18
7582,188962,Anubis,MIBR,0.4583333333333333,-21
7583,189188,Anubis,MIBR,0.2777777777777778,14
7584,191438,Anubis,MIBR,0.2352941176470588,-5
7585,192185,Anubis,MIBR,0.9285714285714286,-42
7586,193856,Anubis,MIBR,0.65,-19
7587,194081,Anubis,MIBR,0.65,-6
7588,194372,Anubis,MIBR,0.65,17
7589,198052,Anubis,MIBR,0.5909090909090909,14
7590,198106,Anubis,MIBR,0.5652173913043478,2
7591,199397,Anubis,MIBR,0.3157894736842105,11
7592,199667,Anubis,MIBR,0.2777777777777778,6
7593,217416,Anubis,MIBR,0.9285714285714286,-32
7594,218036,Anubis,MIBR,0.5416666666666666,-19
7595,220453,Anubis,MIBR,0.9285714285714286,-19
7596,164725,Anubis,MIBR,0.5652173913043479,3
7597,167026,Anubis,MIBR,0.5652173913043479,11
7598,167045,Anubis,MIBR,0.6842105263157895,1
7599,166808,Anubis,MIBR,0.35,-19
7600,166924,Anubis,MIBR,0.65,10
7601,167306,Anubis,MIBR,0.5652173913043479,12
7602,167819,Anubis,MIBR,0.1875,9
7603,169339,Anubis,MIBR,0.5588235294117647,-19
7604,169490,Anubis,MIBR,0.4347826086956522,-129
7605,170004,Anubis,MIBR,0.409090909090909,-24
7606,171297,Anubis,MIBR,0.35,-47
7607,173584,Anubis,MIBR,0.65,8
7608,174474,Anubis,MIBR,1.0,7
7609,174481,Anubis,MIBR,0.65,-1
7610,175488,Anubis,MIBR,0.35,6
7611,175615,Anubis,MIBR,0.7222222222222222,-7
7612,175945,Anubis,MIBR,0.5652173913043479,-12
7613,177102,Anubis,MIBR,0.5909090909090908,-44
7614,177255,Anubis,MIBR,0.4583333333333333,3
7615,177394,Anubis,MIBR,0.4285714285714286,-140
7616,178078,Anubis,MIBR,0.65,-71
7617,178142,Anubis,MIBR,0.4347826086956522,6
7618,180862,Anubis,MIBR,0.65,12
7619,179744,Anubis,MIBR,0.6842105263157895,-86
7620,180137,Anubis,MIBR,0.65,-165
7621,181417,Anubis,MIBR,0.8125,-37
7622,185659,Anubis,MIBR,0.409090909090909,-90
7623,183122,Anubis,MIBR,0.5416666666666667,6
7624,183549,Anubis,MIBR,0.3809523809523809,18
7625,184316,Anubis,MIBR,0.5652173913043479,5
7626,184411,Anubis,MIBR,0.5652173913043479,-4
7627,185023,Anubis,MIBR,0.4583333333333333,-35
7628,186647,Anubis,MIBR,0.5652173913043479,-33
7629,189270,Anubis,MIBR,0.2777777777777778,4
7630,190259,Anubis,MIBR,0.3157894736842105,-10
7631,194018,Anubis,MIBR,0.5652173913043479,4
7632,194863,Anubis,MIBR,0.409090909090909,4
7633,198142,Anubis,MIBR,0.3157894736842105,8
7634,199325,Anubis,MIBR,0.65,10
7635,199475,Anubis,MIBR,0.5416666666666667,-2
7636,201160,Anubis,MIBR,0.5416666666666667,-15
7637,201247,Anubis,MIBR,0.2352941176470588,8
7638,216477,Anubis,MIBR,0.6190476190476191,2
7639,217537,Anubis,MIBR,0.5909090909090908,2
7640,220881,Anubis,MIBR,0.5428571428571429,-54
7641,221115,Anubis,MIBR,0.4666666666666667,-16
7642,225856,Anubis,MIBR,0.5652173913043479,-12
7643,226054,Anubis,MIBR,0.5909090909090908,-3
7644,229305,Anubis,MIBR,0.5909090909090908,12
7645,216902,Dust2,MIBR,0.2777777777777778,46
7646,175496,Dust2,MIBR,0.5517241379310345,6
7647,175701,Dust2,MIBR,0.35,6
7648,209718,Dust2,MIBR,0.35,-9
7649,169128,Inferno,MIBR,0.65,-65
7650,171224,Inferno,MIBR,0.8666666666666667,-43
7651,172032,Inferno,MIBR,0.8125,-61
7652,174042,Inferno,MIBR,0.5652173913043478,-5
7653,172734,Inferno,MIBR,0.35,-60
7654,172963,Inferno,MIBR,0.5652173913043478,-24
7655,179129,Inferno,MIBR,0.1333333333333333,10
7656,180226,Inferno,MIBR,0.5909090909090909,-68
7657,188960,Inferno,MIBR,0.5909090909090909,-21
7658,189145,Inferno,MIBR,0.5416666666666666,16
7659,192190,Inferno,MIBR,0.4666666666666667,-42
7660,193864,Inferno,MIBR,0.3157894736842105,-19
7661,194076,Inferno,MIBR,0.5652173913043478,-6
7662,194381,Inferno,MIBR,0.1875,17
7663,198060,Inferno,MIBR,0.4090909090909091,14
7664,198115,Inferno,MIBR,0.5652173913043478,2
7665,209207,Inferno,MIBR,0.7222222222222222,-23
7666,209481,Inferno,MIBR,0.8666666666666667,-200
7667,209509,Inferno,MIBR,0.5714285714285714,-35
7668,209698,Inferno,MIBR,0.6190476190476191,-15
7669,216894,Inferno,MIBR,0.5909090909090909,46
7670,217462,Inferno,MIBR,0.4583333333333333,24
7671,216803,Inferno,MIBR,0.4583333333333333,-73
7672,217869,Inferno,MIBR,0.5416666666666666,46
7673,218049,Inferno,MIBR,0.4090909090909091,-19
7674,219964,Inferno,MIBR,0.7222222222222222,-19
7675,220455,Inferno,MIBR,0.5652173913043478,-19
7676,167042,Inferno,MIBR,0.6190476190476191,1
7677,167822,Inferno,MIBR,0.5517241379310345,9
7678,169068,Inferno,MIBR,0.3157894736842105,-11
7679,171856,Inferno,MIBR,0.4347826086956522,-95
7680,172966,Inferno,MIBR,0.4666666666666667,-31
7681,173977,Inferno,MIBR,0.6190476190476191,12
7682,172527,Inferno,MIBR,0.65,-80
7683,174342,Inferno,MIBR,0.7647058823529412,-125
7684,173851,Inferno,MIBR,0.7222222222222222,8
7685,177110,Inferno,MIBR,0.5416666666666667,-44
7686,178067,Inferno,MIBR,0.5652173913043479,-71
7687,183553,Inferno,MIBR,0.3809523809523809,18
7688,184577,Inferno,MIBR,0.4347826086956522,12
7689,189026,Inferno,MIBR,0.7222222222222222,-4
7690,191391,Inferno,MIBR,0.4571428571428572,-3
7691,192066,Inferno,MIBR,0.6842105263157895,-41
7692,192220,Inferno,MIBR,0.4347826086956522,-11
7693,192804,Inferno,MIBR,0.4583333333333333,1
7694,192876,Inferno,MIBR,0.5517241379310345,3
7695,193961,Inferno,MIBR,0.4347826086956522,5
7696,194548,Inferno,MIBR,0.3809523809523809,15
7697,194907,Inferno,MIBR,0.0714285714285714,4
7698,199477,Inferno,MIBR,0.3809523809523809,-2
7699,201198,Inferno,MIBR,0.523809523809524,14
7700,207363,Inferno,MIBR,0.5909090909090908,-95
7701,208495,Inferno,MIBR,0.65,-55
7702,208925,Inferno,MIBR,0.8125,-161
7703,209193,Inferno,MIBR,0.5909090909090908,-60
7704,209325,Inferno,MIBR,0.35,-16
7705,209720,Inferno,MIBR,0.5416666666666667,-9
7706,211977,Inferno,MIBR,0.2352941176470588,24
7707,212114,Inferno,MIBR,0.1875,9
7708,214833,Inferno,MIBR,0.2777777777777778,23
7709,217363,Inferno,MIBR,0.5909090909090908,-119
7710,216473,Inferno,MIBR,0.5909090909090908,2
7711,216565,Inferno,MIBR,0.4583333333333333,72
7712,216654,Inferno,MIBR,0.65,-26
7713,216777,Inferno,MIBR,0.5652173913043479,70
7714,216814,Inferno,MIBR,0.409090909090909,72
7715,217542,Inferno,MIBR,0.5909090909090908,2
7716,217980,Inferno,MIBR,0.5517241379310345,30
7717,219593,Inferno,MIBR,0.8125,-159
7718,221099,Inferno,MIBR,0.6190476190476191,-16
7719,224155,Inferno,MIBR,0.3809523809523809,-53
7720,225965,Inferno,MIBR,0.5652173913043479,20
7721,226214,Inferno,MIBR,0.5909090909090908,19
7722,229504,Inferno,MIBR,0.9285714285714286,11
7723,229665,Inferno,MIBR,0.2777777777777778,10
7724,164702,Mirage,MIBR,0.6842105263157895,-56
7725,167942,Mirage,MIBR,0.1875,1
7726,169042,Mirage,MIBR,0.6190476190476191,-65
7727,169873,Mirage,MIBR,0.5416666666666666,-32
7728,173195,Mirage,MIBR,0.35,-28
7729,173129,Mirage,MIBR,0.5652173913043478,-76
7730,173727,Mirage,MIBR,0.5652173913043478,-28
7731,179966,Mirage,MIBR,0.6190476190476191,-24
7732,181067,Mirage,MIBR,0.4347826086956521,-3
7733,186028,Mirage,MIBR,0.0714285714285714,3
7734,184915,Mirage,MIBR,0.4347826086956521,-72
7735,186421,Mirage,MIBR,0.4347826086956521,-12
7736,186509,Mirage,MIBR,0.35,3
7737,186727,Mirage,MIBR,0.35,3
7738,186895,Mirage,MIBR,0.1333333333333333,-18
7739,188911,Mirage,MIBR,0.2777777777777778,-20
7740,189185,Mirage,MIBR,0.1875,14
7741,189347,Mirage,MIBR,0.2777777777777778,12
7742,193870,Mirage,MIBR,0.6190476190476191,-19
7743,198056,Mirage,MIBR,0.2777777777777778,14
7744,199395,Mirage,MIBR,0.2777777777777778,11
7745,199572,Mirage,MIBR,0.6190476190476191,2
7746,199663,Mirage,MIBR,0.5416666666666666,6
7747,203173,Mirage,MIBR,0.6190476190476191,6
7748,208040,Mirage,MIBR,0.5652173913043478,-37
7749,208965,Mirage,MIBR,0.3157894736842105,-37
7750,209500,Mirage,MIBR,0.6842105263157895,-35
7751,209827,Mirage,MIBR,0.3157894736842105,-31
7752,214744,Mirage,MIBR,0.4347826086956521,5
7753,216898,Mirage,MIBR,0.65,46
7754,217426,Mirage,MIBR,0.5909090909090909,-32
7755,217467,Mirage,MIBR,0.7222222222222222,24
7756,218080,Mirage,MIBR,0.6190476190476191,-10
7757,229313,Mirage,MIBR,0.6842105263157895,20
7758,164713,Mirage,MIBR,0.6190476190476191,3
7759,166933,Mirage,MIBR,0.5909090909090908,10
7760,167002,Mirage,MIBR,0.1333333333333333,12
7761,167310,Mirage,MIBR,0.4634146341463414,12
7762,167828,Mirage,MIBR,0.6842105263157895,9
7763,169137,Mirage,MIBR,0.4583333333333333,-11
7764,173497,Mirage,MIBR,0.5652173913043479,-61
7765,173544,Mirage,MIBR,0.6190476190476191,-64
7766,173583,Mirage,MIBR,0.4347826086956522,8
7767,173321,Mirage,MIBR,0.6190476190476191,-64
7768,174477,Mirage,MIBR,0.5416666666666667,-1
7769,175924,Mirage,MIBR,0.409090909090909,-9
7770,177262,Mirage,MIBR,0.1875,3
7771,177388,Mirage,MIBR,0.2352941176470588,-140
7772,180851,Mirage,MIBR,0.65,12
7773,179955,Mirage,MIBR,0.4347826086956522,-7
7774,180041,Mirage,MIBR,0.4347826086956522,-7
7775,181421,Mirage,MIBR,0.4666666666666667,-37
7776,184308,Mirage,MIBR,0.409090909090909,5
7777,185013,Mirage,MIBR,0.2777777777777778,-35
7778,185934,Mirage,MIBR,0.6190476190476191,-7
7779,185493,Mirage,MIBR,0.4347826086956522,-74
7780,186645,Mirage,MIBR,0.9285714285714286,-33
7781,189266,Mirage,MIBR,0.1333333333333333,4
7782,191325,Mirage,MIBR,0.5714285714285715,1
7783,192213,Mirage,MIBR,0.5909090909090908,-11
7784,192730,Mirage,MIBR,0.8125,-56
7785,192858,Mirage,MIBR,0.4680851063829787,3
7786,194540,Mirage,MIBR,0.1875,15
7787,194881,Mirage,MIBR,0.5277777777777778,4
7788,203277,Mirage,MIBR,0.3157894736842105,7
7789,208493,Mirage,MIBR,0.2777777777777778,-55
7790,209329,Mirage,MIBR,0.3157894736842105,-16
7791,210739,Mirage,MIBR,0.2777777777777778,23
7792,212128,Mirage,MIBR,0.2777777777777778,9
7793,214837,Mirage,MIBR,0.4722222222222222,23
7794,217458,Mirage,MIBR,0.5652173913043479,-110
7795,216564,Mirage,MIBR,0.0714285714285714,72
7796,216659,Mirage,MIBR,0.8125,-26
7797,217864,Mirage,MIBR,0.4583333333333333,30
7798,220871,Mirage,MIBR,0.8666666666666667,-54
7799,220993,Mirage,MIBR,0.5652173913043479,-170
7800,221105,Mirage,MIBR,0.65,-16
7801,225675,Mirage,MIBR,0.4347826086956522,24
7802,225968,Mirage,MIBR,0.35,20
7803,226052,Mirage,MIBR,0.65,-3
7804,229506,Mirage,MIBR,0.4347826086956522,11
7805,229657,Mirage,MIBR,0.4285714285714286,10
7806,164700,Nuke,MIBR,0.4090909090909091,-56
7807,164760,Nuke,MIBR,0.8125,-56
7808,166725,Nuke,MIBR,0.4583333333333333,4
7809,169038,Nuke,MIBR,0.7647058823529411,-65
7810,172741,Nuke,MIBR,0.5909090909090909,-60
7811,172961,Nuke,MIBR,0.2777777777777778,-24
7812,173054,Nuke,MIBR,0.4666666666666667,13
7813,173414,Nuke,MIBR,0.5416666666666666,13
7814,174406,Nuke,MIBR,0.6190476190476191,-68
7815,173839,Nuke,MIBR,0.5416666666666666,13
7816,179044,Nuke,MIBR,0.2352941176470588,20
7817,180242,Nuke,MIBR,0.9285714285714286,-59
7818,185469,Nuke,MIBR,0.7222222222222222,-66
7819,183250,Nuke,MIBR,0.65,20
7820,184889,Nuke,MIBR,0.4347826086956521,-63
7821,186102,Nuke,MIBR,0.6190476190476191,-12
7822,186427,Nuke,MIBR,0.8125,-12
7823,186506,Nuke,MIBR,0.8125,3
7824,189352,Nuke,MIBR,0.3157894736842105,12
7825,192197,Nuke,MIBR,0.5416666666666666,-42
7826,192660,Nuke,MIBR,0.2352941176470588,-4
7827,198109,Nuke,MIBR,0.2777777777777778,2
7828,208971,Nuke,MIBR,0.3809523809523809,-37
7829,209212,Nuke,MIBR,0.5416666666666666,-23
7830,209489,Nuke,MIBR,0.6842105263157895,-200
7831,209839,Nuke,MIBR,0.4347826086956521,-31
7832,216797,Nuke,MIBR,0.2777777777777778,-73
7833,217873,Nuke,MIBR,0.4347826086956521,46
7834,218079,Nuke,MIBR,0.4090909090909091,-10
7835,224368,Nuke,MIBR,0.4347826086956521,-47
7836,167655,Nuke,MIBR,0.9285714285714286,3
7837,169056,Nuke,MIBR,0.409090909090909,-11
7838,169132,Nuke,MIBR,0.1875,-11
7839,169996,Nuke,MIBR,0.2352941176470588,-24
7840,171736,Nuke,MIBR,0.65,-142
7841,171852,Nuke,MIBR,0.35,-95
7842,172747,Nuke,MIBR,0.6190476190476191,-31
7843,172846,Nuke,MIBR,0.5416666666666667,-31
7844,173282,Nuke,MIBR,0.6842105263157895,8
7845,173542,Nuke,MIBR,0.65,-64
7846,173216,Nuke,MIBR,0.5517241379310345,-55
7847,174472,Nuke,MIBR,0.5714285714285715,7
7848,175623,Nuke,MIBR,0.5652173913043479,-7
7849,175935,Nuke,MIBR,0.0714285714285714,-9
7850,175988,Nuke,MIBR,0.4571428571428572,-9
7851,176980,Nuke,MIBR,0.7647058823529412,-77
7852,178033,Nuke,MIBR,0.3157894736842105,-13
7853,185741,Nuke,MIBR,0.5652173913043479,-31
7854,180415,Nuke,MIBR,0.6842105263157895,-26
7855,180046,Nuke,MIBR,0.2777777777777778,-7
7856,180150,Nuke,MIBR,0.4583333333333333,-132
7857,181035,Nuke,MIBR,0.1333333333333333,9
7858,183134,Nuke,MIBR,0.5652173913043479,6
7859,184319,Nuke,MIBR,0.7222222222222222,5
7860,184571,Nuke,MIBR,0.35,12
7861,185931,Nuke,MIBR,0.35,-7
7862,186646,Nuke,MIBR,0.0714285714285714,-33
7863,187953,Nuke,MIBR,0.5909090909090908,-1
7864,188002,Nuke,MIBR,0.5909090909090908,5
7865,189025,Nuke,MIBR,0.7647058823529412,-4
7866,189268,Nuke,MIBR,0.5652173913043479,4
7867,190254,Nuke,MIBR,0.409090909090909,-10
7868,191398,Nuke,MIBR,0.2777777777777778,-3
7869,192067,Nuke,MIBR,0.5416666666666667,-41
7870,192217,Nuke,MIBR,0.409090909090909,-11
7871,192887,Nuke,MIBR,0.2777777777777778,3
7872,194025,Nuke,MIBR,0.5909090909090908,4
7873,199335,Nuke,MIBR,0.5416666666666667,10
7874,199823,Nuke,MIBR,0.4482758620689655,-2
7875,201102,Nuke,MIBR,0.4347826086956522,-13
7876,201195,Nuke,MIBR,0.5909090909090908,14
7877,203130,Nuke,MIBR,0.35,7
7878,203283,Nuke,MIBR,0.4583333333333333,7
7879,208336,Nuke,MIBR,0.7647058823529412,-55
7880,208494,Nuke,MIBR,0.6190476190476191,-55
7881,209101,Nuke,MIBR,0.6842105263157895,-161
7882,209332,Nuke,MIBR,0.5714285714285715,-16
7883,210714,Nuke,MIBR,0.7647058823529412,8
7884,210742,Nuke,MIBR,0.2777777777777778,23
7885,211803,Nuke,MIBR,0.5652173913043479,2
7886,211988,Nuke,MIBR,0.4583333333333333,24
7887,214715,Nuke,MIBR,0.2777777777777778,-7
7888,217369,Nuke,MIBR,0.9285714285714286,-119
7889,217460,Nuke,MIBR,0.65,-110
7890,216786,Nuke,MIBR,0.5652173913043479,70
7891,216815,Nuke,MIBR,0.65,72
7892,217976,Nuke,MIBR,0.5333333333333333,30
7893,219717,Nuke,MIBR,0.7647058823529412,-54
7894,220251,Nuke,MIBR,0.5517241379310345,-170
7895,221120,Nuke,MIBR,0.4571428571428572,-16
7896,224162,Nuke,MIBR,0.4583333333333333,-53
7897,225971,Nuke,MIBR,0.5909090909090908,20
7898,226224,Nuke,MIBR,0.409090909090909,19
7899,170839,Ancient,Liquid,0.5652173913043478,-47
7900,170980,Ancient,Liquid,0.4347826086956521,-25
7901,171514,Ancient,Liquid,0.2352941176470588,-3
7902,174705,Ancient,Liquid,0.5365853658536586,-9
7903,173848,Ancient,Liquid,0.5652173913043478,-6
7904,175828,Ancient,Liquid,0.2777777777777778,-20
7905,180227,Ancient,Liquid,0.5238095238095238,7
7906,183819,Ancient,Liquid,0.65,1
7907,185995,Ancient,Liquid,0.4583333333333333,7
7908,191541,Ancient,Liquid,0.4583333333333333,1
7909,191590,Ancient,Liquid,0.65,2
7910,194977,Ancient,Liquid,0.3809523809523809,4
7911,195938,Ancient,Liquid,0.3809523809523809,5
7912,198046,Ancient,Liquid,0.5652173913043478,1
7913,198144,Ancient,Liquid,0.5652173913043478,-8
7914,198164,Ancient,Liquid,0.6190476190476191,6
7915,198230,Ancient,Liquid,0.3157894736842105,4
7916,201342,Ancient,Liquid,0.35,6
7917,207924,Ancient,Liquid,0.5652173913043478,2
7918,208288,Ancient,Liquid,0.2777777777777778,13
7919,212274,Ancient,Liquid,0.7647058823529411,-24
7920,214876,Ancient,Liquid,0.4090909090909091,-13
7921,216535,Ancient,Liquid,0.5517241379310345,-8
7922,223209,Ancient,Liquid,0.4583333333333333,9
7923,222801,Ancient,Liquid,0.3809523809523809,-65
7924,223438,Ancient,Liquid,0.5909090909090909,-10
7925,223594,Ancient,Liquid,0.4666666666666667,8
7926,224819,Ancient,Liquid,0.35,-14
7927,226503,Ancient,Liquid,0.1333333333333333,13
7928,228811,Ancient,Liquid,0.7222222222222222,5
7929,171258,Ancient,Liquid,0.7647058823529412,-33
7930,173060,Ancient,Liquid,0.6190476190476191,26
7931,173070,Ancient,Liquid,0.6842105263157895,32
7932,175039,Ancient,Liquid,0.5652173913043479,-5
7933,173724,Ancient,Liquid,0.8666666666666667,-93
7934,173837,Ancient,Liquid,0.7222222222222222,13
7935,176015,Ancient,Liquid,0.5652173913043479,1
7936,176466,Ancient,Liquid,0.5416666666666667,3
7937,181339,Ancient,Liquid,0.5652173913043479,-3
7938,182942,Ancient,Liquid,0.5652173913043479,-111
7939,182949,Ancient,Liquid,0.5416666666666667,-49
7940,182998,Ancient,Liquid,0.6190476190476191,-91
7941,187165,Ancient,Liquid,1.0,6
7942,188844,Ancient,Liquid,0.5652173913043479,-64
7943,190281,Ancient,Liquid,0.5909090909090908,-30
7944,191432,Ancient,Liquid,0.5416666666666667,-8
7945,194491,Ancient,Liquid,0.4482758620689655,3
7946,195111,Ancient,Liquid,0.3157894736842105,-4
7947,200009,Ancient,Liquid,0.5652173913043479,2
7948,203685,Ancient,Liquid,0.5909090909090908,-10
7949,203869,Ancient,Liquid,0.1333333333333333,9
7950,204277,Ancient,Liquid,0.5909090909090908,-15
7951,207830,Ancient,Liquid,0.6190476190476191,-3
7952,207974,Ancient,Liquid,0.6842105263157895,10
7953,208871,Ancient,Liquid,0.35,-43
7954,212058,Ancient,Liquid,0.8666666666666667,-21
7955,217852,Ancient,Liquid,0.2352941176470588,-12
7956,221233,Ancient,Liquid,0.4347826086956522,-62
7957,222576,Ancient,Liquid,0.6842105263157895,-32
7958,222603,Ancient,Liquid,0.3809523809523809,-62
7959,222848,Ancient,Liquid,0.1875,-48
7960,224670,Ancient,Liquid,0.8666666666666667,-31
7961,226559,Ancient,Liquid,0.2777777777777778,7
7962,228688,Ancient,Liquid,0.4583333333333333,16
7963,170837,Anubis,Liquid,0.2777777777777778,-47
7964,173849,Anubis,Liquid,0.6842105263157895,-6
7965,173990,Anubis,Liquid,0.4583333333333333,-6
7966,175821,Anubis,Liquid,0.7222222222222222,-20
7967,180324,Anubis,Liquid,0.5416666666666666,8
7968,180526,Anubis,Liquid,0.5333333333333333,8
7969,180903,Anubis,Liquid,0.5517241379310345,-16
7970,184145,Anubis,Liquid,0.5652173913043478,6
7971,184907,Anubis,Liquid,0.5652173913043478,5
7972,185020,Anubis,Liquid,0.4285714285714285,6
7973,187228,Anubis,Liquid,0.5652173913043478,5
7974,189270,Anubis,Liquid,0.7222222222222222,-4
7975,189518,Anubis,Liquid,0.4090909090909091,9
7976,191448,Anubis,Liquid,1.0,-11
7977,195308,Anubis,Liquid,0.4090909090909091,10
7978,195936,Anubis,Liquid,0.35,5
7979,197369,Anubis,Liquid,0.35,4
7980,198142,Anubis,Liquid,0.6842105263157895,-8
7981,198156,Anubis,Liquid,0.6842105263157895,6
7982,198227,Anubis,Liquid,0.7222222222222222,4
7983,221484,Anubis,Liquid,0.8125,-14
7984,224942,Anubis,Liquid,0.4347826086956521,-72
7985,171021,Anubis,Liquid,0.9285714285714286,-33
7986,171341,Anubis,Liquid,0.2777777777777778,17
7987,173076,Anubis,Liquid,0.4347826086956522,32
7988,173435,Anubis,Liquid,0.5416666666666667,36
7989,175035,Anubis,Liquid,0.4666666666666667,-5
7990,173728,Anubis,Liquid,0.65,-93
7991,176194,Anubis,Liquid,0.4347826086956522,8
7992,176410,Anubis,Liquid,0.5909090909090908,-28
7993,176469,Anubis,Liquid,0.5652173913043479,3
7994,180959,Anubis,Liquid,0.3809523809523809,-6
7995,181351,Anubis,Liquid,0.7222222222222222,-3
7996,183005,Anubis,Liquid,0.5652173913043479,-40
7997,183659,Anubis,Liquid,0.65,-20
7998,184343,Anubis,Liquid,0.65,-5
7999,187983,Anubis,Liquid,0.7647058823529412,-19
8000,188062,Anubis,Liquid,0.8125,3
8001,188918,Anubis,Liquid,0.5909090909090908,-8
8002,195737,Anubis,Liquid,0.35,8
8003,194674,Anubis,Liquid,0.6190476190476191,-3
8004,195118,Anubis,Liquid,0.7647058823529412,-4
8005,195833,Anubis,Liquid,0.7222222222222222,-17
8006,197253,Anubis,Liquid,0.4347826086956522,-20
8007,217793,Anubis,Liquid,0.4666666666666667,6
8008,180235,Dust2,Liquid,0.6842105263157895,7
8009,183826,Dust2,Liquid,0.6842105263157895,1
8010,184153,Dust2,Liquid,0.4090909090909091,6
8011,184888,Dust2,Liquid,0.1875,5
8012,185993,Dust2,Liquid,0.2777777777777778,7
8013,187234,Dust2,Liquid,0.1875,5
8014,189521,Dust2,Liquid,0.4583333333333333,9
8015,191645,Dust2,Liquid,0.3809523809523809,8
8016,195311,Dust2,Liquid,0.4090909090909091,10
8017,197286,Dust2,Liquid,0.1875,1
8018,198038,Dust2,Liquid,0.6190476190476191,1
8019,201333,Dust2,Liquid,0.2777777777777778,-19
8020,201394,Dust2,Liquid,0.3809523809523809,9
8021,203616,Dust2,Liquid,0.6190476190476191,6
8022,204060,Dust2,Liquid,0.35,-50
8023,205642,Dust2,Liquid,0.4571428571428571,16
8024,206367,Dust2,Liquid,0.4285714285714285,14
8025,208276,Dust2,Liquid,0.1875,13
8026,214749,Dust2,Liquid,0.1875,-21
8027,221097,Dust2,Liquid,0.3809523809523809,-8
8028,221286,Dust2,Liquid,0.6842105263157895,-125
8029,222789,Dust2,Liquid,0.5208333333333334,-65
8030,226505,Dust2,Liquid,0.4583333333333333,13
8031,228805,Dust2,Liquid,0.2352941176470588,5
8032,229304,Dust2,Liquid,0.4090909090909091,18
8033,176109,Dust2,Liquid,0.8125,7
8034,176199,Dust2,Liquid,0.5333333333333333,8
8035,176385,Dust2,Liquid,0.6842105263157895,4
8036,176413,Dust2,Liquid,0.4583333333333333,-28
8037,176530,Dust2,Liquid,0.5416666666666667,10
8038,181224,Dust2,Liquid,0.5517241379310345,-6
8039,186039,Dust2,Liquid,0.35,2
8040,188068,Dust2,Liquid,0.1875,3
8041,195735,Dust2,Liquid,0.35,8
8042,194480,Dust2,Liquid,0.5909090909090908,3
8043,194650,Dust2,Liquid,0.5652173913043479,-3
8044,195826,Dust2,Liquid,0.7647058823529412,-17
8045,200154,Dust2,Liquid,0.409090909090909,5
8046,203680,Dust2,Liquid,0.1875,-10
8047,204502,Dust2,Liquid,0.65,11
8048,206244,Dust2,Liquid,0.7222222222222222,-21
8049,207609,Dust2,Liquid,0.5909090909090908,11
8050,207730,Dust2,Liquid,0.0714285714285714,4
8051,207838,Dust2,Liquid,0.3809523809523809,-3
8052,207979,Dust2,Liquid,0.65,10
8053,209038,Dust2,Liquid,0.5909090909090908,-43
8054,210933,Dust2,Liquid,0.6842105263157895,-11
8055,211129,Dust2,Liquid,0.5652173913043479,2
8056,211210,Dust2,Liquid,0.7222222222222222,-8
8057,211979,Dust2,Liquid,0.3809523809523809,4
8058,217210,Dust2,Liquid,0.3809523809523809,12
8059,221216,Dust2,Liquid,0.409090909090909,-62
8060,221629,Dust2,Liquid,0.4347826086956522,1
8061,222675,Dust2,Liquid,0.6842105263157895,-28
8062,224904,Dust2,Liquid,0.65,-104
8063,228685,Dust2,Liquid,0.2352941176470588,16
8064,229393,Dust2,Liquid,0.409090909090909,10
8065,170838,Inferno,Liquid,0.6190476190476191,-47
8066,170994,Inferno,Liquid,0.5652173913043478,-27
8067,171023,Inferno,Liquid,0.65,-25
8068,171508,Inferno,Liquid,0.5333333333333333,-3
8069,173241,Inferno,Liquid,0.4583333333333333,31
8070,175833,Inferno,Liquid,0.5652173913043478,-20
8071,180338,Inferno,Liquid,0.5416666666666666,8
8072,180532,Inferno,Liquid,0.5652173913043478,8
8073,180913,Inferno,Liquid,0.5416666666666666,-16
8074,185989,Inferno,Liquid,0.7647058823529411,7
8075,187901,Inferno,Liquid,0.4285714285714285,-23
8076,188856,Inferno,Liquid,0.5652173913043478,-23
8077,191443,Inferno,Liquid,0.5714285714285714,-11
8078,198159,Inferno,Liquid,0.4347826086956521,6
8079,198235,Inferno,Liquid,0.4347826086956521,4
8080,200093,Inferno,Liquid,0.3809523809523809,8
8081,203031,Inferno,Liquid,0.3157894736842105,-37
8082,203786,Inferno,Liquid,0.35,15
8083,207938,Inferno,Liquid,0.4090909090909091,2
8084,209092,Inferno,Liquid,0.65,-26
8085,212282,Inferno,Liquid,0.0714285714285714,-24
8086,214833,Inferno,Liquid,0.7222222222222222,-23
8087,214880,Inferno,Liquid,0.5333333333333333,-13
8088,215015,Inferno,Liquid,0.4090909090909091,10
8089,221303,Inferno,Liquid,0.5909090909090909,-125
8090,221499,Inferno,Liquid,0.4347826086956521,-14
8091,222774,Inferno,Liquid,0.3157894736842105,-65
8092,224835,Inferno,Liquid,0.4090909090909091,-14
8093,228808,Inferno,Liquid,0.6190476190476191,5
8094,229420,Inferno,Liquid,0.35,17
8095,171020,Inferno,Liquid,0.8666666666666667,-33
8096,171186,Inferno,Liquid,0.5416666666666667,-18
8097,171256,Inferno,Liquid,0.5909090909090908,-33
8098,171340,Inferno,Liquid,0.5909090909090908,17
8099,173078,Inferno,Liquid,0.5909090909090908,32
8100,174642,Inferno,Liquid,0.409090909090909,22
8101,175124,Inferno,Liquid,0.409090909090909,7
8102,175873,Inferno,Liquid,0.8666666666666667,-16
8103,176101,Inferno,Liquid,0.5277777777777778,7
8104,176188,Inferno,Liquid,0.2777777777777778,8
8105,176534,Inferno,Liquid,0.3809523809523809,10
8106,181375,Inferno,Liquid,0.409090909090909,3
8107,182951,Inferno,Liquid,0.409090909090909,-49
8108,183004,Inferno,Liquid,0.7647058823529412,-40
8109,184525,Inferno,Liquid,0.1875,3
8110,185109,Inferno,Liquid,0.3157894736842105,2
8111,185958,Inferno,Liquid,0.6842105263157895,-2
8112,186032,Inferno,Liquid,0.3157894736842105,2
8113,187169,Inferno,Liquid,0.3157894736842105,6
8114,188076,Inferno,Liquid,0.65,3
8115,188916,Inferno,Liquid,0.2777777777777778,-8
8116,189128,Inferno,Liquid,0.5652173913043479,-7
8117,189175,Inferno,Liquid,0.5909090909090908,5
8118,191427,Inferno,Liquid,0.6190476190476191,-8
8119,194465,Inferno,Liquid,0.4666666666666667,3
8120,194865,Inferno,Liquid,0.5416666666666667,8
8121,195105,Inferno,Liquid,0.5416666666666667,-4
8122,200017,Inferno,Liquid,0.5652173913043479,2
8123,200150,Inferno,Liquid,0.35,5
8124,203643,Inferno,Liquid,0.5652173913043479,9
8125,206091,Inferno,Liquid,0.1875,6
8126,207623,Inferno,Liquid,0.4583333333333333,11
8127,207737,Inferno,Liquid,0.3157894736842105,4
8128,208191,Inferno,Liquid,0.6190476190476191,8
8129,210713,Inferno,Liquid,0.5909090909090908,-3
8130,210938,Inferno,Liquid,0.5416666666666667,-11
8131,211131,Inferno,Liquid,0.3809523809523809,2
8132,211778,Inferno,Liquid,0.65,-11
8133,216724,Inferno,Liquid,0.35,-10
8134,217787,Inferno,Liquid,0.6842105263157895,6
8135,222670,Inferno,Liquid,0.5909090909090908,-28
8136,222840,Inferno,Liquid,0.6842105263157895,-48
8137,229395,Inferno,Liquid,0.5416666666666667,10
8138,170985,Mirage,Liquid,0.1875,-25
8139,170988,Mirage,Liquid,0.65,-27
8140,171025,Mirage,Liquid,0.5909090909090909,-25
8141,173251,Mirage,Liquid,0.3157894736842105,31
8142,174718,Mirage,Liquid,0.5416666666666666,-9
8143,174878,Mirage,Liquid,0.35,12
8144,173842,Mirage,Liquid,0.1875,-6
8145,173994,Mirage,Liquid,0.1333333333333333,-6
8146,180328,Mirage,Liquid,0.1333333333333333,8
8147,189266,Mirage,Liquid,0.8666666666666667,-4
8148,191538,Mirage,Liquid,0.3809523809523809,1
8149,197283,Mirage,Liquid,0.4666666666666667,1
8150,197367,Mirage,Liquid,0.4583333333333333,4
8151,198040,Mirage,Liquid,0.3809523809523809,1
8152,198098,Mirage,Liquid,0.2777777777777778,10
8153,201422,Mirage,Liquid,0.4634146341463415,9
8154,203028,Mirage,Liquid,0.5652173913043478,-37
8155,203613,Mirage,Liquid,0.65,6
8156,204062,Mirage,Liquid,0.8666666666666667,-50
8157,205634,Mirage,Liquid,0.4583333333333333,16
8158,206371,Mirage,Liquid,0.35,14
8159,207945,Mirage,Liquid,0.6190476190476191,2
8160,208283,Mirage,Liquid,0.7222222222222222,13
8161,209082,Mirage,Liquid,0.8125,-26
8162,210739,Mirage,Liquid,0.7222222222222222,-23
8163,214837,Mirage,Liquid,0.5277777777777778,-23
8164,215072,Mirage,Liquid,0.4347826086956521,-6
8165,216532,Mirage,Liquid,0.3809523809523809,-8
8166,217725,Mirage,Liquid,0.6190476190476191,-8
8167,223200,Mirage,Liquid,0.3809523809523809,9
8168,221293,Mirage,Liquid,0.35,-125
8169,221510,Mirage,Liquid,0.5517241379310345,-14
8170,223427,Mirage,Liquid,0.5277777777777778,-10
8171,223603,Mirage,Liquid,0.4347826086956521,8
8172,229414,Mirage,Liquid,0.5416666666666666,17
8173,171221,Mirage,Liquid,0.4347826086956522,13
8174,173437,Mirage,Liquid,0.4347826086956522,36
8175,174646,Mirage,Liquid,0.65,22
8176,175029,Mirage,Liquid,0.5652173913043479,-5
8177,173834,Mirage,Liquid,0.5909090909090908,13
8178,180973,Mirage,Liquid,0.65,-6
8179,181104,Mirage,Liquid,0.4583333333333333,3
8180,181396,Mirage,Liquid,0.4482758620689655,3
8181,182944,Mirage,Liquid,0.65,-111
8182,183001,Mirage,Liquid,0.7222222222222222,-91
8183,184532,Mirage,Liquid,0.7222222222222222,3
8184,185116,Mirage,Liquid,0.1875,2
8185,187173,Mirage,Liquid,0.3157894736842105,6
8186,203639,Mirage,Liquid,0.3157894736842105,9
8187,203866,Mirage,Liquid,0.3157894736842105,9
8188,204498,Mirage,Liquid,0.2352941176470588,11
8189,207844,Mirage,Liquid,0.5652173913043479,-3
8190,208181,Mirage,Liquid,0.5909090909090908,8
8191,210931,Mirage,Liquid,0.3157894736842105,-11
8192,211209,Mirage,Liquid,0.7647058823529412,-8
8193,211773,Mirage,Liquid,0.4583333333333333,-11
8194,211961,Mirage,Liquid,0.5428571428571429,4
8195,212051,Mirage,Liquid,0.7222222222222222,-21
8196,212151,Mirage,Liquid,0.5333333333333333,-31
8197,214712,Mirage,Liquid,0.35,-7
8198,214916,Mirage,Liquid,0.5909090909090908,4
8199,216730,Mirage,Liquid,0.5909090909090908,-10
8200,217782,Mirage,Liquid,0.3809523809523809,6
8201,224663,Mirage,Liquid,0.5517241379310345,-31
8202,224891,Mirage,Liquid,0.6190476190476191,-104
8203,228881,Mirage,Liquid,0.409090909090909,11
8204,170833,Nuke,Liquid,0.6842105263157895,-116
8205,170991,Nuke,Liquid,0.2777777777777778,-27
8206,171502,Nuke,Liquid,0.4347826086956521,-3
8207,174876,Nuke,Liquid,0.4583333333333333,12
8208,180518,Nuke,Liquid,0.4090909090909091,8
8209,184149,Nuke,Liquid,0.2777777777777778,6
8210,184900,Nuke,Liquid,0.5416666666666666,5
8211,185028,Nuke,Liquid,0.4583333333333333,6
8212,187236,Nuke,Liquid,0.4583333333333333,5
8213,189113,Nuke,Liquid,0.4347826086956521,12
8214,189268,Nuke,Liquid,0.4347826086956521,-4
8215,191534,Nuke,Liquid,0.5652173913043478,1
8216,191587,Nuke,Liquid,0.65,2
8217,191637,Nuke,Liquid,0.4347826086956521,8
8218,194986,Nuke,Liquid,0.2352941176470588,4
8219,198100,Nuke,Liquid,0.3809523809523809,10
8220,201406,Nuke,Liquid,0.7647058823529411,9
8221,203021,Nuke,Liquid,0.3809523809523809,-37
8222,204070,Nuke,Liquid,0.4666666666666667,-50
8223,205177,Nuke,Liquid,0.4571428571428571,16
8224,210742,Nuke,Liquid,0.7222222222222222,-23
8225,216525,Nuke,Liquid,0.5652173913043478,-8
8226,217720,Nuke,Liquid,0.6842105263157895,-8
8227,221104,Nuke,Liquid,0.4411764705882353,-8
8228,222573,Nuke,Liquid,0.7222222222222222,-171
8229,223418,Nuke,Liquid,0.1875,-10
8230,224936,Nuke,Liquid,0.4347826086956521,-72
8231,229430,Nuke,Liquid,0.4090909090909091,17
8232,173432,Nuke,Liquid,0.4482758620689655,36
8233,174652,Nuke,Liquid,0.5909090909090908,22
8234,175878,Nuke,Liquid,0.5416666666666667,-16
8235,176012,Nuke,Liquid,0.8666666666666667,1
8236,176106,Nuke,Liquid,0.4347826086956522,7
8237,176204,Nuke,Liquid,0.4666666666666667,8
8238,176404,Nuke,Liquid,0.4482758620689655,-28
8239,176464,Nuke,Liquid,0.3157894736842105,3
8240,176537,Nuke,Liquid,0.4583333333333333,10
8241,180966,Nuke,Liquid,0.5416666666666667,-6
8242,181107,Nuke,Liquid,0.4347826086956522,3
8243,181232,Nuke,Liquid,0.7647058823529412,-6
8244,181389,Nuke,Liquid,0.5517241379310345,3
8245,182952,Nuke,Liquid,0.409090909090909,-49
8246,183656,Nuke,Liquid,0.5416666666666667,-20
8247,184339,Nuke,Liquid,0.8666666666666667,-5
8248,184533,Nuke,Liquid,0.1875,3
8249,188920,Nuke,Liquid,0.9285714285714286,-8
8250,190278,Nuke,Liquid,0.5909090909090908,-30
8251,195829,Nuke,Liquid,0.4583333333333333,-17
8252,197247,Nuke,Liquid,0.2352941176470588,-20
8253,203648,Nuke,Liquid,0.1333333333333333,9
8254,203678,Nuke,Liquid,0.6842105263157895,-10
8255,206264,Nuke,Liquid,0.5652173913043479,-21
8256,209058,Nuke,Liquid,0.3809523809523809,-43
8257,211130,Nuke,Liquid,0.35,2
8258,211782,Nuke,Liquid,0.5909090909090908,-11
8259,212053,Nuke,Liquid,0.1875,-21
8260,214915,Nuke,Liquid,0.65,4
8261,216734,Nuke,Liquid,0.8125,-10
8262,217200,Nuke,Liquid,0.4666666666666667,12
8263,217858,Nuke,Liquid,0.409090909090909,-12
8264,221227,Nuke,Liquid,0.5416666666666667,-62
8265,221606,Nuke,Liquid,0.2777777777777778,1
8266,222852,Nuke,Liquid,0.4347826086956522,-48
8267,224876,Nuke,Liquid,0.3157894736842105,-104
8268,226554,Nuke,Liquid,0.4666666666666667,7
8269,228889,Nuke,Liquid,0.3157894736842105,11
8270,229391,Nuke,Liquid,0.5416666666666667,10
8271,164791,Ancient,Alliance,0.3157894736842105,-35
8272,165387,Ancient,Alliance,0.5416666666666666,-13
8273,167031,Ancient,Alliance,0.4583333333333333,-43
8274,166804,Ancient,Alliance,0.4347826086956521,-22
8275,167717,Ancient,Alliance,0.5714285714285714,12
8276,167581,Ancient,Alliance,0.3157894736842105,38
8277,168059,Ancient,Alliance,0.4583333333333333,12
8278,168309,Ancient,Alliance,0.7647058823529411,-70
8279,168459,Ancient,Alliance,0.5652173913043478,-47
8280,168480,Ancient,Alliance,0.8666666666666667,-37
8281,168494,Ancient,Alliance,0.35,-23
8282,168623,Ancient,Alliance,0.3157894736842105,-24
8283,169762,Ancient,Alliance,0.3157894736842105,-74
8284,170045,Ancient,Alliance,0.35,-15
8285,171087,Ancient,Alliance,0.5909090909090909,-24
8286,171410,Ancient,Alliance,0.3157894736842105,11
8287,170615,Ancient,Alliance,0.3809523809523809,7
8288,170969,Ancient,Alliance,0.65,28
8289,171345,Ancient,Alliance,0.5909090909090909,-98
8290,172984,Ancient,Alliance,0.2777777777777778,44
8291,171818,Ancient,Alliance,0.5416666666666666,-27
8292,172952,Ancient,Alliance,0.35,30
8293,173027,Ancient,Alliance,0.2352941176470588,2
8294,173476,Ancient,Alliance,0.4666666666666667,-10
8295,173564,Ancient,Alliance,0.6190476190476191,-3
8296,173708,Ancient,Alliance,0.3157894736842105,28
8297,174536,Ancient,Alliance,0.65,-31
8298,175386,Ancient,Alliance,0.35,-2
8299,174398,Ancient,Alliance,0.3809523809523809,29
8300,174504,Ancient,Alliance,0.5416666666666666,-37
8301,176247,Ancient,Alliance,0.2352941176470588,37
8302,179993,Ancient,Alliance,0.4347826086956521,24
8303,180668,Ancient,Alliance,0.0,48
8304,180292,Ancient,Alliance,0.5909090909090909,-1
8305,181724,Ancient,Alliance,0.4347826086956521,46
8306,181570,Ancient,Alliance,0.2777777777777778,46
8307,181908,Ancient,Alliance,0.5588235294117647,10
8308,182045,Ancient,Alliance,0.5652173913043478,20
8309,181814,Ancient,Alliance,0.4583333333333333,48
8310,183012,Ancient,Alliance,0.4285714285714285,34
8311,183034,Ancient,Alliance,0.6842105263157895,39
8312,183958,Ancient,Alliance,0.4583333333333333,-2
8313,184410,Ancient,Alliance,0.4583333333333333,54
8314,184681,Ancient,Alliance,0.4583333333333333,-31
8315,184993,Ancient,Alliance,0.6190476190476191,-105
8316,185011,Ancient,Alliance,0.5909090909090909,-88
8317,185131,Ancient,Alliance,0.2777777777777778,75
8318,185877,Ancient,Alliance,0.4090909090909091,-13
8319,187656,Ancient,Alliance,0.5909090909090909,-7
8320,189280,Ancient,Alliance,0.1875,47
8321,190591,Ancient,Alliance,0.65,-80
8322,191425,Ancient,Alliance,0.5652173913043478,3
8323,191489,Ancient,Alliance,0.5909090909090909,70
8324,191659,Ancient,Alliance,0.5277777777777778,83
8325,191579,Ancient,Alliance,0.35,-37
8326,191860,Ancient,Alliance,0.4090909090909091,89
8327,191734,Ancient,Alliance,0.1333333333333333,-6
8328,192012,Ancient,Alliance,0.3157894736842105,85
8329,192181,Ancient,Alliance,0.5517241379310345,56
8330,192546,Ancient,Alliance,0.2352941176470588,87
8331,193738,Ancient,Alliance,0.6190476190476191,77
8332,194811,Ancient,Alliance,0.5652173913043478,55
8333,195404,Ancient,Alliance,0.4482758620689655,37
8334,195491,Ancient,Alliance,0.4666666666666667,31
8335,198889,Ancient,Alliance,0.5416666666666666,-71
8336,199369,Ancient,Alliance,0.7222222222222222,86
8337,198672,Ancient,Alliance,0.4347826086956521,58
8338,200738,Ancient,Alliance,0.8125,-71
8339,202299,Ancient,Alliance,0.5238095238095238,-30
8340,203090,Ancient,Alliance,0.5909090909090909,-16
8341,202919,Ancient,Alliance,0.4583333333333333,-135
8342,203073,Ancient,Alliance,0.7222222222222222,-30
8343,203248,Ancient,Alliance,0.6842105263157895,-135
8344,203457,Ancient,Alliance,0.5319148936170213,-103
8345,204614,Ancient,Alliance,0.5714285714285714,-71
8346,205376,Ancient,Alliance,0.6190476190476191,-91
8347,205685,Ancient,Alliance,0.3809523809523809,-71
8348,205878,Ancient,Alliance,0.7647058823529411,-42
8349,206258,Ancient,Alliance,0.2352941176470588,3
8350,206934,Ancient,Alliance,0.8666666666666667,-27
8351,207312,Ancient,Alliance,0.4347826086956521,-2
8352,207261,Ancient,Alliance,0.7222222222222222,-123
8353,207612,Ancient,Alliance,0.5333333333333333,-26
8354,208437,Ancient,Alliance,0.5909090909090909,-149
8355,208535,Ancient,Alliance,0.6190476190476191,-22
8356,208570,Ancient,Alliance,0.8125,-42
8357,208566,Ancient,Alliance,0.5517241379310345,-19
8358,209891,Ancient,Alliance,0.2352941176470588,-22
8359,210454,Ancient,Alliance,0.3157894736842105,16
8360,210225,Ancient,Alliance,0.6190476190476191,-59
8361,210757,Ancient,Alliance,0.5428571428571428,-44
8362,211253,Ancient,Alliance,0.4583333333333333,16
8363,212629,Ancient,Alliance,0.6190476190476191,-98
8364,213009,Ancient,Alliance,0.8125,-59
8365,213033,Ancient,Alliance,0.8125,-22
8366,213134,Ancient,Alliance,0.3809523809523809,-34
8367,213762,Ancient,Alliance,0.8666666666666667,-3
8368,213811,Ancient,Alliance,0.65,-95
8369,214947,Ancient,Alliance,0.65,-20
8370,215245,Ancient,Alliance,0.5909090909090909,-17
8371,214680,Ancient,Alliance,0.8666666666666667,15
8372,217430,Ancient,Alliance,0.7647058823529411,-43
8373,217448,Ancient,Alliance,0.4583333333333333,-12
8374,218427,Ancient,Alliance,0.3157894736842105,35
8375,218805,Ancient,Alliance,0.2777777777777778,3
8376,219558,Ancient,Alliance,0.4583333333333333,-30
8377,220068,Ancient,Alliance,0.3157894736842105,6
8378,220449,Ancient,Alliance,0.35,-148
8379,222848,Ancient,Alliance,0.8125,48
8380,224101,Ancient,Alliance,0.5714285714285714,-134
8381,224151,Ancient,Alliance,0.5652173913043478,-64
8382,224333,Ancient,Alliance,0.5909090909090909,-16
8383,227384,Ancient,Alliance,0.4090909090909091,-64
8384,226504,Ancient,Alliance,0.7222222222222222,-28
8385,229884,Ancient,Alliance,0.5909090909090909,-7
8386,228418,Ancient,Alliance,0.2352941176470588,-84
8387,166591,Ancient,Alliance,0.3809523809523809,9
8388,171167,Ancient,Alliance,0.409090909090909,-29
8389,173878,Ancient,Alliance,0.5652173913043479,51
8390,200061,Ancient,Alliance,0.5652173913043479,-53
8391,212444,Ancient,Alliance,0.5714285714285715,-56
8392,214251,Ancient,Alliance,0.5428571428571429,-2
8393,164897,Anubis,Alliance,0.5416666666666666,-14
8394,166921,Anubis,Alliance,0.7647058823529411,-19
8395,168307,Anubis,Alliance,0.4090909090909091,-70
8396,168461,Anubis,Alliance,0.35,-47
8397,168475,Anubis,Alliance,0.5909090909090909,-31
8398,168481,Anubis,Alliance,0.6190476190476191,-37
8399,169721,Anubis,Alliance,0.4347826086956521,-26
8400,169763,Anubis,Alliance,0.4482758620689655,-74
8401,170046,Anubis,Alliance,0.1875,-15
8402,171093,Anubis,Alliance,0.9285714285714286,-24
8403,171490,Anubis,Alliance,0.5909090909090909,27
8404,170621,Anubis,Alliance,0.5416666666666666,7
8405,170965,Anubis,Alliance,0.65,28
8406,171346,Anubis,Alliance,0.5652173913043478,-98
8407,171615,Anubis,Alliance,0.5652173913043478,-10
8408,171822,Anubis,Alliance,0.35,-27
8409,171692,Anubis,Alliance,0.4347826086956521,22
8410,172896,Anubis,Alliance,0.2352941176470588,44
8411,173356,Anubis,Alliance,0.65,-22
8412,173184,Anubis,Alliance,0.2352941176470588,30
8413,173663,Anubis,Alliance,0.8125,13
8414,173567,Anubis,Alliance,0.35,-3
8415,173702,Anubis,Alliance,0.4347826086956521,28
8416,174100,Anubis,Alliance,0.1333333333333333,-20
8417,177668,Anubis,Alliance,0.2777777777777778,11
8418,178078,Anubis,Alliance,0.35,71
8419,180656,Anubis,Alliance,0.3809523809523809,48
8420,182039,Anubis,Alliance,0.1333333333333333,20
8421,182729,Anubis,Alliance,0.4285714285714285,61
8422,182982,Anubis,Alliance,0.5909090909090909,55
8423,183007,Anubis,Alliance,0.4482758620689655,34
8424,183287,Anubis,Alliance,0.3157894736842105,65
8425,183185,Anubis,Alliance,0.2777777777777778,24
8426,183347,Anubis,Alliance,0.7222222222222222,31
8427,183963,Anubis,Alliance,0.7222222222222222,-2
8428,185121,Anubis,Alliance,0.4482758620689655,75
8429,188417,Anubis,Alliance,0.5909090909090909,51
8430,188562,Anubis,Alliance,0.4090909090909091,51
8431,188033,Anubis,Alliance,0.4583333333333333,-46
8432,188084,Anubis,Alliance,0.6190476190476191,-41
8433,188185,Anubis,Alliance,0.3809523809523809,-46
8434,191429,Anubis,Alliance,0.7222222222222222,3
8435,191551,Anubis,Alliance,0.65,-6
8436,191644,Anubis,Alliance,0.2777777777777778,82
8437,191682,Anubis,Alliance,0.5652173913043478,43
8438,191726,Anubis,Alliance,0.6842105263157895,-6
8439,191893,Anubis,Alliance,0.4583333333333333,36
8440,193582,Anubis,Alliance,0.4482758620689655,30
8441,193742,Anubis,Alliance,0.5416666666666666,77
8442,193869,Anubis,Alliance,0.2352941176470588,21
8443,195835,Anubis,Alliance,0.4583333333333333,22
8444,195262,Anubis,Alliance,0.2777777777777778,22
8445,195866,Anubis,Alliance,0.4583333333333333,33
8446,199804,Anubis,Alliance,0.8666666666666667,48
8447,200131,Anubis,Alliance,0.5909090909090909,-46
8448,201583,Anubis,Alliance,0.4347826086956521,34
8449,202399,Anubis,Alliance,0.6842105263157895,-24
8450,203013,Anubis,Alliance,0.3157894736842105,-110
8451,219492,Anubis,Alliance,0.5652173913043478,-80
8452,220478,Anubis,Alliance,0.4583333333333333,-3
8453,219221,Anubis,Alliance,0.4666666666666667,-108
8454,219115,Anubis,Alliance,0.5517241379310345,-110
8455,219818,Anubis,Alliance,0.5416666666666666,-8
8456,220324,Anubis,Alliance,0.6190476190476191,-7
8457,220429,Anubis,Alliance,0.65,-148
8458,223111,Anubis,Alliance,0.4722222222222222,-19
8459,222636,Anubis,Alliance,0.7222222222222222,37
8460,224124,Anubis,Alliance,0.8125,20
8461,224160,Anubis,Alliance,0.5652173913043478,-64
8462,224213,Anubis,Alliance,0.5333333333333333,47
8463,224824,Anubis,Alliance,0.4583333333333333,35
8464,224903,Anubis,Alliance,0.6190476190476191,17
8465,224938,Anubis,Alliance,0.5909090909090909,29
8466,225067,Anubis,Alliance,0.5909090909090909,19
8467,225137,Anubis,Alliance,0.8666666666666667,-4
8468,225265,Anubis,Alliance,0.5416666666666666,2
8469,227052,Anubis,Alliance,0.65,-84
8470,226616,Anubis,Alliance,1.0,-122
8471,226874,Anubis,Alliance,0.6842105263157895,-104
8472,228425,Anubis,Alliance,0.35,-84
8473,230170,Anubis,Alliance,0.3809523809523809,8
8474,171163,Anubis,Alliance,0.65,-29
8475,173863,Anubis,Alliance,0.0714285714285714,51
8476,182319,Anubis,Alliance,0.5909090909090908,43
8477,189376,Anubis,Alliance,0.3157894736842105,4
8478,193111,Anubis,Alliance,0.3157894736842105,52
8479,222729,Anubis,Alliance,0.4411764705882353,27
8480,174495,Dust2,Alliance,0.5909090909090909,-37
8481,176612,Dust2,Alliance,0.65,3
8482,177645,Dust2,Alliance,0.4666666666666667,11
8483,178022,Dust2,Alliance,0.1333333333333333,77
8484,180621,Dust2,Alliance,0.3157894736842105,-12
8485,180287,Dust2,Alliance,0.5416666666666666,-1
8486,181722,Dust2,Alliance,0.3809523809523809,46
8487,181575,Dust2,Alliance,0.4482758620689655,46
8488,182722,Dust2,Alliance,0.3809523809523809,61
8489,183039,Dust2,Alliance,0.6190476190476191,39
8490,183295,Dust2,Alliance,0.1875,65
8491,183354,Dust2,Alliance,0.4347826086956521,31
8492,183880,Dust2,Alliance,0.4583333333333333,-29
8493,183966,Dust2,Alliance,0.1875,-2
8494,185463,Dust2,Alliance,0.4722222222222222,32
8495,187700,Dust2,Alliance,0.3809523809523809,57
8496,189046,Dust2,Alliance,0.5416666666666666,-47
8497,190600,Dust2,Alliance,0.6190476190476191,-80
8498,191546,Dust2,Alliance,0.4347826086956521,-6
8499,192002,Dust2,Alliance,0.2352941176470588,85
8500,191898,Dust2,Alliance,0.1875,36
8501,193055,Dust2,Alliance,0.5416666666666666,65
8502,193734,Dust2,Alliance,0.1333333333333333,77
8503,194786,Dust2,Alliance,0.4347826086956521,55
8504,195387,Dust2,Alliance,0.4583333333333333,37
8505,195494,Dust2,Alliance,0.5652173913043478,31
8506,195738,Dust2,Alliance,0.1875,2
8507,198807,Dust2,Alliance,0.4285714285714285,39
8508,198856,Dust2,Alliance,0.6190476190476191,26
8509,201579,Dust2,Alliance,0.3157894736842105,34
8510,202420,Dust2,Alliance,0.4583333333333333,-6
8511,203109,Dust2,Alliance,0.5428571428571428,-16
8512,202703,Dust2,Alliance,0.8125,-67
8513,203246,Dust2,Alliance,0.9285714285714286,-135
8514,203450,Dust2,Alliance,0.5416666666666666,-103
8515,203717,Dust2,Alliance,0.4347826086956521,-58
8516,204756,Dust2,Alliance,0.7222222222222222,-52
8517,204627,Dust2,Alliance,0.3157894736842105,-71
8518,205093,Dust2,Alliance,0.3157894736842105,17
8519,205566,Dust2,Alliance,0.5333333333333333,-72
8520,205218,Dust2,Alliance,0.3157894736842105,-12
8521,205552,Dust2,Alliance,0.5909090909090909,-46
8522,205693,Dust2,Alliance,0.5909090909090909,-71
8523,205812,Dust2,Alliance,0.3809523809523809,-46
8524,205881,Dust2,Alliance,0.7222222222222222,-42
8525,206084,Dust2,Alliance,0.5909090909090909,-4
8526,206233,Dust2,Alliance,0.4285714285714285,3
8527,207328,Dust2,Alliance,0.5333333333333333,-2
8528,207998,Dust2,Alliance,0.3157894736842105,-29
8529,208119,Dust2,Alliance,0.5909090909090909,7
8530,208410,Dust2,Alliance,0.8125,-22
8531,208545,Dust2,Alliance,0.3157894736842105,-22
8532,208464,Dust2,Alliance,0.3157894736842105,-54
8533,209886,Dust2,Alliance,0.1875,-22
8534,210859,Dust2,Alliance,0.5909090909090909,-24
8535,211002,Dust2,Alliance,0.65,10
8536,213758,Dust2,Alliance,0.8666666666666667,-3
8537,214945,Dust2,Alliance,0.4347826086956521,-20
8538,215063,Dust2,Alliance,0.5185185185185185,-11
8539,214720,Dust2,Alliance,0.4482758620689655,15
8540,217441,Dust2,Alliance,0.3157894736842105,-12
8541,219802,Dust2,Alliance,0.7647058823529411,-75
8542,219905,Dust2,Alliance,0.5652173913043478,11
8543,220484,Dust2,Alliance,0.6842105263157895,-3
8544,220624,Dust2,Alliance,0.2352941176470588,-33
8545,218670,Dust2,Alliance,0.5652173913043478,-8
8546,224407,Dust2,Alliance,0.5909090909090909,20
8547,224660,Dust2,Alliance,0.7647058823529411,-36
8548,224872,Dust2,Alliance,0.65,17
8549,226876,Dust2,Alliance,0.5909090909090909,-104
8550,229584,Dust2,Alliance,0.5652173913043478,-37
8551,229766,Dust2,Alliance,0.2777777777777778,-7
8552,228379,Dust2,Alliance,0.5517241379310345,-44
8553,185089,Dust2,Alliance,0.1333333333333333,90
8554,201512,Dust2,Alliance,0.3157894736842105,24
8555,203679,Dust2,Alliance,0.4583333333333333,-34
8556,212436,Dust2,Alliance,0.4583333333333333,-56
8557,214239,Dust2,Alliance,0.0714285714285714,-2
8558,222738,Dust2,Alliance,0.6190476190476191,27
8559,164522,Inferno,Alliance,0.4482758620689655,-34
8560,164786,Inferno,Alliance,0.5277777777777778,-35
8561,165379,Inferno,Alliance,0.65,-13
8562,166214,Inferno,Alliance,0.5652173913043478,12
8563,166362,Inferno,Alliance,0.6190476190476191,-46
8564,166720,Inferno,Alliance,0.6190476190476191,-26
8565,167039,Inferno,Alliance,0.8666666666666667,-43
8566,166807,Inferno,Alliance,0.2352941176470588,-22
8567,167388,Inferno,Alliance,0.9285714285714286,-26
8568,167726,Inferno,Alliance,0.4285714285714285,12
8569,167463,Inferno,Alliance,0.4090909090909091,-81
8570,167506,Inferno,Alliance,0.4666666666666667,16
8571,167572,Inferno,Alliance,0.7222222222222222,38
8572,168060,Inferno,Alliance,0.4583333333333333,12
8573,168476,Inferno,Alliance,0.6842105263157895,-31
8574,169559,Inferno,Alliance,0.3809523809523809,-2
8575,171612,Inferno,Alliance,0.5909090909090909,-10
8576,171891,Inferno,Alliance,0.4722222222222222,-32
8577,172772,Inferno,Alliance,0.4347826086956521,43
8578,172953,Inferno,Alliance,0.1875,30
8579,173025,Inferno,Alliance,0.5652173913043478,2
8580,173363,Inferno,Alliance,0.5652173913043478,-22
8581,173173,Inferno,Alliance,0.5333333333333333,30
8582,173144,Inferno,Alliance,0.6190476190476191,-93
8583,173677,Inferno,Alliance,0.3157894736842105,13
8584,173558,Inferno,Alliance,0.1875,14
8585,174217,Inferno,Alliance,0.4090909090909091,45
8586,174170,Inferno,Alliance,0.5416666666666666,29
8587,175377,Inferno,Alliance,0.4583333333333333,-2
8588,174396,Inferno,Alliance,0.35,29
8589,174612,Inferno,Alliance,0.3809523809523809,29
8590,177657,Inferno,Alliance,0.6190476190476191,11
8591,178067,Inferno,Alliance,0.4347826086956521,71
8592,179999,Inferno,Alliance,0.4347826086956521,24
8593,180665,Inferno,Alliance,0.5416666666666666,48
8594,180467,Inferno,Alliance,0.4583333333333333,47
8595,181235,Inferno,Alliance,0.5652173913043478,53
8596,181886,Inferno,Alliance,0.5517241379310345,10
8597,181818,Inferno,Alliance,0.6190476190476191,48
8598,182986,Inferno,Alliance,0.5517241379310345,55
8599,183272,Inferno,Alliance,0.5333333333333333,65
8600,183340,Inferno,Alliance,0.4666666666666667,31
8601,183865,Inferno,Alliance,0.4285714285714285,-29
8602,184398,Inferno,Alliance,0.65,54
8603,184682,Inferno,Alliance,0.5909090909090909,-31
8604,185117,Inferno,Alliance,0.5909090909090909,75
8605,185453,Inferno,Alliance,0.65,32
8606,185868,Inferno,Alliance,0.4482758620689655,-13
8607,187654,Inferno,Alliance,0.4666666666666667,-7
8608,188414,Inferno,Alliance,0.4347826086956521,51
8609,188549,Inferno,Alliance,0.6190476190476191,51
8610,188034,Inferno,Alliance,0.2352941176470588,-46
8611,188077,Inferno,Alliance,0.6842105263157895,-41
8612,188186,Inferno,Alliance,0.2777777777777778,-46
8613,189040,Inferno,Alliance,0.5416666666666666,-47
8614,190594,Inferno,Alliance,0.35,-80
8615,191147,Inferno,Alliance,0.4090909090909091,44
8616,191480,Inferno,Alliance,0.4285714285714285,70
8617,191640,Inferno,Alliance,0.3809523809523809,82
8618,191689,Inferno,Alliance,0.65,43
8619,191802,Inferno,Alliance,0.2352941176470588,64
8620,191664,Inferno,Alliance,0.8666666666666667,83
8621,191849,Inferno,Alliance,0.2777777777777778,89
8622,193049,Inferno,Alliance,0.5416666666666666,65
8623,193294,Inferno,Alliance,0.5416666666666666,38
8624,193591,Inferno,Alliance,0.6842105263157895,30
8625,193857,Inferno,Alliance,0.7647058823529411,21
8626,194802,Inferno,Alliance,0.5652173913043478,55
8627,195396,Inferno,Alliance,0.6190476190476191,37
8628,195827,Inferno,Alliance,0.1333333333333333,22
8629,195155,Inferno,Alliance,0.5333333333333333,39
8630,195259,Inferno,Alliance,0.65,22
8631,195740,Inferno,Alliance,0.3809523809523809,2
8632,195853,Inferno,Alliance,0.2352941176470588,33
8633,196687,Inferno,Alliance,0.6190476190476191,39
8634,198696,Inferno,Alliance,0.6842105263157895,57
8635,198814,Inferno,Alliance,0.4583333333333333,39
8636,198894,Inferno,Alliance,0.5909090909090909,-71
8637,199354,Inferno,Alliance,0.65,86
8638,198662,Inferno,Alliance,0.5416666666666666,58
8639,200263,Inferno,Alliance,0.35,80
8640,200315,Inferno,Alliance,0.65,39
8641,200321,Inferno,Alliance,0.6842105263157895,80
8642,202307,Inferno,Alliance,0.5416666666666666,-30
8643,202933,Inferno,Alliance,0.5652173913043478,-135
8644,203076,Inferno,Alliance,0.8666666666666667,-30
8645,203251,Inferno,Alliance,0.65,-135
8646,203498,Inferno,Alliance,0.4583333333333333,14
8647,204341,Inferno,Alliance,0.8666666666666667,-82
8648,205151,Inferno,Alliance,0.5909090909090909,-82
8649,204668,Inferno,Alliance,0.65,-20
8650,205774,Inferno,Alliance,0.7222222222222222,-123
8651,205378,Inferno,Alliance,0.7647058823529411,-91
8652,205205,Inferno,Alliance,0.5277777777777778,-12
8653,205809,Inferno,Alliance,0.5416666666666666,-46
8654,206249,Inferno,Alliance,0.5517241379310345,3
8655,207625,Inferno,Alliance,0.7647058823529411,-26
8656,207591,Inferno,Alliance,0.5517241379310345,-54
8657,208109,Inferno,Alliance,0.35,7
8658,208418,Inferno,Alliance,0.6842105263157895,-22
8659,208541,Inferno,Alliance,0.4090909090909091,-22
8660,208448,Inferno,Alliance,0.65,-54
8661,208760,Inferno,Alliance,0.6842105263157895,-54
8662,208946,Inferno,Alliance,0.5909090909090909,-54
8663,210441,Inferno,Alliance,0.5428571428571428,16
8664,210507,Inferno,Alliance,0.7647058823529411,-6
8665,210872,Inferno,Alliance,0.5909090909090909,-24
8666,211007,Inferno,Alliance,0.65,10
8667,211109,Inferno,Alliance,0.7647058823529411,-6
8668,211250,Inferno,Alliance,0.6842105263157895,16
8669,212456,Inferno,Alliance,0.6842105263157895,-85
8670,212807,Inferno,Alliance,0.7647058823529411,-85
8671,212425,Inferno,Alliance,0.9285714285714286,-121
8672,212998,Inferno,Alliance,0.6190476190476191,-58
8673,213579,Inferno,Alliance,0.5714285714285714,-95
8674,213802,Inferno,Alliance,0.5909090909090909,-95
8675,217480,Inferno,Alliance,0.65,-96
8676,219914,Inferno,Alliance,0.5652173913043478,11
8677,220468,Inferno,Alliance,0.5652173913043478,-3
8678,220610,Inferno,Alliance,0.4482758620689655,-33
8679,218675,Inferno,Alliance,0.7647058823529411,-8
8680,218811,Inferno,Alliance,0.7222222222222222,3
8681,219213,Inferno,Alliance,0.8666666666666667,-108
8682,219585,Inferno,Alliance,0.5652173913043478,-30
8683,219704,Inferno,Alliance,0.65,-44
8684,219829,Inferno,Alliance,0.6842105263157895,-8
8685,220078,Inferno,Alliance,0.7222222222222222,6
8686,220437,Inferno,Alliance,0.3809523809523809,-148
8687,223120,Inferno,Alliance,0.3157894736842105,-19
8688,222621,Inferno,Alliance,0.4666666666666667,-69
8689,222840,Inferno,Alliance,0.3157894736842105,48
8690,224135,Inferno,Alliance,0.4666666666666667,20
8691,224218,Inferno,Alliance,0.65,47
8692,224325,Inferno,Alliance,0.8666666666666667,-16
8693,224391,Inferno,Alliance,0.6842105263157895,20
8694,224672,Inferno,Alliance,0.6190476190476191,-36
8695,224948,Inferno,Alliance,0.5517241379310345,29
8696,225045,Inferno,Alliance,0.1333333333333333,19
8697,225273,Inferno,Alliance,0.1333333333333333,2
8698,227404,Inferno,Alliance,0.4347826086956521,-64
8699,229834,Inferno,Alliance,0.65,-37
8700,229864,Inferno,Alliance,0.5238095238095238,-7
8701,228374,Inferno,Alliance,0.65,-44
8702,182332,Inferno,Alliance,0.6190476190476191,43
8703,185079,Inferno,Alliance,0.4482758620689655,90
8704,189373,Inferno,Alliance,0.2352941176470588,4
8705,197611,Inferno,Alliance,0.2352941176470588,66
8706,201501,Inferno,Alliance,0.2777777777777778,24
8707,212441,Inferno,Alliance,0.5416666666666667,-56
8708,215481,Inferno,Alliance,0.4347826086956522,-2
8709,164518,Mirage,Alliance,0.4347826086956521,-34
8710,164793,Mirage,Alliance,0.5416666666666666,-35
8711,164892,Mirage,Alliance,0.4347826086956521,-14
8712,166359,Mirage,Alliance,0.2352941176470588,-46
8713,166935,Mirage,Alliance,0.4583333333333333,-19
8714,167392,Mirage,Alliance,0.6842105263157895,-26
8715,168312,Mirage,Alliance,0.9285714285714286,-70
8716,168495,Mirage,Alliance,0.3157894736842105,-23
8717,169717,Mirage,Alliance,0.2352941176470588,-26
8718,171495,Mirage,Alliance,0.5517241379310345,27
8719,172993,Mirage,Alliance,0.3157894736842105,44
8720,171821,Mirage,Alliance,0.3157894736842105,-27
8721,171697,Mirage,Alliance,0.6190476190476191,22
8722,172777,Mirage,Alliance,0.5909090909090909,43
8723,172897,Mirage,Alliance,0.0714285714285714,44
8724,173194,Mirage,Alliance,0.3809523809523809,30
8725,173033,Mirage,Alliance,0.1875,-35
8726,173147,Mirage,Alliance,0.65,-93
8727,173684,Mirage,Alliance,0.35,13
8728,174221,Mirage,Alliance,0.4090909090909091,45
8729,174166,Mirage,Alliance,0.5652173913043478,29
8730,174391,Mirage,Alliance,0.5517241379310345,29
8731,174499,Mirage,Alliance,0.35,-37
8732,174606,Mirage,Alliance,0.3809523809523809,29
8733,176248,Mirage,Alliance,0.3809523809523809,37
8734,177601,Mirage,Alliance,0.5652173913043478,-41
8735,181241,Mirage,Alliance,0.5416666666666666,53
8736,182036,Mirage,Alliance,0.5652173913043478,20
8737,181824,Mirage,Alliance,0.35,48
8738,183879,Mirage,Alliance,0.5416666666666666,-29
8739,184405,Mirage,Alliance,0.4090909090909091,54
8740,185460,Mirage,Alliance,0.4583333333333333,32
8741,185861,Mirage,Alliance,0.5909090909090909,-13
8742,187647,Mirage,Alliance,0.5909090909090909,-7
8743,188419,Mirage,Alliance,0.2352941176470588,51
8744,188556,Mirage,Alliance,0.35,51
8745,204337,Mirage,Alliance,0.5416666666666666,-82
8746,218729,Mirage,Alliance,0.4347826086956521,11
8747,218818,Mirage,Alliance,0.2777777777777778,-4
8748,191485,Nuke,Alliance,0.5652173913043478,70
8749,191540,Nuke,Alliance,0.6842105263157895,-6
8750,191635,Nuke,Alliance,0.65,82
8751,191581,Nuke,Alliance,0.3809523809523809,-37
8752,191740,Nuke,Alliance,0.4583333333333333,-6
8753,192176,Nuke,Alliance,0.5909090909090909,56
8754,193307,Nuke,Alliance,0.4347826086956521,38
8755,193865,Nuke,Alliance,0.0714285714285714,21
8756,195830,Nuke,Alliance,0.5517241379310345,22
8757,195149,Nuke,Alliance,0.2777777777777778,39
8758,195255,Nuke,Alliance,0.4347826086956521,22
8759,195493,Nuke,Alliance,0.65,31
8760,196682,Nuke,Alliance,0.3809523809523809,39
8761,198700,Nuke,Alliance,0.35,57
8762,198780,Nuke,Alliance,0.7222222222222222,-71
8763,199361,Nuke,Alliance,0.3157894736842105,86
8764,198666,Nuke,Alliance,0.3157894736842105,58
8765,198863,Nuke,Alliance,0.35,26
8766,200120,Nuke,Alliance,0.4347826086956521,-46
8767,200264,Nuke,Alliance,0.35,80
8768,200310,Nuke,Alliance,0.7222222222222222,39
8769,200325,Nuke,Alliance,0.4090909090909091,80
8770,201405,Nuke,Alliance,0.9285714285714286,7
8771,201472,Nuke,Alliance,0.5652173913043478,33
8772,202424,Nuke,Alliance,0.8125,-6
8773,202401,Nuke,Alliance,0.5416666666666666,-24
8774,202692,Nuke,Alliance,0.4411764705882353,-67
8775,203017,Nuke,Alliance,0.6842105263157895,-110
8776,203341,Nuke,Alliance,0.5909090909090909,-39
8777,203433,Nuke,Alliance,0.3809523809523809,14
8778,203481,Nuke,Alliance,0.65,-39
8779,203496,Nuke,Alliance,0.5652173913043478,14
8780,204760,Nuke,Alliance,0.0714285714285714,-52
8781,205156,Nuke,Alliance,0.5909090909090909,-82
8782,205560,Nuke,Alliance,0.5909090909090909,-72
8783,205548,Nuke,Alliance,0.8125,-46
8784,205681,Nuke,Alliance,0.6842105263157895,-71
8785,205803,Nuke,Alliance,0.8125,-46
8786,206082,Nuke,Alliance,0.5909090909090909,-4
8787,207032,Nuke,Alliance,0.4090909090909091,-72
8788,206921,Nuke,Alliance,0.5277777777777778,-27
8789,207881,Nuke,Alliance,0.5652173913043478,-44
8790,208007,Nuke,Alliance,0.35,-29
8791,208554,Nuke,Alliance,0.35,-19
8792,210027,Nuke,Alliance,0.5517241379310345,-23
8793,209227,Nuke,Alliance,0.3157894736842105,-46
8794,210436,Nuke,Alliance,0.3809523809523809,16
8795,210213,Nuke,Alliance,0.6190476190476191,-59
8796,210519,Nuke,Alliance,0.4583333333333333,-6
8797,211245,Nuke,Alliance,0.3809523809523809,16
8798,212451,Nuke,Alliance,0.65,-85
8799,212812,Nuke,Alliance,0.8125,-85
8800,214152,Nuke,Alliance,0.65,-32
8801,215237,Nuke,Alliance,0.4347826086956521,-17
8802,214703,Nuke,Alliance,0.4583333333333333,15
8803,217361,Nuke,Alliance,0.8125,-134
8804,217417,Nuke,Alliance,0.5277777777777778,-43
8805,217484,Nuke,Alliance,0.5416666666666666,-96
8806,219479,Nuke,Alliance,0.3809523809523809,-80
8807,219928,Nuke,Alliance,0.6190476190476191,-36
8808,218433,Nuke,Alliance,0.4347826086956521,35
8809,219206,Nuke,Alliance,0.3809523809523809,-108
8810,219429,Nuke,Alliance,0.35,-22
8811,219691,Nuke,Alliance,0.5909090909090909,-44
8812,222824,Nuke,Alliance,0.2352941176470588,38
8813,222852,Nuke,Alliance,0.5652173913043478,48
8814,224145,Nuke,Alliance,0.3157894736842105,20
8815,224840,Nuke,Alliance,0.3809523809523809,35
8816,227049,Nuke,Alliance,0.5416666666666666,-84
8817,226869,Nuke,Alliance,0.35,-104
8818,229574,Nuke,Alliance,0.9285714285714286,-37
8819,229755,Nuke,Alliance,0.3809523809523809,-7
8820,229830,Nuke,Alliance,0.5909090909090909,-37
8821,228366,Nuke,Alliance,0.1875,-44
8822,230181,Nuke,Alliance,0.3157894736842105,8
8823,193109,Nuke,Alliance,0.3157894736842105,52
8824,197626,Nuke,Alliance,0.4583333333333333,66
8825,203684,Nuke,Alliance,0.3157894736842105,-34
8826,215478,Nuke,Alliance,0.4666666666666667,-2
8827,222714,Nuke,Alliance,0.6842105263157895,27
8828,216977,Ancient,magic,0.65,-75
8829,217402,Ancient,magic,0.6842105263157895,7
8830,218217,Ancient,magic,0.5652173913043478,21
8831,220389,Ancient,magic,0.5333333333333333,-23
8832,222251,Ancient,magic,0.4347826086956521,-49
8833,227169,Ancient,magic,0.3157894736842105,-27
8834,228510,Ancient,magic,0.4583333333333333,27
8835,218332,Ancient,magic,0.8666666666666667,37
8836,218393,Ancient,magic,0.2777777777777778,-13
8837,218424,Ancient,magic,0.5416666666666667,40
8838,218905,Ancient,magic,0.7222222222222222,-120
8839,219091,Ancient,magic,0.3157894736842105,46
8840,221435,Ancient,magic,0.5652173913043479,27
8841,221571,Ancient,magic,0.4666666666666667,5
8842,224901,Ancient,magic,0.5909090909090908,10
8843,225300,Ancient,magic,0.5909090909090908,14
8844,225499,Ancient,magic,0.409090909090909,14
8845,223722,Ancient,magic,0.65,-185
8846,225815,Ancient,magic,0.8666666666666667,-128
8847,228988,Ancient,magic,0.5416666666666667,28
8848,229071,Ancient,magic,0.35,41
8849,218023,Anubis,magic,0.6190476190476191,-48
8850,218984,Anubis,magic,0.9285714285714286,-109
8851,219555,Anubis,magic,0.7222222222222222,3
8852,223740,Anubis,magic,0.5652173913043478,4
8853,227150,Anubis,magic,0.4090909090909091,-27
8854,218388,Anubis,magic,0.5416666666666667,-13
8855,225560,Anubis,magic,0.6842105263157895,14
8856,225923,Anubis,magic,0.4347826086956522,19
8857,216981,Dust2,magic,0.5416666666666666,-75
8858,218239,Dust2,magic,0.6190476190476191,21
8859,220378,Dust2,magic,0.4583333333333333,-23
8860,221321,Dust2,magic,0.5652173913043478,-10
8861,222260,Dust2,magic,0.2352941176470588,-49
8862,228517,Dust2,magic,0.35,27
8863,217752,Dust2,magic,0.5909090909090908,-3
8864,218163,Dust2,magic,0.1875,1
8865,217716,Dust2,magic,0.4761904761904761,-37
8866,218892,Dust2,magic,0.6842105263157895,-120
8867,221451,Dust2,magic,0.5652173913043479,27
8868,225282,Dust2,magic,0.5652173913043479,14
8869,225528,Dust2,magic,0.5714285714285715,14
8870,225681,Dust2,magic,0.6842105263157895,-22
8871,225908,Dust2,magic,0.3157894736842105,19
8872,227998,Dust2,magic,0.7647058823529412,-35
8873,228701,Dust2,magic,0.2352941176470588,22
8874,228981,Dust2,magic,0.5909090909090908,28
8875,229076,Dust2,magic,0.2777777777777778,41
8876,217854,Inferno,magic,0.4347826086956521,26
8877,221308,Inferno,magic,0.5652173913043478,-10
8878,228411,Inferno,magic,0.2352941176470588,38
8879,229121,Inferno,magic,0.35,35
8880,218009,Inferno,magic,0.65,-4
8881,217702,Inferno,magic,0.7647058823529412,-37
8882,218400,Inferno,magic,0.5416666666666667,-13
8883,219098,Inferno,magic,0.3157894736842105,46
8884,224871,Inferno,magic,0.3809523809523809,10
8885,225810,Inferno,magic,0.7222222222222222,-128
8886,228105,Inferno,magic,0.5365853658536586,10
8887,228706,Inferno,magic,0.6842105263157895,22
8888,228818,Inferno,magic,0.5517241379310345,10
8889,217859,Mirage,magic,0.3809523809523809,26
8890,218017,Mirage,magic,0.6842105263157895,-48
8891,218230,Mirage,magic,0.35,21
8892,218991,Mirage,magic,0.5909090909090909,-109
8893,220398,Mirage,magic,0.1875,-23
8894,219533,Mirage,magic,0.4634146341463415,3
8895,223760,Mirage,magic,0.5588235294117647,4
8896,227159,Mirage,magic,0.5416666666666666,-27
8897,227782,Mirage,magic,0.7222222222222222,9
8898,228404,Mirage,magic,0.4791666666666667,38
8899,229116,Mirage,magic,0.1333333333333333,35
8900,218006,Mirage,magic,0.4583333333333333,-4
8901,218161,Mirage,magic,0.2352941176470588,1
8902,217723,Mirage,magic,0.7222222222222222,-37
8903,218336,Mirage,magic,0.7222222222222222,37
8904,218413,Mirage,magic,0.4285714285714286,40
8905,221549,Mirage,magic,0.5517241379310345,5
8906,224885,Mirage,magic,0.6190476190476191,10
8907,225516,Mirage,magic,0.409090909090909,14
8908,225666,Mirage,magic,0.7647058823529412,-22
8909,225881,Mirage,magic,0.35,31
8910,225918,Mirage,magic,0.5652173913043479,19
8911,227992,Mirage,magic,0.8666666666666667,-35
8912,228099,Mirage,magic,0.5428571428571429,10
8913,228599,Mirage,magic,0.5909090909090908,-10
8914,228697,Mirage,magic,0.6190476190476191,22
8915,228817,Mirage,magic,0.7222222222222222,10
8916,228984,Mirage,magic,0.1333333333333333,28
8917,167185,Ancient,GamerLegion,0.4090909090909091,-14
8918,167230,Ancient,GamerLegion,0.35,2
8919,167391,Ancient,GamerLegion,0.4347826086956521,-129
8920,170032,Ancient,GamerLegion,0.7222222222222222,7
8921,170103,Ancient,GamerLegion,0.3157894736842105,11
8922,172656,Ancient,GamerLegion,0.5652173913043478,-133
8923,173616,Ancient,GamerLegion,0.6842105263157895,-39
8924,176640,Ancient,GamerLegion,0.4347826086956521,-66
8925,182359,Ancient,GamerLegion,0.0,-28
8926,182809,Ancient,GamerLegion,0.2777777777777778,3
8927,183519,Ancient,GamerLegion,0.65,-12
8928,183229,Ancient,GamerLegion,0.4090909090909091,-70
8929,188316,Ancient,GamerLegion,0.5416666666666666,-37
8930,188369,Ancient,GamerLegion,0.5909090909090909,-7
8931,188978,Ancient,GamerLegion,0.5909090909090909,-7
8932,189189,Ancient,GamerLegion,0.5652173913043478,-2
8933,191669,Ancient,GamerLegion,0.3157894736842105,16
8934,191994,Ancient,GamerLegion,0.4482758620689655,-25
8935,192331,Ancient,GamerLegion,0.4583333333333333,-54
8936,193955,Ancient,GamerLegion,0.6842105263157895,-5
8937,194788,Ancient,GamerLegion,0.5588235294117647,-11
8938,194975,Ancient,GamerLegion,0.6190476190476191,-7
8939,197332,Ancient,GamerLegion,0.65,-17
8940,197408,Ancient,GamerLegion,0.65,4
8941,197777,Ancient,GamerLegion,0.7222222222222222,-3
8942,199486,Ancient,GamerLegion,0.4090909090909091,-65
8943,203070,Ancient,GamerLegion,0.6190476190476191,-15
8944,203154,Ancient,GamerLegion,0.65,-33
8945,203625,Ancient,GamerLegion,0.5416666666666666,1
8946,206014,Ancient,GamerLegion,0.5909090909090909,-5
8947,207412,Ancient,GamerLegion,0.2352941176470588,-2
8948,209147,Ancient,GamerLegion,0.1875,-198
8949,209926,Ancient,GamerLegion,0.5416666666666666,14
8950,212062,Ancient,GamerLegion,0.4666666666666667,-21
8951,212263,Ancient,GamerLegion,0.3809523809523809,-5
8952,214556,Ancient,GamerLegion,0.4285714285714285,-17
8953,216156,Ancient,GamerLegion,0.65,-22
8954,218554,Ancient,GamerLegion,0.4347826086956521,-2
8955,220220,Ancient,GamerLegion,0.5517241379310345,-123
8956,225370,Ancient,GamerLegion,0.5416666666666666,-7
8957,227841,Ancient,GamerLegion,0.2352941176470588,18
8958,228795,Ancient,GamerLegion,0.9285714285714286,12
8959,229092,Ancient,GamerLegion,0.5909090909090909,-3
8960,164598,Ancient,GamerLegion,0.4583333333333333,5
8961,167451,Ancient,GamerLegion,0.3809523809523809,9
8962,167757,Ancient,GamerLegion,0.409090909090909,-3
8963,169560,Ancient,GamerLegion,0.5517241379310345,16
8964,169665,Ancient,GamerLegion,0.2777777777777778,16
8965,170852,Ancient,GamerLegion,0.65,-20
8966,170893,Ancient,GamerLegion,0.3809523809523809,-8
8967,171596,Ancient,GamerLegion,0.3157894736842105,-3
8968,172694,Ancient,GamerLegion,0.4666666666666667,-68
8969,174605,Ancient,GamerLegion,0.6842105263157895,9
8970,175746,Ancient,GamerLegion,0.5416666666666667,-8
8971,176047,Ancient,GamerLegion,0.5277777777777778,-5
8972,177221,Ancient,GamerLegion,0.5416666666666667,-53
8973,184091,Ancient,GamerLegion,0.5517241379310345,-39
8974,185000,Ancient,GamerLegion,0.3809523809523809,-68
8975,185073,Ancient,GamerLegion,0.5517241379310345,4
8976,185214,Ancient,GamerLegion,0.5416666666666667,8
8977,185733,Ancient,GamerLegion,0.7222222222222222,-51
8978,185824,Ancient,GamerLegion,0.6842105263157895,2
8979,185914,Ancient,GamerLegion,0.5416666666666667,-12
8980,188370,Ancient,GamerLegion,0.4285714285714286,6
8981,197511,Ancient,GamerLegion,0.35,5
8982,198033,Ancient,GamerLegion,0.7647058823529412,2
8983,198139,Ancient,GamerLegion,0.2777777777777778,-7
8984,200016,Ancient,GamerLegion,0.5909090909090908,-3
8985,200179,Ancient,GamerLegion,0.5416666666666667,2
8986,200286,Ancient,GamerLegion,0.3809523809523809,6
8987,203352,Ancient,GamerLegion,0.35,-14
8988,206342,Ancient,GamerLegion,0.4583333333333333,-24
8989,207910,Ancient,GamerLegion,0.1333333333333333,2
8990,209358,Ancient,GamerLegion,0.5909090909090908,-4
8991,218398,Ancient,GamerLegion,0.8125,-52
8992,225091,Ancient,GamerLegion,0.6842105263157895,-21
8993,225521,Ancient,GamerLegion,0.35,8
8994,228902,Ancient,GamerLegion,0.6190476190476191,5
8995,175007,Anubis,GamerLegion,0.4583333333333333,17
8996,180019,Anubis,GamerLegion,0.5652173913043478,27
8997,181680,Anubis,GamerLegion,0.35,-28
8998,182348,Anubis,GamerLegion,0.5277777777777778,-28
8999,181893,Anubis,GamerLegion,0.4482758620689655,-48
9000,181648,Anubis,GamerLegion,0.5909090909090909,-28
9001,182093,Anubis,GamerLegion,0.2352941176470588,-18
9002,183415,Anubis,GamerLegion,0.5416666666666666,-6
9003,183633,Anubis,GamerLegion,0.4571428571428571,3
9004,184036,Anubis,GamerLegion,0.6842105263157895,-8
9005,184147,Anubis,GamerLegion,0.5652173913043478,-4
9006,186180,Anubis,GamerLegion,0.35,-8
9007,188314,Anubis,GamerLegion,0.2777777777777778,-37
9008,188927,Anubis,GamerLegion,0.1333333333333333,11
9009,189190,Anubis,GamerLegion,0.7222222222222222,-2
9010,191665,Anubis,GamerLegion,0.5416666666666666,16
9011,197319,Anubis,GamerLegion,0.5416666666666666,-17
9012,197789,Anubis,GamerLegion,0.35,-3
9013,220284,Anubis,GamerLegion,0.5652173913043478,-30
9014,229170,Anubis,GamerLegion,0.4090909090909091,12
9015,172710,Anubis,GamerLegion,0.2777777777777778,-68
9016,175752,Anubis,GamerLegion,0.3809523809523809,-8
9017,176111,Anubis,GamerLegion,0.4347826086956522,19
9018,177234,Anubis,GamerLegion,0.6842105263157895,-53
9019,178050,Anubis,GamerLegion,0.5333333333333333,-51
9020,180114,Anubis,GamerLegion,0.3809523809523809,14
9021,181545,Anubis,GamerLegion,0.7647058823529412,-38
9022,182307,Anubis,GamerLegion,0.8125,-62
9023,184082,Anubis,GamerLegion,0.409090909090909,-39
9024,185010,Anubis,GamerLegion,0.8666666666666667,-68
9025,185212,Anubis,GamerLegion,0.5652173913043479,8
9026,185225,Anubis,GamerLegion,0.409090909090909,9
9027,185728,Anubis,GamerLegion,0.4347826086956522,-51
9028,185905,Anubis,GamerLegion,0.5588235294117647,-12
9029,197713,Anubis,GamerLegion,0.3809523809523809,-28
9030,199407,Anubis,GamerLegion,0.409090909090909,-10
9031,200008,Anubis,GamerLegion,0.2352941176470588,-3
9032,224213,Anubis,GamerLegion,0.4666666666666667,-47
9033,225686,Anubis,GamerLegion,0.3809523809523809,-4
9034,176635,Dust2,GamerLegion,0.4583333333333333,-66
9035,177980,Dust2,GamerLegion,0.4666666666666667,-94
9036,180029,Dust2,GamerLegion,0.2777777777777778,27
9037,181640,Dust2,GamerLegion,0.6842105263157895,-28
9038,182884,Dust2,GamerLegion,0.1333333333333333,-13
9039,188367,Dust2,GamerLegion,0.2352941176470588,-7
9040,189184,Dust2,GamerLegion,0.4347826086956521,-2
9041,203075,Dust2,GamerLegion,0.6842105263157895,-15
9042,203621,Dust2,GamerLegion,0.6190476190476191,1
9043,206013,Dust2,GamerLegion,0.65,-5
9044,207730,Dust2,GamerLegion,0.9285714285714286,-4
9045,209166,Dust2,GamerLegion,0.0714285714285714,-198
9046,209778,Dust2,GamerLegion,0.0714285714285714,13
9047,211941,Dust2,GamerLegion,0.4347826086956521,2
9048,212265,Dust2,GamerLegion,0.6842105263157895,-5
9049,216221,Dust2,GamerLegion,0.3157894736842105,-35
9050,216235,Dust2,GamerLegion,0.2352941176470588,-9
9051,216444,Dust2,GamerLegion,0.2352941176470588,5
9052,217317,Dust2,GamerLegion,0.4583333333333333,20
9053,175704,Dust2,GamerLegion,0.409090909090909,4
9054,181541,Dust2,GamerLegion,0.8125,-38
9055,182144,Dust2,GamerLegion,0.3157894736842105,12
9056,181634,Dust2,GamerLegion,0.5416666666666667,-33
9057,183018,Dust2,GamerLegion,0.5416666666666667,-1
9058,203342,Dust2,GamerLegion,0.5909090909090908,-14
9059,203809,Dust2,GamerLegion,0.4761904761904761,-1
9060,207847,Dust2,GamerLegion,0.5909090909090908,-1
9061,211786,Dust2,GamerLegion,0.5588235294117647,-28
9062,212292,Dust2,GamerLegion,0.0714285714285714,7
9063,216760,Dust2,GamerLegion,0.4347826086956522,11
9064,217672,Dust2,GamerLegion,0.35,11
9065,218391,Dust2,GamerLegion,0.4583333333333333,-52
9066,169839,Inferno,GamerLegion,0.2777777777777778,12
9067,181613,Inferno,GamerLegion,0.5333333333333333,-1
9068,182336,Inferno,GamerLegion,0.3157894736842105,-28
9069,182800,Inferno,GamerLegion,0.7222222222222222,3
9070,183231,Inferno,GamerLegion,0.3157894736842105,-70
9071,185927,Inferno,GamerLegion,0.8666666666666667,-11
9072,186183,Inferno,GamerLegion,0.1333333333333333,-8
9073,188234,Inferno,GamerLegion,0.3809523809523809,37
9074,188971,Inferno,GamerLegion,0.6842105263157895,-7
9075,189128,Inferno,GamerLegion,0.4347826086956521,7
9076,190446,Inferno,GamerLegion,0.5652173913043478,4
9077,191331,Inferno,GamerLegion,0.5909090909090909,-2
9078,191379,Inferno,GamerLegion,0.8125,4
9079,191497,Inferno,GamerLegion,0.5909090909090909,10
9080,192343,Inferno,GamerLegion,0.5365853658536586,-54
9081,193878,Inferno,GamerLegion,0.5909090909090909,-20
9082,193961,Inferno,GamerLegion,0.5652173913043478,-5
9083,194014,Inferno,GamerLegion,0.5416666666666666,-11
9084,194394,Inferno,GamerLegion,0.4090909090909091,7
9085,194577,Inferno,GamerLegion,0.5517241379310345,1
9086,194795,Inferno,GamerLegion,0.5238095238095238,-11
9087,194969,Inferno,GamerLegion,0.5909090909090909,-7
9088,197324,Inferno,GamerLegion,0.4482758620689655,-17
9089,198084,Inferno,GamerLegion,0.3157894736842105,11
9090,203064,Inferno,GamerLegion,0.2352941176470588,-15
9091,205620,Inferno,GamerLegion,0.1875,9
9092,206193,Inferno,GamerLegion,0.65,12
9093,207406,Inferno,GamerLegion,0.1875,-2
9094,207737,Inferno,GamerLegion,0.6842105263157895,-4
9095,209921,Inferno,GamerLegion,0.4347826086956521,14
9096,210713,Inferno,GamerLegion,0.4090909090909091,3
9097,210736,Inferno,GamerLegion,0.4090909090909091,-12
9098,212054,Inferno,GamerLegion,0.4722222222222222,-21
9099,212201,Inferno,GamerLegion,0.5909090909090909,-2
9100,212345,Inferno,GamerLegion,0.4583333333333333,-4
9101,214482,Inferno,GamerLegion,0.65,-75
9102,216159,Inferno,GamerLegion,0.5416666666666666,-22
9103,216242,Inferno,GamerLegion,0.4583333333333333,-9
9104,216245,Inferno,GamerLegion,0.5416666666666666,-3
9105,216453,Inferno,GamerLegion,0.5652173913043478,5
9106,217307,Inferno,GamerLegion,0.4090909090909091,20
9107,220363,Inferno,GamerLegion,0.5333333333333333,-32
9108,223693,Inferno,GamerLegion,0.5277777777777778,-101
9109,228683,Inferno,GamerLegion,0.5909090909090909,-17
9110,228792,Inferno,GamerLegion,0.2352941176470588,12
9111,229023,Inferno,GamerLegion,0.6190476190476191,-18
9112,229104,Inferno,GamerLegion,0.6842105263157895,-3
9113,164601,Inferno,GamerLegion,0.65,5
9114,169672,Inferno,GamerLegion,0.2777777777777778,16
9115,172226,Inferno,GamerLegion,0.1333333333333333,2
9116,182131,Inferno,GamerLegion,0.5714285714285715,-3
9117,182771,Inferno,GamerLegion,0.5652173913043479,13
9118,183551,Inferno,GamerLegion,0.2777777777777778,4
9119,185831,Inferno,GamerLegion,0.5416666666666667,2
9120,188251,Inferno,GamerLegion,0.4583333333333333,-20
9121,195144,Inferno,GamerLegion,0.4583333333333333,9
9122,197236,Inferno,GamerLegion,0.4285714285714286,8
9123,197279,Inferno,GamerLegion,0.8666666666666667,5
9124,197508,Inferno,GamerLegion,0.35,5
9125,198035,Inferno,GamerLegion,0.6190476190476191,2
9126,200293,Inferno,GamerLegion,0.3809523809523809,6
9127,203583,Inferno,GamerLegion,0.8125,-11
9128,203804,Inferno,GamerLegion,0.4583333333333333,-1
9129,204664,Inferno,GamerLegion,0.7222222222222222,-16
9130,207840,Inferno,GamerLegion,0.5652173913043479,-1
9131,207916,Inferno,GamerLegion,0.4347826086956522,2
9132,209366,Inferno,GamerLegion,0.5416666666666667,-4
9133,216146,Inferno,GamerLegion,0.7647058823529412,-183
9134,216742,Inferno,GamerLegion,0.5517241379310345,11
9135,217853,Inferno,GamerLegion,0.2777777777777778,7
9136,218491,Inferno,GamerLegion,0.5652173913043479,-8
9137,220203,Inferno,GamerLegion,0.5909090909090908,-33
9138,224218,Inferno,GamerLegion,0.35,-47
9139,225103,Inferno,GamerLegion,0.65,-21
9140,225507,Inferno,GamerLegion,0.4666666666666667,8
9141,227748,Inferno,GamerLegion,0.2777777777777778,17
9142,227956,Inferno,GamerLegion,0.5333333333333333,5
9143,170118,Mirage,GamerLegion,0.2352941176470588,-4
9144,170764,Mirage,GamerLegion,0.5909090909090909,-17
9145,170819,Mirage,GamerLegion,0.4090909090909091,-4
9146,170871,Mirage,GamerLegion,0.5416666666666666,-19
9147,172266,Mirage,GamerLegion,0.3157894736842105,-25
9148,172658,Mirage,GamerLegion,0.4583333333333333,-133
9149,172719,Mirage,GamerLegion,0.5714285714285714,-1
9150,174694,Mirage,GamerLegion,0.4285714285714285,23
9151,175011,Mirage,GamerLegion,0.4583333333333333,17
9152,180023,Mirage,GamerLegion,0.4722222222222222,27
9153,181611,Mirage,GamerLegion,0.5416666666666666,-1
9154,182099,Mirage,GamerLegion,0.6190476190476191,-18
9155,183411,Mirage,GamerLegion,0.35,-6
9156,183516,Mirage,GamerLegion,0.5333333333333333,-12
9157,184050,Mirage,GamerLegion,0.5652173913043478,-8
9158,184151,Mirage,GamerLegion,0.4347826086956521,-4
9159,185921,Mirage,GamerLegion,0.3809523809523809,-11
9160,188365,Mirage,GamerLegion,0.6190476190476191,-7
9161,188923,Mirage,GamerLegion,0.2777777777777778,11
9162,188974,Mirage,GamerLegion,0.2777777777777778,-7
9163,189116,Mirage,GamerLegion,0.35,17
9164,189269,Mirage,GamerLegion,0.4090909090909091,19
9165,190449,Mirage,GamerLegion,0.35,4
9166,191384,Mirage,GamerLegion,0.7222222222222222,4
9167,191503,Mirage,GamerLegion,0.5416666666666666,10
9168,191589,Mirage,GamerLegion,0.2777777777777778,9
9169,192008,Mirage,GamerLegion,0.4583333333333333,-25
9170,192356,Mirage,GamerLegion,0.7222222222222222,-54
9171,193883,Mirage,GamerLegion,0.5652173913043478,-20
9172,194001,Mirage,GamerLegion,0.65,-11
9173,194404,Mirage,GamerLegion,0.4666666666666667,7
9174,194589,Mirage,GamerLegion,0.1333333333333333,1
9175,197410,Mirage,GamerLegion,0.6190476190476191,4
9176,197692,Mirage,GamerLegion,0.35,-13
9177,199359,Mirage,GamerLegion,0.4583333333333333,8
9178,199490,Mirage,GamerLegion,0.3157894736842105,-65
9179,200103,Mirage,GamerLegion,0.4090909090909091,9
9180,216244,Mirage,GamerLegion,0.5909090909090909,-3
9181,216448,Mirage,GamerLegion,0.65,5
9182,217830,Mirage,GamerLegion,0.6190476190476191,3
9183,218550,Mirage,GamerLegion,0.5714285714285714,-2
9184,220178,Mirage,GamerLegion,0.4571428571428571,-32
9185,220268,Mirage,GamerLegion,0.5652173913043478,-59
9186,220408,Mirage,GamerLegion,0.6842105263157895,-30
9187,223709,Mirage,GamerLegion,0.5652173913043478,-101
9188,225358,Mirage,GamerLegion,0.5416666666666666,-7
9189,227840,Mirage,GamerLegion,0.4347826086956521,18
9190,228049,Mirage,GamerLegion,0.0714285714285714,13
9191,228681,Mirage,GamerLegion,0.4347826086956521,-17
9192,228800,Mirage,GamerLegion,0.4583333333333333,12
9193,228881,Mirage,GamerLegion,0.5909090909090909,-11
9194,229097,Mirage,GamerLegion,0.1875,-3
9195,229165,Mirage,GamerLegion,0.1875,12
9196,164503,Mirage,GamerLegion,0.4583333333333333,-24
9197,167635,Mirage,GamerLegion,0.1875,3
9198,168159,Mirage,GamerLegion,0.4583333333333333,2
9199,175755,Mirage,GamerLegion,0.5416666666666667,-8
9200,176117,Mirage,GamerLegion,0.35,19
9201,178058,Mirage,GamerLegion,0.5416666666666667,-51
9202,182142,Mirage,GamerLegion,0.6842105263157895,12
9203,182014,Mirage,GamerLegion,0.5416666666666667,-65
9204,182138,Mirage,GamerLegion,0.5333333333333333,-3
9205,182299,Mirage,GamerLegion,0.5416666666666667,-62
9206,183027,Mirage,GamerLegion,0.3809523809523809,-1
9207,183365,Mirage,GamerLegion,0.6190476190476191,-29
9208,183547,Mirage,GamerLegion,0.4666666666666667,4
9209,185068,Mirage,GamerLegion,0.4347826086956522,4
9210,185205,Mirage,GamerLegion,0.4347826086956522,8
9211,185732,Mirage,GamerLegion,0.5909090909090908,-51
9212,188341,Mirage,GamerLegion,0.65,16
9213,188374,Mirage,GamerLegion,0.5909090909090908,6
9214,191643,Mirage,GamerLegion,0.65,4
9215,197230,Mirage,GamerLegion,0.3809523809523809,8
9216,197280,Mirage,GamerLegion,0.9285714285714286,5
9217,198146,Mirage,GamerLegion,0.5428571428571429,6
9218,199412,Mirage,GamerLegion,0.65,-10
9219,200165,Mirage,GamerLegion,0.3157894736842105,-10
9220,200181,Mirage,GamerLegion,0.4347826086956522,2
9221,203360,Mirage,GamerLegion,0.3809523809523809,-14
9222,203719,Mirage,GamerLegion,0.3157894736842105,7
9223,216771,Mirage,GamerLegion,0.7222222222222222,11
9224,218395,Mirage,GamerLegion,0.65,-52
9225,225701,Mirage,GamerLegion,0.2777777777777778,-4
9226,227755,Mirage,GamerLegion,0.5652173913043479,17
9227,228900,Mirage,GamerLegion,0.8125,5
9228,167394,Nuke,GamerLegion,0.4347826086956521,-129
9229,169814,Nuke,GamerLegion,0.5652173913043478,-13
9230,170119,Nuke,GamerLegion,0.3809523809523809,-4
9231,170662,Nuke,GamerLegion,0.1333333333333333,15
9232,170674,Nuke,GamerLegion,0.6842105263157895,-18
9233,172267,Nuke,GamerLegion,0.2777777777777778,-25
9234,173625,Nuke,GamerLegion,0.65,-39
9235,174690,Nuke,GamerLegion,0.0714285714285714,23
9236,176629,Nuke,GamerLegion,0.6190476190476191,-66
9237,177371,Nuke,GamerLegion,0.5333333333333333,-15
9238,181678,Nuke,GamerLegion,0.1875,-28
9239,181928,Nuke,GamerLegion,0.8125,-34
9240,182111,Nuke,GamerLegion,0.4090909090909091,-18
9241,183413,Nuke,GamerLegion,0.5416666666666666,-6
9242,183647,Nuke,GamerLegion,0.4571428571428571,3
9243,184139,Nuke,GamerLegion,0.4482758620689655,-4
9244,188861,Nuke,GamerLegion,0.5652173913043478,24
9245,189267,Nuke,GamerLegion,0.3157894736842105,19
9246,190453,Nuke,GamerLegion,0.4583333333333333,4
9247,191323,Nuke,GamerLegion,0.5416666666666666,-2
9248,191586,Nuke,GamerLegion,0.4347826086956521,9
9249,191671,Nuke,GamerLegion,0.2352941176470588,16
9250,194008,Nuke,GamerLegion,0.2777777777777778,-11
9251,194563,Nuke,GamerLegion,0.35,1
9252,197785,Nuke,GamerLegion,0.4666666666666667,-3
9253,198089,Nuke,GamerLegion,0.4482758620689655,11
9254,199367,Nuke,GamerLegion,0.4583333333333333,8
9255,200105,Nuke,GamerLegion,0.4347826086956521,9
9256,203151,Nuke,GamerLegion,0.65,-33
9257,206196,Nuke,GamerLegion,0.2352941176470588,12
9258,209640,Nuke,GamerLegion,0.1875,11
9259,209933,Nuke,GamerLegion,0.35,14
9260,211932,Nuke,GamerLegion,0.5652173913043478,2
9261,212052,Nuke,GamerLegion,0.6842105263157895,-21
9262,212270,Nuke,GamerLegion,0.65,-5
9263,212347,Nuke,GamerLegion,0.3809523809523809,-4
9264,216228,Nuke,GamerLegion,0.5416666666666666,-35
9265,218545,Nuke,GamerLegion,0.4347826086956521,-2
9266,220237,Nuke,GamerLegion,0.7222222222222222,-101
9267,220350,Nuke,GamerLegion,0.65,-32
9268,220399,Nuke,GamerLegion,0.65,-30
9269,225335,Nuke,GamerLegion,0.3157894736842105,-7
9270,228686,Nuke,GamerLegion,0.6190476190476191,-17
9271,228889,Nuke,GamerLegion,0.6842105263157895,-11
9272,229017,Nuke,GamerLegion,0.6842105263157895,-18
9273,229180,Nuke,GamerLegion,0.4482758620689655,12
9274,164490,Nuke,GamerLegion,0.5588235294117647,5
9275,164508,Nuke,GamerLegion,0.3157894736842105,-24
9276,164603,Nuke,GamerLegion,0.3157894736842105,5
9277,167455,Nuke,GamerLegion,0.35,9
9278,167768,Nuke,GamerLegion,0.35,-3
9279,168191,Nuke,GamerLegion,0.5416666666666667,7
9280,170703,Nuke,GamerLegion,0.4666666666666667,-7
9281,170896,Nuke,GamerLegion,0.4583333333333333,-8
9282,174816,Nuke,GamerLegion,0.7222222222222222,12
9283,175712,Nuke,GamerLegion,0.5333333333333333,4
9284,176065,Nuke,GamerLegion,0.5416666666666667,-5
9285,180121,Nuke,GamerLegion,0.2777777777777778,14
9286,182143,Nuke,GamerLegion,0.35,12
9287,182781,Nuke,GamerLegion,0.9285714285714286,13
9288,183541,Nuke,GamerLegion,0.5416666666666667,4
9289,185230,Nuke,GamerLegion,0.35,9
9290,185892,Nuke,GamerLegion,0.35,-12
9291,188339,Nuke,GamerLegion,0.35,16
9292,188372,Nuke,GamerLegion,0.7222222222222222,6
9293,191636,Nuke,GamerLegion,0.65,4
9294,195152,Nuke,GamerLegion,0.409090909090909,9
9295,198140,Nuke,GamerLegion,0.7647058823529412,-7
9296,198152,Nuke,GamerLegion,0.5416666666666667,6
9297,198219,Nuke,GamerLegion,0.2352941176470588,5
9298,199415,Nuke,GamerLegion,0.409090909090909,-10
9299,200023,Nuke,GamerLegion,0.5416666666666667,-3
9300,200170,Nuke,GamerLegion,0.6190476190476191,-10
9301,200183,Nuke,GamerLegion,0.5652173913043479,2
9302,200290,Nuke,GamerLegion,0.5909090909090908,6
9303,203587,Nuke,GamerLegion,0.5652173913043479,-11
9304,203716,Nuke,GamerLegion,0.4583333333333333,7
9305,204654,Nuke,GamerLegion,0.7222222222222222,-16
9306,207993,Nuke,GamerLegion,0.4347826086956522,1
9307,209268,Nuke,GamerLegion,1.0,1
9308,214401,Nuke,GamerLegion,0.4347826086956522,-30
9309,216150,Nuke,GamerLegion,0.6842105263157895,-183
9310,217663,Nuke,GamerLegion,0.2777777777777778,11
9311,218486,Nuke,GamerLegion,0.65,-8
9312,227752,Nuke,GamerLegion,0.7222222222222222,17
9313,195483,Ancient,Inner Circle,0.35,-9
9314,195963,Ancient,Inner Circle,0.4347826086956521,-101
9315,206579,Ancient,Inner Circle,0.7647058823529411,40
9316,209634,Ancient,Inner Circle,0.2352941176470588,19
9317,210473,Ancient,Inner Circle,0.65,-20
9318,210624,Ancient,Inner Circle,0.4583333333333333,-9
9319,213029,Ancient,Inner Circle,0.5416666666666666,-124
9320,214746,Ancient,Inner Circle,0.65,-63
9321,215674,Ancient,Inner Circle,0.7222222222222222,-64
9322,216843,Ancient,Inner Circle,0.3809523809523809,30
9323,219510,Ancient,Inner Circle,0.4090909090909091,-54
9324,220352,Ancient,Inner Circle,0.5909090909090909,-169
9325,218691,Ancient,Inner Circle,0.4722222222222222,-16
9326,222995,Ancient,Inner Circle,0.8125,-59
9327,224575,Ancient,Inner Circle,0.5333333333333333,-86
9328,224670,Ancient,Inner Circle,0.1333333333333333,31
9329,225874,Ancient,Inner Circle,0.5416666666666666,24
9330,229437,Ancient,Inner Circle,0.5652173913043478,-42
9331,199754,Ancient,Inner Circle,0.5277777777777778,19
9332,201234,Ancient,Inner Circle,0.409090909090909,46
9333,206163,Ancient,Inner Circle,0.1875,151
9334,209027,Ancient,Inner Circle,0.4482758620689655,197
9335,209147,Ancient,Inner Circle,0.8125,198
9336,210092,Ancient,Inner Circle,0.35,8
9337,215221,Ancient,Inner Circle,0.409090909090909,12
9338,214185,Ancient,Inner Circle,0.5416666666666667,-36
9339,214787,Ancient,Inner Circle,0.1875,-2
9340,217909,Ancient,Inner Circle,0.5416666666666667,-59
9341,216509,Ancient,Inner Circle,0.5909090909090908,26
9342,218739,Ancient,Inner Circle,0.3809523809523809,-39
9343,219322,Ancient,Inner Circle,0.5714285714285715,-109
9344,220644,Ancient,Inner Circle,0.4583333333333333,7
9345,220979,Ancient,Inner Circle,0.5909090909090908,9
9346,221021,Ancient,Inner Circle,0.6842105263157895,3
9347,221067,Ancient,Inner Circle,0.3157894736842105,-7
9348,224770,Ancient,Inner Circle,0.5652173913043479,-117
9349,225644,Ancient,Inner Circle,0.1875,25
9350,229445,Ancient,Inner Circle,0.2777777777777778,-21
9351,229779,Ancient,Inner Circle,0.5652173913043479,-24
9352,229832,Ancient,Inner Circle,0.3809523809523809,1
9353,199665,Anubis,Inner Circle,0.35,74
9354,218686,Anubis,Inner Circle,0.6190476190476191,-16
9355,220917,Anubis,Inner Circle,0.6190476190476191,-16
9356,223176,Anubis,Inner Circle,0.4090909090909091,-8
9357,229733,Anubis,Inner Circle,0.7647058823529411,-15
9358,195282,Anubis,Inner Circle,0.4583333333333333,-30
9359,221025,Anubis,Inner Circle,0.7222222222222222,3
9360,221554,Anubis,Inner Circle,0.4583333333333333,-16
9361,223859,Anubis,Inner Circle,0.65,10
9362,224765,Anubis,Inner Circle,0.4583333333333333,-117
9363,224903,Anubis,Inner Circle,0.3809523809523809,-17
9364,209736,Dust2,Inner Circle,0.5909090909090909,21
9365,212986,Dust2,Inner Circle,0.3157894736842105,-170
9366,216853,Dust2,Inner Circle,0.2777777777777778,30
9367,219526,Dust2,Inner Circle,0.4666666666666667,-54
9368,220368,Dust2,Inner Circle,0.2777777777777778,-169
9369,218821,Dust2,Inner Circle,0.4090909090909091,-29
9370,222999,Dust2,Inner Circle,0.5416666666666666,-59
9371,223181,Dust2,Inner Circle,0.65,-8
9372,223842,Dust2,Inner Circle,0.5652173913043478,-34
9373,229538,Dust2,Inner Circle,0.5652173913043478,-7
9374,229606,Dust2,Inner Circle,0.5416666666666666,-2
9375,201096,Dust2,Inner Circle,0.3809523809523809,-54
9376,201182,Dust2,Inner Circle,0.5652173913043479,7
9377,207189,Dust2,Inner Circle,0.5416666666666667,105
9378,209166,Dust2,Inner Circle,0.9285714285714286,198
9379,210207,Dust2,Inner Circle,0.6842105263157895,-68
9380,214201,Dust2,Inner Circle,0.5333333333333333,-36
9381,214789,Dust2,Inner Circle,0.2777777777777778,-2
9382,217913,Dust2,Inner Circle,0.35,-59
9383,218114,Dust2,Inner Circle,0.7647058823529412,-58
9384,216519,Dust2,Inner Circle,0.6842105263157895,26
9385,218750,Dust2,Inner Circle,0.5652173913043479,-39
9386,218799,Dust2,Inner Circle,0.6842105263157895,-9
9387,220677,Dust2,Inner Circle,0.5652173913043479,7
9388,221047,Dust2,Inner Circle,0.4666666666666667,-7
9389,221541,Dust2,Inner Circle,0.7222222222222222,-16
9390,224015,Dust2,Inner Circle,0.4285714285714286,24
9391,224750,Dust2,Inner Circle,0.6842105263157895,-117
9392,224872,Dust2,Inner Circle,0.35,-17
9393,225633,Dust2,Inner Circle,0.5909090909090908,25
9394,226063,Dust2,Inner Circle,0.4583333333333333,20
9395,229773,Dust2,Inner Circle,0.409090909090909,-24
9396,199406,Mirage,Inner Circle,0.5652173913043478,81
9397,200795,Mirage,Inner Circle,0.6190476190476191,52
9398,200841,Mirage,Inner Circle,0.4583333333333333,35
9399,206570,Mirage,Inner Circle,0.4583333333333333,40
9400,206902,Mirage,Inner Circle,0.5652173913043478,117
9401,208331,Mirage,Inner Circle,0.35,58
9402,209645,Mirage,Inner Circle,0.4583333333333333,19
9403,209743,Mirage,Inner Circle,0.5416666666666666,21
9404,210582,Mirage,Inner Circle,0.5652173913043478,-35
9405,210619,Mirage,Inner Circle,0.1333333333333333,-9
9406,214739,Mirage,Inner Circle,0.5416666666666666,-63
9407,220914,Mirage,Inner Circle,0.6190476190476191,-16
9408,223188,Mirage,Inner Circle,0.3809523809523809,-8
9409,224553,Mirage,Inner Circle,0.5416666666666666,-86
9410,224663,Mirage,Inner Circle,0.4482758620689655,31
9411,225892,Mirage,Inner Circle,0.4090909090909091,24
9412,229548,Mirage,Inner Circle,0.6842105263157895,-7
9413,229611,Mirage,Inner Circle,0.4347826086956521,-2
9414,229719,Mirage,Inner Circle,0.4090909090909091,-15
9415,195293,Mirage,Inner Circle,0.7647058823529412,-30
9416,199750,Mirage,Inner Circle,0.6190476190476191,19
9417,199814,Mirage,Inner Circle,0.4482758620689655,58
9418,201189,Mirage,Inner Circle,0.7222222222222222,7
9419,206483,Mirage,Inner Circle,0.7222222222222222,10
9420,207200,Mirage,Inner Circle,0.6842105263157895,105
9421,209883,Mirage,Inner Circle,0.1333333333333333,17
9422,215041,Mirage,Inner Circle,0.5652173913043479,-57
9423,215217,Mirage,Inner Circle,0.4347826086956522,12
9424,214218,Mirage,Inner Circle,0.3157894736842105,-2
9425,214701,Mirage,Inner Circle,0.7222222222222222,-85
9426,214781,Mirage,Inner Circle,0.5416666666666667,-2
9427,217661,Mirage,Inner Circle,0.5909090909090908,-66
9428,218123,Mirage,Inner Circle,0.4583333333333333,-58
9429,218755,Mirage,Inner Circle,0.35,-39
9430,218806,Mirage,Inner Circle,0.5416666666666667,-9
9431,219329,Mirage,Inner Circle,0.5909090909090908,-109
9432,220967,Mirage,Inner Circle,0.5909090909090908,9
9433,221080,Mirage,Inner Circle,0.4482758620689655,-7
9434,224003,Mirage,Inner Circle,0.3809523809523809,24
9435,225639,Mirage,Inner Circle,0.3157894736842105,25
9436,225998,Mirage,Inner Circle,0.5909090909090908,27
9437,226068,Mirage,Inner Circle,0.3157894736842105,20
9438,229403,Mirage,Inner Circle,0.9285714285714286,-59
9439,229416,Mirage,Inner Circle,0.4482758620689655,-24
9440,229624,Mirage,Inner Circle,0.7222222222222222,-5
9441,229769,Mirage,Inner Circle,0.7222222222222222,-24
9442,229814,Mirage,Inner Circle,0.4666666666666667,1
9443,195485,Nuke,Inner Circle,0.2777777777777778,-9
9444,199670,Nuke,Inner Circle,0.4634146341463415,74
9445,200802,Nuke,Inner Circle,0.8666666666666667,52
9446,200833,Nuke,Inner Circle,0.5652173913043478,35
9447,204545,Nuke,Inner Circle,0.3809523809523809,162
9448,206898,Nuke,Inner Circle,0.4583333333333333,117
9449,209639,Nuke,Inner Circle,0.7647058823529411,19
9450,210461,Nuke,Inner Circle,0.5652173913043478,-20
9451,213048,Nuke,Inner Circle,0.4666666666666667,-47
9452,214730,Nuke,Inner Circle,0.4583333333333333,-63
9453,218707,Nuke,Inner Circle,0.5652173913043478,-16
9454,225887,Nuke,Inner Circle,0.2352941176470588,24
9455,229618,Nuke,Inner Circle,0.35,-2
9456,199747,Nuke,Inner Circle,0.4583333333333333,19
9457,199819,Nuke,Inner Circle,0.4347826086956522,58
9458,201099,Nuke,Inner Circle,0.65,-54
9459,201232,Nuke,Inner Circle,0.4347826086956522,46
9460,206475,Nuke,Inner Circle,0.5333333333333333,10
9461,209040,Nuke,Inner Circle,0.5909090909090908,197
9462,210104,Nuke,Inner Circle,0.409090909090909,8
9463,210222,Nuke,Inner Circle,0.6190476190476191,-68
9464,214245,Nuke,Inner Circle,0.4347826086956522,-2
9465,214711,Nuke,Inner Circle,0.6842105263157895,-85
9466,217668,Nuke,Inner Circle,0.6190476190476191,-66
9467,217899,Nuke,Inner Circle,0.4722222222222222,-59
9468,216513,Nuke,Inner Circle,0.4482758620689655,26
9469,220973,Nuke,Inner Circle,0.2777777777777778,9
9470,221057,Nuke,Inner Circle,0.5652173913043479,-7
9471,221546,Nuke,Inner Circle,0.1875,-16
9472,225991,Nuke,Inner Circle,0.5909090909090908,27
9473,229803,Nuke,Inner Circle,0.6842105263157895,1
9474,177943,Ancient,HOTU,0.5909090909090909,65
9475,181523,Ancient,HOTU,0.5277777777777778,125
9476,182862,Ancient,HOTU,0.4634146341463415,101
9477,183304,Ancient,HOTU,0.8666666666666667,100
9478,183546,Ancient,HOTU,0.4347826086956521,26
9479,183746,Ancient,HOTU,0.5277777777777778,128
9480,186466,Ancient,HOTU,0.7222222222222222,35
9481,186850,Ancient,HOTU,0.65,16
9482,187111,Ancient,HOTU,0.65,52
9483,187492,Ancient,HOTU,0.3157894736842105,29
9484,188000,Ancient,HOTU,0.35,-100
9485,196502,Ancient,HOTU,0.5416666666666666,71
9486,196673,Ancient,HOTU,0.7647058823529411,71
9487,196766,Ancient,HOTU,0.7222222222222222,93
9488,196819,Ancient,HOTU,0.5909090909090909,-30
9489,199553,Ancient,HOTU,0.4347826086956521,36
9490,203475,Ancient,HOTU,0.65,-25
9491,204747,Ancient,HOTU,0.4583333333333333,-15
9492,205183,Ancient,HOTU,0.65,-25
9493,208645,Ancient,HOTU,0.55,-1
9494,208096,Ancient,HOTU,0.5652173913043478,-38
9495,209659,Ancient,HOTU,0.5909090909090909,24
9496,210037,Ancient,HOTU,0.35,16
9497,215425,Ancient,HOTU,0.6190476190476191,-169
9498,217034,Ancient,HOTU,0.7222222222222222,-48
9499,221142,Ancient,HOTU,0.35,-35
9500,221435,Ancient,HOTU,0.4347826086956521,-27
9501,220761,Ancient,HOTU,0.6190476190476191,-92
9502,222602,Ancient,HOTU,0.3157894736842105,-137
9503,224056,Ancient,HOTU,0.7222222222222222,-54
9504,226574,Ancient,HOTU,0.5333333333333333,19
9505,226606,Ancient,HOTU,0.4090909090909091,31
9506,228790,Ancient,HOTU,0.6842105263157895,-54
9507,228952,Ancient,HOTU,0.3157894736842105,-25
9508,229435,Ancient,HOTU,0.3809523809523809,-11
9509,184389,Ancient,HOTU,0.5416666666666667,27
9510,184516,Ancient,HOTU,0.3809523809523809,64
9511,184414,Ancient,HOTU,0.4583333333333333,114
9512,184640,Ancient,HOTU,0.6190476190476191,104
9513,185440,Ancient,HOTU,0.4583333333333333,47
9514,184789,Ancient,HOTU,0.7222222222222222,-10
9515,185275,Ancient,HOTU,0.7647058823529412,64
9516,185414,Ancient,HOTU,0.3809523809523809,30
9517,185515,Ancient,HOTU,0.65,23
9518,185540,Ancient,HOTU,0.1875,15
9519,185871,Ancient,HOTU,0.3157894736842105,32
9520,186170,Ancient,HOTU,0.4583333333333333,23
9521,186735,Ancient,HOTU,0.7647058823529412,18
9522,187016,Ancient,HOTU,0.3809523809523809,18
9523,187298,Ancient,HOTU,0.6190476190476191,-11
9524,188064,Ancient,HOTU,0.5652173913043479,-57
9525,188187,Ancient,HOTU,0.409090909090909,-11
9526,193362,Ancient,HOTU,0.6190476190476191,119
9527,193722,Ancient,HOTU,0.35,119
9528,194362,Ancient,HOTU,0.5333333333333333,14
9529,194550,Ancient,HOTU,0.5652173913043479,57
9530,196105,Ancient,HOTU,0.7222222222222222,14
9531,196316,Ancient,HOTU,0.7647058823529412,57
9532,199486,Ancient,HOTU,0.5909090909090908,65
9533,202924,Ancient,HOTU,0.5652173913043479,-4
9534,204801,Ancient,HOTU,0.5416666666666667,-119
9535,205326,Ancient,HOTU,0.4666666666666667,-30
9536,205531,Ancient,HOTU,0.65,-119
9537,209145,Ancient,HOTU,0.8666666666666667,24
9538,209230,Ancient,HOTU,0.6190476190476191,2
9539,214718,Ancient,HOTU,0.5416666666666667,-109
9540,214811,Ancient,HOTU,0.5416666666666667,-109
9541,216186,Ancient,HOTU,0.4791666666666666,4
9542,217109,Ancient,HOTU,0.5416666666666667,10
9543,222544,Ancient,HOTU,0.7647058823529412,-60
9544,222626,Ancient,HOTU,0.1333333333333333,-52
9545,223021,Ancient,HOTU,0.4814814814814815,-125
9546,224106,Ancient,HOTU,0.3809523809523809,-39
9547,224148,Ancient,HOTU,0.3809523809523809,-5
9548,225555,Ancient,HOTU,0.409090909090909,-57
9549,229339,Ancient,HOTU,0.7222222222222222,-69
9550,183263,Anubis,HOTU,0.8666666666666667,69
9551,185702,Anubis,HOTU,0.5652173913043478,-34
9552,188009,Anubis,HOTU,0.1875,-100
9553,193471,Anubis,HOTU,0.7222222222222222,37
9554,194791,Anubis,HOTU,0.2352941176470588,93
9555,220803,Anubis,HOTU,0.5652173913043478,-108
9556,183949,Anubis,HOTU,0.4583333333333333,82
9557,184422,Anubis,HOTU,0.35,114
9558,184643,Anubis,HOTU,0.2352941176470588,104
9559,184793,Anubis,HOTU,0.4583333333333333,-10
9560,185193,Anubis,HOTU,0.5909090909090908,-10
9561,185420,Anubis,HOTU,0.4722222222222222,30
9562,185544,Anubis,HOTU,0.409090909090909,15
9563,185863,Anubis,HOTU,0.5909090909090908,32
9564,186173,Anubis,HOTU,0.4583333333333333,23
9565,186741,Anubis,HOTU,0.4722222222222222,18
9566,187309,Anubis,HOTU,0.35,-11
9567,194556,Anubis,HOTU,0.7222222222222222,57
9568,196113,Anubis,HOTU,0.7222222222222222,14
9569,199434,Anubis,HOTU,0.5517241379310345,69
9570,202930,Anubis,HOTU,1.0,-4
9571,217099,Anubis,HOTU,0.5714285714285715,10
9572,218199,Anubis,HOTU,0.4347826086956522,-55
9573,217657,Anubis,HOTU,0.65,4
9574,217703,Anubis,HOTU,0.5714285714285715,4
9575,219132,Anubis,HOTU,0.6190476190476191,-10
9576,219171,Anubis,HOTU,0.8125,4
9577,220187,Anubis,HOTU,0.5416666666666667,-4
9578,222520,Anubis,HOTU,0.7222222222222222,-60
9579,183311,Dust2,HOTU,0.5909090909090909,100
9580,194391,Dust2,HOTU,0.5714285714285714,24
9581,196497,Dust2,HOTU,0.8666666666666667,71
9582,196805,Dust2,HOTU,0.5517241379310345,-30
9583,203463,Dust2,HOTU,0.3157894736842105,-25
9584,204960,Dust2,HOTU,0.3157894736842105,-48
9585,204680,Dust2,HOTU,0.5909090909090909,-31
9586,204744,Dust2,HOTU,0.5652173913043478,-15
9587,205226,Dust2,HOTU,0.5416666666666666,-25
9588,206935,Dust2,HOTU,0.2352941176470588,-6
9589,208013,Dust2,HOTU,0.5652173913043478,-25
9590,208132,Dust2,HOTU,0.6190476190476191,-23
9591,208518,Dust2,HOTU,0.5333333333333333,-25
9592,208102,Dust2,HOTU,0.4482758620689655,-38
9593,209773,Dust2,HOTU,0.3157894736842105,22
9594,209874,Dust2,HOTU,0.2777777777777778,23
9595,215475,Dust2,HOTU,0.6842105263157895,-42
9596,215515,Dust2,HOTU,0.5416666666666666,-169
9597,216124,Dust2,HOTU,0.6842105263157895,-46
9598,219012,Dust2,HOTU,0.5416666666666666,-74
9599,221133,Dust2,HOTU,0.6842105263157895,-35
9600,221451,Dust2,HOTU,0.4347826086956521,-27
9601,220770,Dust2,HOTU,0.2777777777777778,-92
9602,220784,Dust2,HOTU,0.4347826086956521,-108
9603,222596,Dust2,HOTU,0.5909090909090909,-137
9604,224015,Dust2,HOTU,0.5714285714285714,-24
9605,225536,Dust2,HOTU,0.5416666666666666,-24
9606,226571,Dust2,HOTU,0.65,19
9607,226603,Dust2,HOTU,0.35,31
9608,228781,Dust2,HOTU,0.5319148936170213,-54
9609,228943,Dust2,HOTU,0.4347826086956521,-25
9610,229265,Dust2,HOTU,0.6842105263157895,-6
9611,183950,Dust2,HOTU,0.3809523809523809,82
9612,184391,Dust2,HOTU,0.65,27
9613,185444,Dust2,HOTU,0.3157894736842105,47
9614,188190,Dust2,HOTU,0.3809523809523809,-11
9615,194541,Dust2,HOTU,0.409090909090909,57
9616,205075,Dust2,HOTU,0.4583333333333333,22
9617,205232,Dust2,HOTU,0.1875,-12
9618,205561,Dust2,HOTU,0.4583333333333333,16
9619,206084,Dust2,HOTU,0.409090909090909,4
9620,207436,Dust2,HOTU,0.5909090909090908,-50
9621,209074,Dust2,HOTU,0.5909090909090908,42
9622,209222,Dust2,HOTU,0.7647058823529412,2
9623,214725,Dust2,HOTU,0.6190476190476191,-109
9624,216172,Dust2,HOTU,0.1333333333333333,4
9625,216214,Dust2,HOTU,0.1875,4
9626,217212,Dust2,HOTU,0.9285714285714286,-7
9627,217326,Dust2,HOTU,0.5909090909090908,4
9628,217711,Dust2,HOTU,0.35,4
9629,219149,Dust2,HOTU,0.5909090909090908,-10
9630,220055,Dust2,HOTU,0.7647058823529412,-69
9631,220195,Dust2,HOTU,0.9285714285714286,-4
9632,220582,Dust2,HOTU,0.8666666666666667,-186
9633,222388,Dust2,HOTU,0.6190476190476191,-162
9634,222543,Dust2,HOTU,0.4347826086956522,-60
9635,222638,Dust2,HOTU,0.4583333333333333,-52
9636,223009,Dust2,HOTU,0.3157894736842105,-125
9637,224118,Dust2,HOTU,0.5909090909090908,-39
9638,224143,Dust2,HOTU,0.1875,-5
9639,225044,Dust2,HOTU,0.5416666666666667,-7
9640,225572,Dust2,HOTU,0.5416666666666667,-57
9641,225682,Dust2,HOTU,0.3809523809523809,-26
9642,226520,Dust2,HOTU,0.4482758620689655,27
9643,186738,Inferno,HOTU,0.4583333333333333,18
9644,187011,Inferno,HOTU,0.3157894736842105,18
9645,181527,Mirage,HOTU,0.3809523809523809,-5
9646,183540,Mirage,HOTU,0.7222222222222222,26
9647,183755,Mirage,HOTU,0.8666666666666667,128
9648,185696,Mirage,HOTU,0.5416666666666666,-34
9649,186853,Mirage,HOTU,0.4583333333333333,16
9650,187117,Mirage,HOTU,0.5909090909090909,52
9651,188140,Mirage,HOTU,0.5909090909090909,-100
9652,194780,Mirage,HOTU,0.4583333333333333,93
9653,196765,Mirage,HOTU,0.7222222222222222,93
9654,196811,Mirage,HOTU,0.5416666666666666,-30
9655,199365,Mirage,HOTU,0.3809523809523809,59
9656,203482,Mirage,HOTU,0.3809523809523809,-25
9657,202849,Mirage,HOTU,0.5416666666666666,-178
9658,205204,Mirage,HOTU,0.3157894736842105,-25
9659,206914,Mirage,HOTU,0.4090909090909091,-6
9660,207606,Mirage,HOTU,0.5909090909090909,13
9661,207745,Mirage,HOTU,0.5588235294117647,-68
9662,208105,Mirage,HOTU,0.3157894736842105,-38
9663,209652,Mirage,HOTU,0.4347826086956521,24
9664,215421,Mirage,HOTU,0.5909090909090909,-169
9665,215508,Mirage,HOTU,0.3809523809523809,-169
9666,216108,Mirage,HOTU,0.8666666666666667,-46
9667,217014,Mirage,HOTU,0.4347826086956521,-48
9668,221148,Mirage,HOTU,0.5652173913043478,-35
9669,220757,Mirage,HOTU,0.4583333333333333,-92
9670,224003,Mirage,HOTU,0.6190476190476191,-24
9671,224062,Mirage,HOTU,0.7222222222222222,-54
9672,225512,Mirage,HOTU,0.7647058823529411,-24
9673,183117,Mirage,HOTU,0.5909090909090908,95
9674,184523,Mirage,HOTU,0.4583333333333333,64
9675,185279,Mirage,HOTU,0.7647058823529412,64
9676,185858,Mirage,HOTU,0.35,32
9677,188058,Mirage,HOTU,0.7222222222222222,-57
9678,193360,Mirage,HOTU,0.5652173913043479,119
9679,193714,Mirage,HOTU,0.4411764705882353,119
9680,196320,Mirage,HOTU,0.7647058823529412,57
9681,199423,Mirage,HOTU,0.409090909090909,69
9682,199490,Mirage,HOTU,0.6842105263157895,65
9683,204816,Mirage,HOTU,0.5714285714285715,-119
9684,205525,Mirage,HOTU,0.8666666666666667,-119
9685,209141,Mirage,HOTU,0.5652173913043479,24
9686,216177,Mirage,HOTU,0.7647058823529412,4
9687,216203,Mirage,HOTU,0.6842105263157895,-50
9688,216434,Mirage,HOTU,0.35,25
9689,217669,Mirage,HOTU,0.4347826086956522,4
9690,217680,Mirage,HOTU,0.5652173913043479,-92
9691,217722,Mirage,HOTU,0.4347826086956522,4
9692,220062,Mirage,HOTU,1.0,-69
9693,220217,Mirage,HOTU,0.5909090909090908,4
9694,222392,Mirage,HOTU,0.409090909090909,-162
9695,223017,Mirage,HOTU,0.65,-125
9696,225065,Mirage,HOTU,0.3157894736842105,-7
9697,225578,Mirage,HOTU,0.5277777777777778,-57
9698,226517,Mirage,HOTU,0.2352941176470588,27
9699,177954,Nuke,HOTU,0.35,65
9700,182873,Nuke,HOTU,0.35,101
9701,183550,Nuke,HOTU,0.4347826086956521,26
9702,186462,Nuke,HOTU,0.6190476190476191,35
9703,186855,Nuke,HOTU,0.8125,16
9704,187114,Nuke,HOTU,0.4285714285714285,52
9705,188005,Nuke,HOTU,0.8125,-100
9706,194383,Nuke,HOTU,0.6842105263157895,24
9707,196670,Nuke,HOTU,0.5652173913043478,71
9708,199372,Nuke,HOTU,0.2352941176470588,59
9709,199555,Nuke,HOTU,0.35,36
9710,202837,Nuke,HOTU,0.7222222222222222,-178
9711,204950,Nuke,HOTU,0.4090909090909091,-48
9712,204738,Nuke,HOTU,0.1333333333333333,-15
9713,206926,Nuke,HOTU,0.5333333333333333,-6
9714,207175,Nuke,HOTU,0.5909090909090909,-46
9715,207617,Nuke,HOTU,0.4090909090909091,13
9716,207733,Nuke,HOTU,0.9285714285714286,-68
9717,208114,Nuke,HOTU,0.5652173913043478,-23
9718,208635,Nuke,HOTU,0.3809523809523809,-1
9719,215476,Nuke,HOTU,0.7222222222222222,-42
9720,219833,Nuke,HOTU,0.7647058823529411,-76
9721,222611,Nuke,HOTU,0.5238095238095238,-137
9722,225522,Nuke,HOTU,0.3809523809523809,-24
9723,228770,Nuke,HOTU,0.4347826086956521,-54
9724,228947,Nuke,HOTU,0.6190476190476191,-25
9725,229260,Nuke,HOTU,0.65,-6
9726,229427,Nuke,HOTU,0.4482758620689655,-11
9727,183126,Nuke,HOTU,0.5909090909090908,95
9728,183941,Nuke,HOTU,0.65,82
9729,184647,Nuke,HOTU,0.6842105263157895,104
9730,184797,Nuke,HOTU,0.3809523809523809,-10
9731,185518,Nuke,HOTU,0.65,23
9732,186171,Nuke,HOTU,0.6190476190476191,23
9733,193358,Nuke,HOTU,0.1875,119
9734,193705,Nuke,HOTU,0.65,119
9735,199438,Nuke,HOTU,0.4583333333333333,69
9736,206082,Nuke,HOTU,0.409090909090909,4
9737,208172,Nuke,HOTU,0.5652173913043479,-35
9738,208234,Nuke,HOTU,0.4791666666666666,-12
9739,216435,Nuke,HOTU,0.5517241379310345,25
9740,217671,Nuke,HOTU,0.4583333333333333,4
9741,219181,Nuke,HOTU,0.1333333333333333,4
9742,220225,Nuke,HOTU,0.0,4
9743,220603,Nuke,HOTU,0.7647058823529412,-186
9744,225028,Nuke,HOTU,0.4347826086956522,-7
9745,225673,Nuke,HOTU,0.35,-26
9746,229328,Nuke,HOTU,0.2777777777777778,-69
9747,225226,Ancient,TYLOO,0.8666666666666667,-132
9748,170997,Ancient,TYLOO,0.3157894736842105,1
9749,173086,Ancient,TYLOO,0.3157894736842105,98
9750,174248,Ancient,TYLOO,0.3157894736842105,127
9751,174447,Ancient,TYLOO,0.1875,89
9752,173755,Ancient,TYLOO,0.5333333333333333,98
9753,176926,Ancient,TYLOO,0.7647058823529412,-156
9754,177041,Ancient,TYLOO,0.2777777777777778,2
9755,177447,Ancient,TYLOO,0.409090909090909,2
9756,180578,Ancient,TYLOO,0.5909090909090908,8
9757,180671,Ancient,TYLOO,0.7647058823529412,-11
9758,180721,Ancient,TYLOO,0.3809523809523809,21
9759,180272,Ancient,TYLOO,0.4347826086956522,-47
9760,180405,Ancient,TYLOO,0.3157894736842105,-11
9761,187337,Ancient,TYLOO,0.65,-6
9762,191997,Ancient,TYLOO,0.5652173913043479,-99
9763,192401,Ancient,TYLOO,0.35,10
9764,192437,Ancient,TYLOO,0.65,16
9765,193846,Ancient,TYLOO,0.5652173913043479,9
9766,194144,Ancient,TYLOO,0.4285714285714286,1
9767,194555,Ancient,TYLOO,0.2777777777777778,22
9768,194788,Ancient,TYLOO,0.4411764705882353,11
9769,196147,Ancient,TYLOO,0.8125,-118
9770,196339,Ancient,TYLOO,0.4583333333333333,-6
9771,196495,Ancient,TYLOO,0.5333333333333333,-78
9772,197362,Ancient,TYLOO,0.65,-135
9773,198754,Ancient,TYLOO,0.4583333333333333,-1
9774,199255,Ancient,TYLOO,0.3809523809523809,11
9775,199419,Ancient,TYLOO,0.5652173913043479,11
9776,199830,Ancient,TYLOO,0.8125,-1
9777,198986,Ancient,TYLOO,0.2777777777777778,-64
9778,200934,Ancient,TYLOO,0.2352941176470588,-17
9779,199360,Ancient,TYLOO,0.7647058823529412,-74
9780,201178,Ancient,TYLOO,0.5714285714285715,10
9781,199924,Ancient,TYLOO,0.7647058823529412,4
9782,203317,Ancient,TYLOO,0.5909090909090908,7
9783,203519,Ancient,TYLOO,0.5652173913043479,10
9784,203627,Ancient,TYLOO,0.5416666666666667,-3
9785,203698,Ancient,TYLOO,0.4347826086956522,7
9786,207412,Ancient,TYLOO,0.7647058823529412,2
9787,207824,Ancient,TYLOO,0.35,11
9788,207924,Ancient,TYLOO,0.4347826086956522,-2
9789,212512,Ancient,TYLOO,0.1875,18
9790,213626,Ancient,TYLOO,0.5909090909090908,6
9791,214876,Ancient,TYLOO,0.5909090909090908,13
9792,222116,Ancient,TYLOO,0.5319148936170213,-38
9793,223294,Ancient,TYLOO,0.3809523809523809,26
9794,223563,Ancient,TYLOO,0.0714285714285714,34
9795,224983,Ancient,TYLOO,0.4583333333333333,-56
9796,225630,Ancient,TYLOO,0.7222222222222222,-62
9797,225801,Ancient,TYLOO,0.6190476190476191,-61
9798,224853,Ancient,TYLOO,0.7647058823529412,-36
9799,225669,Ancient,TYLOO,0.5416666666666667,-101
9800,227689,Ancient,TYLOO,0.3809523809523809,-61
9801,227788,Ancient,TYLOO,0.2777777777777778,-62
9802,227886,Ancient,TYLOO,0.8125,-89
9803,228004,Ancient,TYLOO,0.409090909090909,-77
9804,228103,Ancient,TYLOO,0.4347826086956522,-82
9805,229348,Ancient,TYLOO,0.4285714285714286,5
9806,228695,Ancient,TYLOO,0.5909090909090908,-81
9807,228824,Ancient,TYLOO,0.2777777777777778,-48
9808,229054,Ancient,TYLOO,0.3157894736842105,-48
9809,203113,Anubis,TYLOO,0.5333333333333333,9
9810,165966,Anubis,TYLOO,0.3809523809523809,-7
9811,166205,Anubis,TYLOO,0.4583333333333333,-7
9812,167176,Anubis,TYLOO,0.2777777777777778,14
9813,166794,Anubis,TYLOO,0.5416666666666667,-94
9814,166879,Anubis,TYLOO,0.65,-182
9815,167820,Anubis,TYLOO,0.7222222222222222,4
9816,168025,Anubis,TYLOO,0.5517241379310345,-15
9817,169368,Anubis,TYLOO,0.4583333333333333,2
9818,169713,Anubis,TYLOO,0.35,2
9819,169889,Anubis,TYLOO,0.4285714285714286,-35
9820,171031,Anubis,TYLOO,0.1333333333333333,-56
9821,176929,Anubis,TYLOO,0.8666666666666667,-156
9822,177037,Anubis,TYLOO,0.5909090909090908,2
9823,177438,Anubis,TYLOO,0.6190476190476191,2
9824,178729,Anubis,TYLOO,0.4583333333333333,-96
9825,180585,Anubis,TYLOO,0.6190476190476191,8
9826,180677,Anubis,TYLOO,0.9285714285714286,-11
9827,180713,Anubis,TYLOO,0.8125,21
9828,180301,Anubis,TYLOO,0.8125,-11
9829,180397,Anubis,TYLOO,0.6190476190476191,-11
9830,182765,Anubis,TYLOO,0.3157894736842105,-11
9831,190789,Anubis,TYLOO,0.4583333333333333,-111
9832,190979,Anubis,TYLOO,0.7647058823529412,-103
9833,193944,Anubis,TYLOO,0.6190476190476191,21
9834,194081,Anubis,TYLOO,0.35,6
9835,194151,Anubis,TYLOO,0.6190476190476191,1
9836,194377,Anubis,TYLOO,0.4583333333333333,24
9837,197177,Anubis,TYLOO,0.7222222222222222,-21
9838,196826,Anubis,TYLOO,0.7222222222222222,-91
9839,196932,Anubis,TYLOO,0.5416666666666667,-132
9840,197853,Anubis,TYLOO,0.5714285714285715,-5
9841,198586,Anubis,TYLOO,0.5714285714285715,-35
9842,200874,Anubis,TYLOO,0.2777777777777778,-9
9843,201072,Anubis,TYLOO,0.8125,3
9844,201109,Anubis,TYLOO,0.2777777777777778,15
9845,201137,Anubis,TYLOO,0.2777777777777778,-5
9846,225806,Anubis,TYLOO,0.3809523809523809,-34
9847,228914,Anubis,TYLOO,0.8666666666666667,-81
9848,169640,Inferno,TYLOO,0.4285714285714285,-65
9849,203107,Inferno,TYLOO,0.5909090909090909,9
9850,203584,Inferno,TYLOO,0.35,9
9851,205730,Inferno,TYLOO,0.2352941176470588,14
9852,213554,Inferno,TYLOO,0.4583333333333333,20
9853,167738,Inferno,TYLOO,0.5428571428571429,-84
9854,167814,Inferno,TYLOO,0.409090909090909,4
9855,169153,Inferno,TYLOO,0.5333333333333333,-56
9856,169394,Inferno,TYLOO,0.8125,-114
9857,169628,Inferno,TYLOO,0.4814814814814815,9
9858,171030,Inferno,TYLOO,0.2352941176470588,-56
9859,174254,Inferno,TYLOO,0.4347826086956522,127
9860,174393,Inferno,TYLOO,0.5277777777777778,45
9861,174439,Inferno,TYLOO,0.65,89
9862,173747,Inferno,TYLOO,0.6190476190476191,98
9863,177023,Inferno,TYLOO,0.1333333333333333,2
9864,177430,Inferno,TYLOO,0.4583333333333333,2
9865,178733,Inferno,TYLOO,0.1875,-96
9866,180733,Inferno,TYLOO,0.5588235294117647,21
9867,180387,Inferno,TYLOO,0.4666666666666667,-11
9868,182752,Inferno,TYLOO,0.35,-11
9869,186374,Inferno,TYLOO,0.5416666666666667,-5
9870,187411,Inferno,TYLOO,0.8125,-24
9871,190505,Inferno,TYLOO,0.3809523809523809,-8
9872,190800,Inferno,TYLOO,0.6190476190476191,-111
9873,190967,Inferno,TYLOO,0.5517241379310345,-103
9874,192376,Inferno,TYLOO,0.409090909090909,27
9875,192394,Inferno,TYLOO,0.2777777777777778,10
9876,192421,Inferno,TYLOO,0.4583333333333333,16
9877,195952,Inferno,TYLOO,0.5416666666666667,-90
9878,193851,Inferno,TYLOO,0.7222222222222222,9
9879,193940,Inferno,TYLOO,0.5517241379310345,21
9880,194014,Inferno,TYLOO,0.4583333333333333,11
9881,194076,Inferno,TYLOO,0.4347826086956522,6
9882,194159,Inferno,TYLOO,0.5416666666666667,1
9883,194542,Inferno,TYLOO,0.5652173913043479,22
9884,194795,Inferno,TYLOO,0.4761904761904761,11
9885,197173,Inferno,TYLOO,0.5333333333333333,-21
9886,196060,Inferno,TYLOO,0.6842105263157895,-142
9887,196499,Inferno,TYLOO,0.3809523809523809,-78
9888,196815,Inferno,TYLOO,0.8666666666666667,-91
9889,197365,Inferno,TYLOO,0.6842105263157895,-135
9890,197793,Inferno,TYLOO,0.5588235294117647,-9
9891,198579,Inferno,TYLOO,0.409090909090909,-35
9892,198747,Inferno,TYLOO,0.5909090909090908,-1
9893,198834,Inferno,TYLOO,0.5909090909090908,-7
9894,198849,Inferno,TYLOO,0.6190476190476191,-1
9895,199070,Inferno,TYLOO,0.8125,4
9896,199252,Inferno,TYLOO,0.5416666666666667,11
9897,199414,Inferno,TYLOO,0.65,11
9898,199821,Inferno,TYLOO,0.5365853658536586,-1
9899,198995,Inferno,TYLOO,0.5416666666666667,-64
9900,201006,Inferno,TYLOO,0.5416666666666667,8
9901,201070,Inferno,TYLOO,0.4347826086956522,3
9902,203200,Inferno,TYLOO,0.6842105263157895,10
9903,203319,Inferno,TYLOO,0.65,7
9904,203434,Inferno,TYLOO,0.5652173913043479,-25
9905,203503,Inferno,TYLOO,0.4347826086956522,10
9906,203623,Inferno,TYLOO,0.6842105263157895,-3
9907,203693,Inferno,TYLOO,0.4761904761904761,7
9908,205628,Inferno,TYLOO,0.3809523809523809,3
9909,206174,Inferno,TYLOO,0.1875,1
9910,206317,Inferno,TYLOO,0.7222222222222222,-4
9911,207406,Inferno,TYLOO,0.8125,2
9912,207740,Inferno,TYLOO,0.4347826086956522,6
9913,207938,Inferno,TYLOO,0.5909090909090908,-2
9914,210815,Inferno,TYLOO,0.4347826086956522,-10
9915,210927,Inferno,TYLOO,0.35,2
9916,212509,Inferno,TYLOO,0.3809523809523809,18
9917,212622,Inferno,TYLOO,0.4583333333333333,6
9918,214880,Inferno,TYLOO,0.4666666666666667,13
9919,218487,Inferno,TYLOO,0.5277777777777778,-22
9920,222107,Inferno,TYLOO,0.5416666666666667,-38
9921,222458,Inferno,TYLOO,0.5909090909090908,-55
9922,223559,Inferno,TYLOO,0.5333333333333333,34
9923,224986,Inferno,TYLOO,0.409090909090909,-56
9924,225802,Inferno,TYLOO,0.7222222222222222,-61
9925,224789,Inferno,TYLOO,0.35,-155
9926,225440,Inferno,TYLOO,0.7647058823529412,-101
9927,227695,Inferno,TYLOO,0.6190476190476191,-61
9928,228009,Inferno,TYLOO,0.7647058823529412,-77
9929,228110,Inferno,TYLOO,0.5416666666666667,-82
9930,229308,Inferno,TYLOO,0.65,11
9931,228830,Inferno,TYLOO,0.1333333333333333,-48
9932,229045,Inferno,TYLOO,0.4482758620689655,-48
9933,230059,Inferno,TYLOO,0.5909090909090908,-151
9934,165329,Mirage,TYLOO,0.7647058823529411,-84
9935,225252,Mirage,TYLOO,0.5517241379310345,-132
9936,165369,Mirage,TYLOO,0.409090909090909,-13
9937,165484,Mirage,TYLOO,0.3157894736842105,-13
9938,165898,Mirage,TYLOO,0.7647058823529412,-102
9939,166816,Mirage,TYLOO,0.1333333333333333,-28
9940,166899,Mirage,TYLOO,0.3157894736842105,-28
9941,168019,Mirage,TYLOO,0.2777777777777778,-15
9942,169388,Mirage,TYLOO,0.65,-114
9943,169659,Mirage,TYLOO,0.3809523809523809,9
9944,169695,Mirage,TYLOO,0.7222222222222222,9
9945,174301,Mirage,TYLOO,0.5416666666666667,122
9946,173783,Mirage,TYLOO,0.4499999999999999,116
9947,176918,Mirage,TYLOO,0.4583333333333333,-156
9948,180741,Mirage,TYLOO,0.6190476190476191,21
9949,180281,Mirage,TYLOO,0.65,-47
9950,182440,Mirage,TYLOO,0.9285714285714286,-92
9951,182586,Mirage,TYLOO,0.6190476190476191,-11
9952,182736,Mirage,TYLOO,0.7222222222222222,-11
9953,186368,Mirage,TYLOO,0.8666666666666667,-5
9954,187341,Mirage,TYLOO,0.8125,-6
9955,192377,Mirage,TYLOO,0.1333333333333333,27
9956,191986,Mirage,TYLOO,0.7222222222222222,-89
9957,192014,Mirage,TYLOO,0.5428571428571429,-99
9958,192386,Mirage,TYLOO,0.6842105263157895,10
9959,195951,Mirage,TYLOO,0.4347826086956522,-90
9960,194001,Mirage,TYLOO,0.35,11
9961,194551,Mirage,TYLOO,0.2777777777777778,22
9962,196000,Mirage,TYLOO,0.4347826086956522,-8
9963,196052,Mirage,TYLOO,0.7647058823529412,-142
9964,196144,Mirage,TYLOO,0.7647058823529412,-118
9965,196493,Mirage,TYLOO,0.4347826086956522,-78
9966,196924,Mirage,TYLOO,0.7647058823529412,-132
9967,197860,Mirage,TYLOO,0.65,-5
9968,199260,Mirage,TYLOO,0.5416666666666667,11
9969,200901,Mirage,TYLOO,0.7647058823529412,-30
9970,201071,Mirage,TYLOO,0.8125,3
9971,201183,Mirage,TYLOO,0.4347826086956522,10
9972,199865,Mirage,TYLOO,0.8125,-122
9973,203183,Mirage,TYLOO,0.5909090909090908,10
9974,203511,Mirage,TYLOO,0.5333333333333333,10
9975,206129,Mirage,TYLOO,0.5416666666666667,-9
9976,207753,Mirage,TYLOO,0.4583333333333333,6
9977,207814,Mirage,TYLOO,0.5652173913043479,11
9978,207945,Mirage,TYLOO,0.3809523809523809,-2
9979,210929,Mirage,TYLOO,0.3809523809523809,2
9980,214679,Mirage,TYLOO,0.7222222222222222,-12
9981,218384,Mirage,TYLOO,0.65,-134
9982,223151,Mirage,TYLOO,0.3809523809523809,35
9983,222071,Mirage,TYLOO,0.8666666666666667,-134
9984,222360,Mirage,TYLOO,0.5652173913043479,-23
9985,223289,Mirage,TYLOO,0.5416666666666667,26
9986,223566,Mirage,TYLOO,0.1333333333333333,34
9987,225621,Mirage,TYLOO,0.6842105263157895,-49
9988,225627,Mirage,TYLOO,0.6190476190476191,-62
9989,225803,Mirage,TYLOO,0.8666666666666667,-34
9990,224795,Mirage,TYLOO,0.8125,-155
9991,224839,Mirage,TYLOO,0.8125,-36
9992,225452,Mirage,TYLOO,0.8666666666666667,-101
9993,225659,Mirage,TYLOO,0.65,-101
9994,227487,Mirage,TYLOO,0.7222222222222222,-102
9995,227798,Mirage,TYLOO,0.8666666666666667,-62
9996,227892,Mirage,TYLOO,0.7647058823529412,-89
9997,228016,Mirage,TYLOO,0.65,-77
9998,229439,Mirage,TYLOO,0.2777777777777778,-10
9999,228595,Mirage,TYLOO,0.7647058823529412,-96
10000,230056,Mirage,TYLOO,0.9285714285714286,-151
10001,165337,Nuke,TYLOO,0.5333333333333333,-84
10002,169651,Nuke,TYLOO,0.5909090909090909,-65
10003,205733,Nuke,TYLOO,0.3809523809523809,14
10004,213548,Nuke,TYLOO,0.7647058823529411,20
10005,225237,Nuke,TYLOO,0.4583333333333333,-132
10006,165363,Nuke,TYLOO,0.7647058823529412,-13
10007,165480,Nuke,TYLOO,0.65,-13
10008,165906,Nuke,TYLOO,0.7647058823529412,-102
10009,165972,Nuke,TYLOO,0.4482758620689655,-7
10010,166185,Nuke,TYLOO,0.35,18
10011,166209,Nuke,TYLOO,0.4583333333333333,-7
10012,166881,Nuke,TYLOO,0.6842105263157895,-182
10013,166894,Nuke,TYLOO,0.5416666666666667,-28
10014,167729,Nuke,TYLOO,0.35,-84
10015,167824,Nuke,TYLOO,0.6190476190476191,4
10016,168014,Nuke,TYLOO,0.4583333333333333,-15
10017,169362,Nuke,TYLOO,0.4583333333333333,2
10018,169714,Nuke,TYLOO,0.2352941176470588,2
10019,169683,Nuke,TYLOO,0.65,-127
10020,169694,Nuke,TYLOO,0.65,9
10021,169823,Nuke,TYLOO,0.8666666666666667,-79
10022,169826,Nuke,TYLOO,0.6190476190476191,-51
10023,170995,Nuke,TYLOO,0.5416666666666667,-40
10024,171029,Nuke,TYLOO,0.8125,-56
10025,173080,Nuke,TYLOO,0.35,98
10026,174310,Nuke,TYLOO,0.4347826086956522,122
10027,173672,Nuke,TYLOO,0.8666666666666667,-42
10028,173775,Nuke,TYLOO,0.0,116
10029,178695,Nuke,TYLOO,0.7222222222222222,-15
10030,180275,Nuke,TYLOO,0.7647058823529412,-47
10031,190428,Nuke,TYLOO,0.5909090909090908,-113
10032,190502,Nuke,TYLOO,0.3157894736842105,-8
10033,194008,Nuke,TYLOO,0.7222222222222222,11
10034,194384,Nuke,TYLOO,0.3157894736842105,24
10035,197357,Nuke,TYLOO,0.4583333333333333,-135
10036,197784,Nuke,TYLOO,0.4347826086956522,-9
10037,198571,Nuke,TYLOO,0.5909090909090908,-35
10038,198853,Nuke,TYLOO,0.409090909090909,-1
10039,199368,Nuke,TYLOO,0.7647058823529412,-74
10040,199871,Nuke,TYLOO,0.7647058823529412,-122
10041,203191,Nuke,TYLOO,0.3809523809523809,10
10042,203424,Nuke,TYLOO,0.5333333333333333,-25
10043,203506,Nuke,TYLOO,0.7647058823529412,10
10044,206315,Nuke,TYLOO,0.409090909090909,-4
10045,206332,Nuke,TYLOO,0.4583333333333333,1
10046,210920,Nuke,TYLOO,0.5909090909090908,2
10047,212616,Nuke,TYLOO,0.3157894736842105,6
10048,213624,Nuke,TYLOO,0.35,6
10049,214726,Nuke,TYLOO,0.3809523809523809,-6
10050,218390,Nuke,TYLOO,0.65,-134
10051,218540,Nuke,TYLOO,0.5714285714285715,-2
10052,222363,Nuke,TYLOO,0.5416666666666667,-23
10053,222454,Nuke,TYLOO,0.8666666666666667,-55
10054,225625,Nuke,TYLOO,0.5652173913043479,-49
10055,225814,Nuke,TYLOO,0.6190476190476191,-34
10056,224791,Nuke,TYLOO,0.5652173913043479,-155
10057,227491,Nuke,TYLOO,0.9285714285714286,-102
10058,227699,Nuke,TYLOO,0.409090909090909,-61
10059,229446,Nuke,TYLOO,0.6190476190476191,-10
10060,228589,Nuke,TYLOO,0.7222222222222222,-96
10061,165538,Ancient,Ninjas in Pyjamas,0.4090909090909091,-22
10062,165282,Ancient,Ninjas in Pyjamas,0.1875,6
10063,166281,Ancient,Ninjas in Pyjamas,0.6842105263157895,-91
10064,170437,Ancient,Ninjas in Pyjamas,0.2777777777777778,-2
10065,172769,Ancient,Ninjas in Pyjamas,0.5652173913043478,-5
10066,174765,Ancient,Ninjas in Pyjamas,0.4722222222222222,-12
10067,177643,Ancient,Ninjas in Pyjamas,0.5714285714285714,28
10068,179374,Ancient,Ninjas in Pyjamas,0.1333333333333333,-33
10069,181762,Ancient,Ninjas in Pyjamas,0.6190476190476191,-33
10070,188512,Ancient,Ninjas in Pyjamas,0.5517241379310345,-36
10071,197624,Ancient,Ninjas in Pyjamas,0.4347826086956521,-21
10072,198447,Ancient,Ninjas in Pyjamas,0.7647058823529411,-4
10073,199356,Ancient,Ninjas in Pyjamas,0.5909090909090909,27
10074,204363,Ancient,Ninjas in Pyjamas,0.3809523809523809,11
10075,206758,Ancient,Ninjas in Pyjamas,0.8666666666666667,-151
10076,208086,Ancient,Ninjas in Pyjamas,0.65,-14
10077,208201,Ancient,Ninjas in Pyjamas,0.5909090909090909,-19
10078,211940,Ancient,Ninjas in Pyjamas,0.2777777777777778,-12
10079,223183,Ancient,Ninjas in Pyjamas,0.4583333333333333,20
10080,221363,Ancient,Ninjas in Pyjamas,0.35,4
10081,227028,Ancient,Ninjas in Pyjamas,0.65,-17
10082,165219,Ancient,Ninjas in Pyjamas,0.5652173913043479,2
10083,165334,Ancient,Ninjas in Pyjamas,0.3157894736842105,2
10084,166262,Ancient,Ninjas in Pyjamas,0.4716981132075472,26
10085,166354,Ancient,Ninjas in Pyjamas,0.3157894736842105,23
10086,167515,Ancient,Ninjas in Pyjamas,0.2352941176470588,-28
10087,167581,Ancient,Ninjas in Pyjamas,0.6842105263157895,-38
10088,169524,Ancient,Ninjas in Pyjamas,0.7222222222222222,17
10089,172709,Ancient,Ninjas in Pyjamas,0.5416666666666667,44
10090,172808,Ancient,Ninjas in Pyjamas,0.3157894736842105,38
10091,173183,Ancient,Ninjas in Pyjamas,0.7222222222222222,-42
10092,173379,Ancient,Ninjas in Pyjamas,0.4583333333333333,36
10093,174830,Ancient,Ninjas in Pyjamas,0.6190476190476191,-10
10094,174888,Ancient,Ninjas in Pyjamas,0.35,21
10095,173802,Ancient,Ninjas in Pyjamas,0.3809523809523809,-13
10096,177061,Ancient,Ninjas in Pyjamas,0.5652173913043479,35
10097,177145,Ancient,Ninjas in Pyjamas,0.5416666666666667,36
10098,177365,Ancient,Ninjas in Pyjamas,0.5416666666666667,10
10099,177489,Ancient,Ninjas in Pyjamas,0.65,22
10100,178089,Ancient,Ninjas in Pyjamas,0.5652173913043479,30
10101,178271,Ancient,Ninjas in Pyjamas,0.4583333333333333,10
10102,178923,Ancient,Ninjas in Pyjamas,0.6842105263157895,-106
10103,179187,Ancient,Ninjas in Pyjamas,0.5333333333333333,-27
10104,180303,Ancient,Ninjas in Pyjamas,0.5416666666666667,-29
10105,180407,Ancient,Ninjas in Pyjamas,0.5333333333333333,11
10106,180508,Ancient,Ninjas in Pyjamas,0.35,12
10107,181971,Ancient,Ninjas in Pyjamas,0.8125,-21
10108,182777,Ancient,Ninjas in Pyjamas,0.5416666666666667,-44
10109,182821,Ancient,Ninjas in Pyjamas,0.5909090909090908,-28
10110,183190,Ancient,Ninjas in Pyjamas,0.3157894736842105,20
10111,183303,Ancient,Ninjas in Pyjamas,0.5416666666666667,15
10112,183443,Ancient,Ninjas in Pyjamas,0.5517241379310345,3
10113,185694,Ancient,Ninjas in Pyjamas,0.4666666666666667,-18
10114,186402,Ancient,Ninjas in Pyjamas,0.5333333333333333,-141
10115,188583,Ancient,Ninjas in Pyjamas,0.5652173913043479,-4
10116,187769,Ancient,Ninjas in Pyjamas,0.409090909090909,-34
10117,187951,Ancient,Ninjas in Pyjamas,0.4583333333333333,10
10118,190589,Ancient,Ninjas in Pyjamas,0.4347826086956522,-46
10119,191101,Ancient,Ninjas in Pyjamas,0.4347826086956522,-29
10120,191358,Ancient,Ninjas in Pyjamas,0.5365853658536586,-35
10121,191663,Ancient,Ninjas in Pyjamas,0.409090909090909,42
10122,191700,Ancient,Ninjas in Pyjamas,0.4583333333333333,78
10123,191735,Ancient,Ninjas in Pyjamas,0.5416666666666667,26
10124,191830,Ancient,Ninjas in Pyjamas,0.4347826086956522,78
10125,194684,Ancient,Ninjas in Pyjamas,0.6190476190476191,37
10126,194970,Ancient,Ninjas in Pyjamas,0.2777777777777778,37
10127,195377,Ancient,Ninjas in Pyjamas,0.4583333333333333,-148
10128,195987,Ancient,Ninjas in Pyjamas,0.7222222222222222,3
10129,196690,Ancient,Ninjas in Pyjamas,0.5909090909090908,37
10130,196842,Ancient,Ninjas in Pyjamas,0.409090909090909,7
10131,199553,Ancient,Ninjas in Pyjamas,0.5652173913043479,-36
10132,200282,Ancient,Ninjas in Pyjamas,0.3157894736842105,-39
10133,200466,Ancient,Ninjas in Pyjamas,0.6190476190476191,-32
10134,200648,Ancient,Ninjas in Pyjamas,0.5416666666666667,-22
10135,200700,Ancient,Ninjas in Pyjamas,0.4499999999999999,-1
10136,201447,Ancient,Ninjas in Pyjamas,0.6190476190476191,-36
10137,201829,Ancient,Ninjas in Pyjamas,0.7222222222222222,-39
10138,202008,Ancient,Ninjas in Pyjamas,0.2352941176470588,-17
10139,201504,Ancient,Ninjas in Pyjamas,0.3157894736842105,-29
10140,201584,Ancient,Ninjas in Pyjamas,0.4347826086956522,-16
10141,203615,Ancient,Ninjas in Pyjamas,0.5909090909090908,5
10142,204651,Ancient,Ninjas in Pyjamas,0.4583333333333333,-20
10143,204920,Ancient,Ninjas in Pyjamas,0.35,-39
10144,206187,Ancient,Ninjas in Pyjamas,0.5909090909090908,-69
10145,212103,Ancient,Ninjas in Pyjamas,0.4347826086956522,7
10146,214919,Ancient,Ninjas in Pyjamas,0.1875,13
10147,215846,Ancient,Ninjas in Pyjamas,0.7647058823529412,-58
10148,216535,Ancient,Ninjas in Pyjamas,0.4482758620689655,8
10149,218403,Ancient,Ninjas in Pyjamas,0.6842105263157895,-5
10150,218554,Ancient,Ninjas in Pyjamas,0.5652173913043479,2
10151,221064,Ancient,Ninjas in Pyjamas,0.4482758620689655,-7
10152,221195,Ancient,Ninjas in Pyjamas,0.5416666666666667,-4
10153,223438,Ancient,Ninjas in Pyjamas,0.409090909090909,10
10154,225158,Ancient,Ninjas in Pyjamas,0.7222222222222222,-3
10155,225370,Ancient,Ninjas in Pyjamas,0.4583333333333333,7
10156,227250,Ancient,Ninjas in Pyjamas,0.7222222222222222,-4
10157,229307,Ancient,Ninjas in Pyjamas,0.409090909090909,13
10158,229405,Ancient,Ninjas in Pyjamas,0.1875,-12
10159,174748,Anubis,Ninjas in Pyjamas,0.2777777777777778,-12
10160,179366,Anubis,Ninjas in Pyjamas,0.4583333333333333,-33
10161,188401,Anubis,Ninjas in Pyjamas,0.5714285714285714,-23
10162,192785,Anubis,Ninjas in Pyjamas,0.5909090909090909,35
10163,193101,Anubis,Ninjas in Pyjamas,0.35,55
10164,196138,Anubis,Ninjas in Pyjamas,0.5714285714285714,27
10165,198348,Anubis,Ninjas in Pyjamas,0.7647058823529411,-28
10166,198445,Anubis,Ninjas in Pyjamas,0.5909090909090909,-4
10167,217777,Anubis,Ninjas in Pyjamas,0.5652173913043478,7
10168,221370,Anubis,Ninjas in Pyjamas,0.5428571428571428,4
10169,222546,Anubis,Ninjas in Pyjamas,0.5652173913043478,-83
10170,169468,Anubis,Ninjas in Pyjamas,0.1333333333333333,18
10171,169662,Anubis,Ninjas in Pyjamas,0.409090909090909,18
10172,172701,Anubis,Ninjas in Pyjamas,0.5909090909090908,44
10173,173177,Anubis,Ninjas in Pyjamas,0.9285714285714286,-42
10174,174875,Anubis,Ninjas in Pyjamas,0.5652173913043479,31
10175,177348,Anubis,Ninjas in Pyjamas,0.6842105263157895,10
10176,180188,Anubis,Ninjas in Pyjamas,0.35,11
10177,180316,Anubis,Ninjas in Pyjamas,0.5416666666666667,-29
10178,181773,Anubis,Ninjas in Pyjamas,0.35,-29
10179,183459,Anubis,Ninjas in Pyjamas,0.3157894736842105,3
10180,188435,Anubis,Ninjas in Pyjamas,0.2777777777777778,36
10181,187957,Anubis,Ninjas in Pyjamas,0.4285714285714286,10
10182,190467,Anubis,Ninjas in Pyjamas,0.5416666666666667,-54
10183,191369,Anubis,Ninjas in Pyjamas,0.4583333333333333,-35
10184,191714,Anubis,Ninjas in Pyjamas,0.3157894736842105,26
10185,193383,Anubis,Ninjas in Pyjamas,0.7647058823529412,-59
10186,194850,Anubis,Ninjas in Pyjamas,0.4347826086956522,-3
10187,195982,Anubis,Ninjas in Pyjamas,0.3809523809523809,3
10188,196831,Anubis,Ninjas in Pyjamas,0.5416666666666667,7
10189,199482,Anubis,Ninjas in Pyjamas,0.4347826086956522,33
10190,200279,Anubis,Ninjas in Pyjamas,0.4583333333333333,-39
10191,200456,Anubis,Ninjas in Pyjamas,0.5416666666666667,-32
10192,202014,Anubis,Ninjas in Pyjamas,0.3809523809523809,-17
10193,218411,Anubis,Ninjas in Pyjamas,0.409090909090909,-5
10194,221182,Anubis,Ninjas in Pyjamas,0.1875,-4
10195,221579,Anubis,Ninjas in Pyjamas,0.4347826086956522,15
10196,227110,Anubis,Ninjas in Pyjamas,0.4666666666666667,8
10197,227160,Anubis,Ninjas in Pyjamas,0.5416666666666667,-13
10198,227272,Anubis,Ninjas in Pyjamas,0.7222222222222222,-4
10199,227351,Anubis,Ninjas in Pyjamas,0.1333333333333333,8
10200,193105,Dust2,Ninjas in Pyjamas,0.4347826086956521,55
10201,195988,Dust2,Ninjas in Pyjamas,0.4090909090909091,-53
10202,197618,Dust2,Ninjas in Pyjamas,0.5909090909090909,-21
10203,198439,Dust2,Ninjas in Pyjamas,0.4347826086956521,14
10204,199351,Dust2,Ninjas in Pyjamas,0.4583333333333333,27
10205,199427,Dust2,Ninjas in Pyjamas,0.2352941176470588,37
10206,199839,Dust2,Ninjas in Pyjamas,0.4583333333333333,37
10207,201934,Dust2,Ninjas in Pyjamas,0.6190476190476191,-25
10208,204369,Dust2,Ninjas in Pyjamas,0.5416666666666666,11
10209,206857,Dust2,Ninjas in Pyjamas,0.2777777777777778,-18
10210,214855,Dust2,Ninjas in Pyjamas,0.4571428571428571,1
10211,223194,Dust2,Ninjas in Pyjamas,0.3809523809523809,20
10212,222548,Dust2,Ninjas in Pyjamas,0.7222222222222222,-23
10213,222855,Dust2,Ninjas in Pyjamas,0.5652173913043478,-55
10214,183199,Dust2,Ninjas in Pyjamas,0.409090909090909,20
10215,183317,Dust2,Ninjas in Pyjamas,0.0714285714285714,15
10216,186414,Dust2,Ninjas in Pyjamas,0.4347826086956522,-141
10217,186826,Dust2,Ninjas in Pyjamas,0.1333333333333333,16
10218,186889,Dust2,Ninjas in Pyjamas,0.1333333333333333,10
10219,188584,Dust2,Ninjas in Pyjamas,0.4347826086956522,-4
10220,187700,Dust2,Ninjas in Pyjamas,0.6190476190476191,-57
10221,190459,Dust2,Ninjas in Pyjamas,0.3809523809523809,-54
10222,191366,Dust2,Ninjas in Pyjamas,0.4571428571428572,-35
10223,192996,Dust2,Ninjas in Pyjamas,0.65,28
10224,193416,Dust2,Ninjas in Pyjamas,0.4499999999999999,47
10225,193394,Dust2,Ninjas in Pyjamas,0.4583333333333333,-59
10226,196389,Dust2,Ninjas in Pyjamas,0.65,-83
10227,196838,Dust2,Ninjas in Pyjamas,0.5714285714285715,7
10228,198365,Dust2,Ninjas in Pyjamas,0.8125,-123
10229,199653,Dust2,Ninjas in Pyjamas,0.5652173913043479,31
10230,200159,Dust2,Ninjas in Pyjamas,0.5909090909090908,-10
10231,200711,Dust2,Ninjas in Pyjamas,0.2352941176470588,-1
10232,201954,Dust2,Ninjas in Pyjamas,0.1875,-29
10233,201489,Dust2,Ninjas in Pyjamas,0.5416666666666667,-36
10234,203734,Dust2,Ninjas in Pyjamas,0.4583333333333333,18
10235,203633,Dust2,Ninjas in Pyjamas,0.65,8
10236,204661,Dust2,Ninjas in Pyjamas,0.409090909090909,-20
10237,206192,Dust2,Ninjas in Pyjamas,0.1875,-69
10238,208393,Dust2,Ninjas in Pyjamas,0.5416666666666667,-3
10239,211790,Dust2,Ninjas in Pyjamas,0.4347826086956522,4
10240,217838,Dust2,Ninjas in Pyjamas,0.35,-3
10241,219934,Dust2,Ninjas in Pyjamas,0.7647058823529412,-16
10242,221205,Dust2,Ninjas in Pyjamas,0.3809523809523809,-4
10243,221442,Dust2,Ninjas in Pyjamas,0.5333333333333333,-52
10244,221593,Dust2,Ninjas in Pyjamas,0.4482758620689655,15
10245,222693,Dust2,Ninjas in Pyjamas,0.5909090909090908,-52
10246,227102,Dust2,Ninjas in Pyjamas,0.35,8
10247,227339,Dust2,Ninjas in Pyjamas,0.3157894736842105,8
10248,229396,Dust2,Ninjas in Pyjamas,0.3809523809523809,-12
10249,165289,Inferno,Ninjas in Pyjamas,0.4347826086956521,6
10250,200351,Inferno,Ninjas in Pyjamas,0.7647058823529411,-19
10251,165216,Inferno,Ninjas in Pyjamas,0.409090909090909,2
10252,165343,Inferno,Ninjas in Pyjamas,0.4666666666666667,2
10253,167572,Inferno,Ninjas in Pyjamas,0.2777777777777778,-38
10254,172718,Inferno,Ninjas in Pyjamas,0.5909090909090908,-23
10255,172882,Inferno,Ninjas in Pyjamas,0.65,37
10256,172894,Inferno,Ninjas in Pyjamas,0.409090909090909,38
10257,174839,Inferno,Ninjas in Pyjamas,0.7222222222222222,-10
10258,175813,Inferno,Ninjas in Pyjamas,0.35,-1
10259,178266,Inferno,Ninjas in Pyjamas,0.5416666666666667,10
10260,180196,Inferno,Ninjas in Pyjamas,0.4583333333333333,11
10261,180421,Inferno,Ninjas in Pyjamas,0.5416666666666667,11
10262,180515,Inferno,Ninjas in Pyjamas,0.3809523809523809,12
10263,180582,Inferno,Ninjas in Pyjamas,0.2777777777777778,9
10264,181968,Inferno,Ninjas in Pyjamas,0.1875,-21
10265,193001,Inferno,Ninjas in Pyjamas,0.8125,28
10266,194411,Inferno,Ninjas in Pyjamas,0.6842105263157895,-74
10267,196556,Inferno,Ninjas in Pyjamas,0.2777777777777778,37
10268,196675,Inferno,Ninjas in Pyjamas,0.6842105263157895,-8
10269,196697,Inferno,Ninjas in Pyjamas,0.6190476190476191,37
10270,196783,Inferno,Ninjas in Pyjamas,0.5909090909090908,50
10271,196846,Inferno,Ninjas in Pyjamas,0.6190476190476191,7
10272,199493,Inferno,Ninjas in Pyjamas,0.3809523809523809,33
10273,201773,Inferno,Ninjas in Pyjamas,0.3809523809523809,-27
10274,201867,Inferno,Ninjas in Pyjamas,0.5416666666666667,-45
10275,201955,Inferno,Ninjas in Pyjamas,0.7222222222222222,-29
10276,201968,Inferno,Ninjas in Pyjamas,0.8666666666666667,-2
10277,201575,Inferno,Ninjas in Pyjamas,0.2777777777777778,-16
10278,203926,Inferno,Ninjas in Pyjamas,0.1875,17
10279,208304,Inferno,Ninjas in Pyjamas,0.35,16
10280,208411,Inferno,Ninjas in Pyjamas,0.4347826086956522,16
10281,212090,Inferno,Ninjas in Pyjamas,0.409090909090909,7
10282,214822,Inferno,Ninjas in Pyjamas,0.4285714285714286,16
10283,165519,Mirage,Ninjas in Pyjamas,0.4347826086956521,-22
10284,175628,Mirage,Ninjas in Pyjamas,0.5416666666666666,-7
10285,175904,Mirage,Ninjas in Pyjamas,0.4761904761904761,-7
10286,177656,Mirage,Ninjas in Pyjamas,0.35,28
10287,188604,Mirage,Ninjas in Pyjamas,0.2777777777777778,40
10288,191144,Mirage,Ninjas in Pyjamas,0.65,-57
10289,206855,Mirage,Ninjas in Pyjamas,0.2352941176470588,-18
10290,223189,Mirage,Ninjas in Pyjamas,0.6842105263157895,20
10291,221360,Mirage,Ninjas in Pyjamas,0.7647058823529411,4
10292,165378,Mirage,Ninjas in Pyjamas,0.4666666666666667,8
10293,167141,Mirage,Ninjas in Pyjamas,0.3157894736842105,20
10294,167527,Mirage,Ninjas in Pyjamas,0.3809523809523809,-28
10295,168755,Mirage,Ninjas in Pyjamas,0.6190476190476191,-93
10296,168829,Mirage,Ninjas in Pyjamas,0.4347826086956522,6
10297,171440,Mirage,Ninjas in Pyjamas,0.4666666666666667,6
10298,175820,Mirage,Ninjas in Pyjamas,0.4347826086956522,-1
10299,178930,Mirage,Ninjas in Pyjamas,0.65,-106
10300,180297,Mirage,Ninjas in Pyjamas,0.2352941176470588,-29
10301,180576,Mirage,Ninjas in Pyjamas,0.3157894736842105,9
10302,182766,Mirage,Ninjas in Pyjamas,0.3157894736842105,-44
10303,182813,Mirage,Ninjas in Pyjamas,0.35,-28
10304,183313,Mirage,Ninjas in Pyjamas,0.409090909090909,15
10305,186370,Mirage,Ninjas in Pyjamas,0.4666666666666667,3
10306,186820,Mirage,Ninjas in Pyjamas,0.5277777777777778,10
10307,188585,Mirage,Ninjas in Pyjamas,0.6190476190476191,-4
10308,187762,Mirage,Ninjas in Pyjamas,0.4482758620689655,-34
10309,190463,Mirage,Ninjas in Pyjamas,0.7647058823529412,-54
10310,190581,Mirage,Ninjas in Pyjamas,0.409090909090909,-46
10311,191099,Mirage,Ninjas in Pyjamas,0.5909090909090908,-29
10312,191728,Mirage,Ninjas in Pyjamas,0.5909090909090908,26
10313,191819,Mirage,Ninjas in Pyjamas,0.4411764705882353,78
10314,193289,Mirage,Ninjas in Pyjamas,0.5652173913043479,28
10315,194663,Mirage,Ninjas in Pyjamas,0.4347826086956522,37
10316,194966,Mirage,Ninjas in Pyjamas,0.1875,37
10317,204903,Mirage,Ninjas in Pyjamas,0.6842105263157895,-39
10318,206178,Mirage,Ninjas in Pyjamas,0.1875,-69
10319,206261,Mirage,Ninjas in Pyjamas,0.35,-25
10320,215937,Mirage,Ninjas in Pyjamas,0.65,-3
10321,216532,Mirage,Ninjas in Pyjamas,0.6190476190476191,8
10322,217725,Mirage,Ninjas in Pyjamas,0.3809523809523809,8
10323,218550,Mirage,Ninjas in Pyjamas,0.4285714285714286,2
10324,219949,Mirage,Ninjas in Pyjamas,0.35,-16
10325,222523,Mirage,Ninjas in Pyjamas,0.2777777777777778,-18
10326,223427,Mirage,Ninjas in Pyjamas,0.4722222222222222,10
10327,225358,Mirage,Ninjas in Pyjamas,0.4583333333333333,7
10328,225492,Mirage,Ninjas in Pyjamas,0.35,10
10329,227149,Mirage,Ninjas in Pyjamas,0.5428571428571429,-13
10330,227265,Mirage,Ninjas in Pyjamas,0.4583333333333333,-4
10331,170439,Nuke,Ninjas in Pyjamas,0.1875,-2
10332,172490,Nuke,Ninjas in Pyjamas,0.6842105263157895,-122
10333,172762,Nuke,Ninjas in Pyjamas,0.4090909090909091,-5
10334,177172,Nuke,Ninjas in Pyjamas,0.3157894736842105,28
10335,177662,Nuke,Ninjas in Pyjamas,0.3157894736842105,28
10336,187891,Nuke,Ninjas in Pyjamas,0.7647058823529411,-19
10337,191142,Nuke,Ninjas in Pyjamas,0.6190476190476191,-57
10338,197610,Nuke,Ninjas in Pyjamas,0.3157894736842105,-21
10339,198352,Nuke,Ninjas in Pyjamas,1.0,-28
10340,198437,Nuke,Ninjas in Pyjamas,0.5909090909090909,14
10341,198446,Nuke,Ninjas in Pyjamas,0.7647058823529411,-4
10342,200348,Nuke,Ninjas in Pyjamas,0.9285714285714286,-19
10343,201932,Nuke,Ninjas in Pyjamas,0.8666666666666667,-25
10344,204374,Nuke,Ninjas in Pyjamas,0.4583333333333333,11
10345,206761,Nuke,Ninjas in Pyjamas,0.8666666666666667,-151
10346,206840,Nuke,Ninjas in Pyjamas,0.7647058823529411,-13
10347,206854,Nuke,Ninjas in Pyjamas,0.5909090909090909,-18
10348,211944,Nuke,Ninjas in Pyjamas,0.5652173913043478,-12
10349,214726,Nuke,Ninjas in Pyjamas,0.6190476190476191,6
10350,217770,Nuke,Ninjas in Pyjamas,0.7222222222222222,7
10351,222850,Nuke,Ninjas in Pyjamas,0.8125,-55
10352,227032,Nuke,Ninjas in Pyjamas,0.65,-17
10353,166350,Nuke,Ninjas in Pyjamas,0.3809523809523809,23
10354,167098,Nuke,Ninjas in Pyjamas,0.409090909090909,26
10355,172693,Nuke,Ninjas in Pyjamas,0.1875,44
10356,172727,Nuke,Ninjas in Pyjamas,0.5909090909090908,-23
10357,173372,Nuke,Ninjas in Pyjamas,0.409090909090909,36
10358,174633,Nuke,Ninjas in Pyjamas,0.3809523809523809,55
10359,174869,Nuke,Ninjas in Pyjamas,0.5652173913043479,31
10360,177504,Nuke,Ninjas in Pyjamas,0.65,22
10361,182793,Nuke,Ninjas in Pyjamas,0.3157894736842105,-44
10362,182825,Nuke,Ninjas in Pyjamas,0.35,-28
10363,183115,Nuke,Ninjas in Pyjamas,0.35,3
10364,183454,Nuke,Ninjas in Pyjamas,0.35,3
10365,185691,Nuke,Ninjas in Pyjamas,0.35,-18
10366,186397,Nuke,Ninjas in Pyjamas,0.4583333333333333,-141
10367,186818,Nuke,Ninjas in Pyjamas,0.35,10
10368,188388,Nuke,Ninjas in Pyjamas,0.35,42
10369,190585,Nuke,Ninjas in Pyjamas,0.8666666666666667,-46
10370,191096,Nuke,Ninjas in Pyjamas,0.4666666666666667,-29
10371,191256,Nuke,Ninjas in Pyjamas,0.5652173913043479,-29
10372,191632,Nuke,Ninjas in Pyjamas,0.4583333333333333,42
10373,191801,Nuke,Ninjas in Pyjamas,0.5588235294117647,78
10374,193376,Nuke,Ninjas in Pyjamas,0.4583333333333333,-59
10375,194418,Nuke,Ninjas in Pyjamas,0.7222222222222222,-74
10376,194645,Nuke,Ninjas in Pyjamas,0.7647058823529412,37
10377,194899,Nuke,Ninjas in Pyjamas,0.4761904761904761,-3
10378,195984,Nuke,Ninjas in Pyjamas,0.5714285714285715,3
10379,196382,Nuke,Ninjas in Pyjamas,1.0,-83
10380,196835,Nuke,Ninjas in Pyjamas,0.2352941176470588,7
10381,198367,Nuke,Ninjas in Pyjamas,0.7647058823529412,-123
10382,199555,Nuke,Ninjas in Pyjamas,0.65,-36
10383,199654,Nuke,Ninjas in Pyjamas,0.5652173913043479,31
10384,200273,Nuke,Ninjas in Pyjamas,0.6190476190476191,-39
10385,200459,Nuke,Ninjas in Pyjamas,0.3157894736842105,-32
10386,200687,Nuke,Ninjas in Pyjamas,0.5909090909090908,-1
10387,201771,Nuke,Ninjas in Pyjamas,0.7222222222222222,-27
10388,201877,Nuke,Ninjas in Pyjamas,0.6842105263157895,-45
10389,201471,Nuke,Ninjas in Pyjamas,0.4583333333333333,-36
10390,201823,Nuke,Ninjas in Pyjamas,0.65,-39
10391,201963,Nuke,Ninjas in Pyjamas,0.6842105263157895,-2
10392,201998,Nuke,Ninjas in Pyjamas,0.6842105263157895,-17
10393,201580,Nuke,Ninjas in Pyjamas,0.5909090909090908,-16
10394,203608,Nuke,Ninjas in Pyjamas,0.4347826086956522,5
10395,203630,Nuke,Ninjas in Pyjamas,0.6190476190476191,8
10396,203863,Nuke,Ninjas in Pyjamas,0.6842105263157895,5
10397,203922,Nuke,Ninjas in Pyjamas,0.5909090909090908,17
10398,204639,Nuke,Ninjas in Pyjamas,0.6842105263157895,-20
10399,206269,Nuke,Ninjas in Pyjamas,0.65,-25
10400,206766,Nuke,Ninjas in Pyjamas,0.65,-44
10401,208303,Nuke,Ninjas in Pyjamas,0.409090909090909,16
10402,208403,Nuke,Ninjas in Pyjamas,0.35,16
10403,211784,Nuke,Ninjas in Pyjamas,0.35,4
10404,214525,Nuke,Ninjas in Pyjamas,0.7222222222222222,-19
10405,214674,Nuke,Ninjas in Pyjamas,0.5652173913043479,13
10406,214831,Nuke,Ninjas in Pyjamas,0.4285714285714286,16
10407,215836,Nuke,Ninjas in Pyjamas,0.9285714285714286,-58
10408,216525,Nuke,Ninjas in Pyjamas,0.4347826086956522,8
10409,217720,Nuke,Ninjas in Pyjamas,0.3157894736842105,8
10410,217844,Nuke,Ninjas in Pyjamas,0.409090909090909,-3
10411,218419,Nuke,Ninjas in Pyjamas,0.5416666666666667,-5
10412,218545,Nuke,Ninjas in Pyjamas,0.5652173913043479,2
10413,219941,Nuke,Ninjas in Pyjamas,0.3157894736842105,-16
10414,221077,Nuke,Ninjas in Pyjamas,0.5416666666666667,-7
10415,221452,Nuke,Ninjas in Pyjamas,0.7647058823529412,-52
10416,222697,Nuke,Ninjas in Pyjamas,0.65,-52
10417,222824,Nuke,Ninjas in Pyjamas,0.7647058823529412,-38
10418,223418,Nuke,Ninjas in Pyjamas,0.8125,10
10419,225123,Nuke,Ninjas in Pyjamas,0.35,-3
10420,225335,Nuke,Ninjas in Pyjamas,0.6842105263157895,7
10421,225482,Nuke,Ninjas in Pyjamas,0.4666666666666667,10
10422,227094,Nuke,Ninjas in Pyjamas,0.5652173913043479,8
10423,227327,Nuke,Ninjas in Pyjamas,0.5333333333333333,8
10424,229398,Nuke,Ninjas in Pyjamas,0.5909090909090908,-12
10425,170672,Ancient,HEROIC,0.5909090909090909,-10
10426,171770,Ancient,HEROIC,0.5416666666666666,-10
10427,172344,Ancient,HEROIC,0.3157894736842105,16
10428,173060,Ancient,HEROIC,0.3809523809523809,-26
10429,175504,Ancient,HEROIC,0.7647058823529411,-6
10430,175697,Ancient,HEROIC,0.6842105263157895,-6
10431,176395,Ancient,HEROIC,0.2352941176470588,1
10432,176436,Ancient,HEROIC,0.5909090909090909,-19
10433,177061,Ancient,HEROIC,0.4347826086956521,-35
10434,180843,Ancient,HEROIC,0.5652173913043478,-12
10435,183200,Ancient,HEROIC,0.3157894736842105,-36
10436,183306,Ancient,HEROIC,0.4090909090909091,-11
10437,183443,Ancient,HEROIC,0.4482758620689655,-3
10438,184235,Ancient,HEROIC,0.6190476190476191,11
10439,186216,Ancient,HEROIC,0.5909090909090909,15
10440,186802,Ancient,HEROIC,0.5333333333333333,-28
10441,187375,Ancient,HEROIC,0.5416666666666666,-28
10442,187450,Ancient,HEROIC,0.6842105263157895,-3
10443,188393,Ancient,HEROIC,0.6190476190476191,-59
10444,188510,Ancient,HEROIC,0.4090909090909091,-31
10445,189207,Ancient,HEROIC,0.3157894736842105,-2
10446,189273,Ancient,HEROIC,0.4666666666666667,3
10447,189360,Ancient,HEROIC,0.5909090909090909,6
10448,191985,Ancient,HEROIC,0.8666666666666667,-4
10449,195107,Ancient,HEROIC,0.2777777777777778,-27
10450,193854,Ancient,HEROIC,0.4347826086956521,-4
10451,197684,Ancient,HEROIC,0.5909090909090909,-20
10452,198337,Ancient,HEROIC,0.5909090909090909,-37
10453,198650,Ancient,HEROIC,0.5416666666666666,-28
10454,201178,Ancient,HEROIC,0.4285714285714285,-10
10455,203615,Ancient,HEROIC,0.4090909090909091,-5
10456,203787,Ancient,HEROIC,0.4666666666666667,14
10457,203644,Ancient,HEROIC,0.7647058823529411,-1
10458,205650,Ancient,HEROIC,0.2777777777777778,17
10459,204640,Ancient,HEROIC,0.5416666666666666,-13
10460,207830,Ancient,HEROIC,0.3809523809523809,3
10461,211139,Ancient,HEROIC,0.3157894736842105,-3
10462,212522,Ancient,HEROIC,0.2777777777777778,13
10463,212605,Ancient,HEROIC,0.6190476190476191,9
10464,212681,Ancient,HEROIC,0.3157894736842105,11
10465,214290,Ancient,HEROIC,0.7647058823529411,-57
10466,217679,Ancient,HEROIC,0.3157894736842105,-2
10467,227420,Ancient,HEROIC,0.4347826086956521,-2
10468,165273,Ancient,HEROIC,0.4347826086956522,-17
10469,165499,Ancient,HEROIC,0.4666666666666667,-38
10470,165674,Ancient,HEROIC,0.409090909090909,-15
10471,168105,Ancient,HEROIC,0.4666666666666667,21
10472,171783,Ancient,HEROIC,0.5416666666666667,-3
10473,172307,Ancient,HEROIC,0.5652173913043479,18
10474,173149,Ancient,HEROIC,0.3157894736842105,-4
10475,173261,Ancient,HEROIC,0.4347826086956522,6
10476,174803,Ancient,HEROIC,0.6190476190476191,-10
10477,174840,Ancient,HEROIC,0.2777777777777778,-18
10478,176528,Ancient,HEROIC,0.65,-18
10479,180002,Ancient,HEROIC,0.6190476190476191,1
10480,180379,Ancient,HEROIC,0.4583333333333333,-2
10481,180969,Ancient,HEROIC,0.65,-8
10482,182351,Ancient,HEROIC,0.409090909090909,-36
10483,182505,Ancient,HEROIC,0.8125,-8
10484,186029,Ancient,HEROIC,0.65,-1
10485,186694,Ancient,HEROIC,0.5652173913043479,-36
10486,188413,Ancient,HEROIC,0.3809523809523809,-9
10487,189149,Ancient,HEROIC,0.6190476190476191,1
10488,189556,Ancient,HEROIC,0.6842105263157895,5
10489,192354,Ancient,HEROIC,0.35,6
10490,192396,Ancient,HEROIC,0.409090909090909,3
10491,194679,Ancient,HEROIC,0.7222222222222222,-68
10492,194860,Ancient,HEROIC,0.4666666666666667,-40
10493,197699,Ancient,HEROIC,0.6842105263157895,-19
10494,198240,Ancient,HEROIC,0.6190476190476191,-12
10495,198411,Ancient,HEROIC,0.3809523809523809,-3
10496,198808,Ancient,HEROIC,0.5652173913043479,-16
10497,198852,Ancient,HEROIC,0.6190476190476191,-5
10498,200938,Ancient,HEROIC,0.65,-7
10499,200106,Ancient,HEROIC,0.409090909090909,13
10500,200151,Ancient,HEROIC,0.409090909090909,8
10501,203184,Ancient,HEROIC,0.4347826086956522,-10
10502,204431,Ancient,HEROIC,0.6842105263157895,-3
10503,210799,Ancient,HEROIC,0.6842105263157895,-26
10504,212263,Ancient,HEROIC,0.6190476190476191,5
10505,219101,Ancient,HEROIC,0.409090909090909,16
10506,219281,Ancient,HEROIC,0.2352941176470588,4
10507,219519,Ancient,HEROIC,0.409090909090909,12
10508,220602,Ancient,HEROIC,0.5652173913043479,-61
10509,221869,Ancient,HEROIC,0.7222222222222222,5
10510,225530,Ancient,HEROIC,0.5909090909090908,-7
10511,170095,Anubis,HEROIC,0.4583333333333333,19
10512,170767,Anubis,HEROIC,0.3809523809523809,9
10513,171899,Anubis,HEROIC,0.7222222222222222,-34
10514,174875,Anubis,HEROIC,0.4347826086956521,-31
10515,175488,Anubis,HEROIC,0.65,-6
10516,177153,Anubis,HEROIC,0.6842105263157895,-22
10517,180073,Anubis,HEROIC,0.3157894736842105,9
10518,180862,Anubis,HEROIC,0.35,-12
10519,181940,Anubis,HEROIC,0.4347826086956521,-37
10520,183459,Anubis,HEROIC,0.6842105263157895,-3
10521,184316,Anubis,HEROIC,0.4347826086956521,-5
10522,186088,Anubis,HEROIC,0.7222222222222222,13
10523,186458,Anubis,HEROIC,0.5652173913043478,-31
10524,186811,Anubis,HEROIC,0.6190476190476191,-28
10525,187458,Anubis,HEROIC,0.4583333333333333,-3
10526,188435,Anubis,HEROIC,0.7222222222222222,-36
10527,189198,Anubis,HEROIC,0.4722222222222222,-2
10528,192159,Anubis,HEROIC,0.4090909090909091,-21
10529,192307,Anubis,HEROIC,0.5909090909090909,-49
10530,192457,Anubis,HEROIC,0.5416666666666666,-50
10531,198277,Anubis,HEROIC,0.5652173913043478,-5
10532,198656,Anubis,HEROIC,0.65,-28
10533,169954,Anubis,HEROIC,0.5517241379310345,14
10534,174764,Anubis,HEROIC,0.35,-1
10535,180376,Anubis,HEROIC,0.2777777777777778,-2
10536,180963,Anubis,HEROIC,0.2777777777777778,-8
10537,181047,Anubis,HEROIC,0.6190476190476191,-5
10538,182770,Anubis,HEROIC,0.4347826086956522,-6
10539,182370,Anubis,HEROIC,0.5714285714285715,-24
10540,182497,Anubis,HEROIC,0.5416666666666667,-8
10541,182528,Anubis,HEROIC,0.4666666666666667,-11
10542,186638,Anubis,HEROIC,0.7222222222222222,-13
10543,192332,Anubis,HEROIC,0.5333333333333333,6
10544,198190,Anubis,HEROIC,0.6842105263157895,-14
10545,198237,Anubis,HEROIC,0.4583333333333333,-12
10546,198419,Anubis,HEROIC,0.6190476190476191,-3
10547,200860,Anubis,HEROIC,0.65,-22
10548,200952,Anubis,HEROIC,0.4583333333333333,-7
10549,200040,Anubis,HEROIC,0.5652173913043479,11
10550,200156,Anubis,HEROIC,0.65,8
10551,203196,Anubis,HEROIC,0.4347826086956522,-10
10552,175496,Dust2,HEROIC,0.4482758620689655,-6
10553,175701,Dust2,HEROIC,0.65,-6
10554,175788,Dust2,HEROIC,0.4090909090909091,7
10555,176653,Dust2,HEROIC,0.1333333333333333,4
10556,182669,Dust2,HEROIC,0.4583333333333333,-15
10557,183193,Dust2,HEROIC,0.5652173913043478,-36
10558,184246,Dust2,HEROIC,0.6842105263157895,11
10559,186226,Dust2,HEROIC,0.4666666666666667,15
10560,186805,Dust2,HEROIC,0.4482758620689655,-28
10561,186826,Dust2,HEROIC,0.8666666666666667,-16
10562,187367,Dust2,HEROIC,0.6190476190476191,-28
10563,187445,Dust2,HEROIC,0.3809523809523809,-3
10564,189281,Dust2,HEROIC,0.35,3
10565,192156,Dust2,HEROIC,0.35,-21
10566,192435,Dust2,HEROIC,0.7647058823529411,-50
10567,195102,Dust2,HEROIC,0.65,-27
10568,193845,Dust2,HEROIC,0.5909090909090909,-4
10569,193939,Dust2,HEROIC,0.8125,-76
10570,194075,Dust2,HEROIC,0.4666666666666667,-21
10571,197745,Dust2,HEROIC,0.6190476190476191,-7
10572,198269,Dust2,HEROIC,0.65,-5
10573,198334,Dust2,HEROIC,0.65,-37
10574,200891,Dust2,HEROIC,0.7222222222222222,-19
10575,201235,Dust2,HEROIC,0.4090909090909091,-34
10576,204652,Dust2,HEROIC,0.1875,-13
10577,207541,Dust2,HEROIC,0.2777777777777778,4
10578,207760,Dust2,HEROIC,0.5416666666666666,10
10579,207838,Dust2,HEROIC,0.6190476190476191,3
10580,209169,Dust2,HEROIC,0.7647058823529411,-10
10581,211135,Dust2,HEROIC,0.8666666666666667,-3
10582,211210,Dust2,HEROIC,0.2777777777777778,8
10583,211790,Dust2,HEROIC,0.5652173913043478,-4
10584,212678,Dust2,HEROIC,0.4482758620689655,11
10585,214284,Dust2,HEROIC,0.65,-57
10586,217673,Dust2,HEROIC,0.6842105263157895,-2
10587,220485,Dust2,HEROIC,0.5652173913043478,-136
10588,221255,Dust2,HEROIC,0.4482758620689655,-10
10589,221561,Dust2,HEROIC,0.6842105263157895,13
10590,221768,Dust2,HEROIC,0.5909090909090909,14
10591,227183,Dust2,HEROIC,0.4666666666666667,-2
10592,227376,Dust2,HEROIC,0.4090909090909091,-2
10593,228701,Dust2,HEROIC,0.7647058823529411,-22
10594,177191,Dust2,HEROIC,0.65,-21
10595,182339,Dust2,HEROIC,0.35,-36
10596,182384,Dust2,HEROIC,0.5909090909090908,-24
10597,182545,Dust2,HEROIC,0.65,-11
10598,182648,Dust2,HEROIC,0.6842105263157895,-4
10599,185964,Dust2,HEROIC,0.5652173913043479,14
10600,186642,Dust2,HEROIC,0.6190476190476191,-13
10601,186721,Dust2,HEROIC,0.3809523809523809,-36
10602,192345,Dust2,HEROIC,0.2777777777777778,6
10603,194844,Dust2,HEROIC,0.6190476190476191,-40
10604,194994,Dust2,HEROIC,0.7647058823529412,-61
10605,198431,Dust2,HEROIC,0.65,-12
10606,198553,Dust2,HEROIC,0.7222222222222222,-39
10607,198845,Dust2,HEROIC,0.5909090909090908,-5
10608,200038,Dust2,HEROIC,0.409090909090909,11
10609,201089,Dust2,HEROIC,0.1875,5
10610,201143,Dust2,HEROIC,0.4347826086956522,-8
10611,200111,Dust2,HEROIC,0.1875,13
10612,200174,Dust2,HEROIC,0.3809523809523809,11
10613,203125,Dust2,HEROIC,0.3157894736842105,-8
10614,204550,Dust2,HEROIC,0.409090909090909,11
10615,205778,Dust2,HEROIC,0.4583333333333333,11
10616,209296,Dust2,HEROIC,0.3809523809523809,6
10617,210721,Dust2,HEROIC,0.5714285714285715,1
10618,210932,Dust2,HEROIC,0.1333333333333333,-6
10619,212265,Dust2,HEROIC,0.3157894736842105,5
10620,217229,Dust2,HEROIC,0.1333333333333333,16
10621,220689,Dust2,HEROIC,0.5517241379310345,-28
10622,220828,Dust2,HEROIC,0.5909090909090908,-7
10623,221149,Dust2,HEROIC,0.4482758620689655,6
10624,222001,Dust2,HEROIC,0.3809523809523809,16
10625,225052,Dust2,HEROIC,0.35,-7
10626,225558,Dust2,HEROIC,0.4583333333333333,-7
10627,224416,Dust2,HEROIC,0.6842105263157895,-50
10628,224703,Dust2,HEROIC,0.5909090909090908,-68
10629,227063,Dust2,HEROIC,0.5909090909090908,-14
10630,228401,Dust2,HEROIC,0.5416666666666667,20
10631,167111,Inferno,HEROIC,0.4090909090909091,27
10632,211142,Inferno,HEROIC,0.3809523809523809,-3
10633,212521,Inferno,HEROIC,0.3157894736842105,13
10634,212611,Inferno,HEROIC,0.6190476190476191,9
10635,217664,Inferno,HEROIC,0.3157894736842105,-2
10636,220492,Inferno,HEROIC,0.8125,-136
10637,221020,Inferno,HEROIC,0.6190476190476191,-3
10638,221553,Inferno,HEROIC,0.7222222222222222,13
10639,221785,Inferno,HEROIC,0.1875,14
10640,227390,Inferno,HEROIC,0.7222222222222222,-2
10641,228706,Inferno,HEROIC,0.3157894736842105,-22
10642,167190,Inferno,HEROIC,0.2777777777777778,22
10643,209300,Inferno,HEROIC,0.409090909090909,6
10644,209384,Inferno,HEROIC,0.7647058823529412,9
10645,210930,Inferno,HEROIC,0.8125,-6
10646,212081,Inferno,HEROIC,0.5416666666666667,12
10647,219406,Inferno,HEROIC,0.5652173913043479,10
10648,222038,Inferno,HEROIC,0.409090909090909,16
10649,224458,Inferno,HEROIC,0.9285714285714286,-78
10650,224682,Inferno,HEROIC,0.4666666666666667,-68
10651,228511,Inferno,HEROIC,0.35,21
10652,228577,Inferno,HEROIC,0.2352941176470588,-12
10653,165578,Mirage,HEROIC,0.4583333333333333,-57
10654,168134,Mirage,HEROIC,0.2777777777777778,19
10655,170091,Mirage,HEROIC,0.5333333333333333,19
10656,171440,Mirage,HEROIC,0.5333333333333333,-6
10657,171638,Mirage,HEROIC,0.3157894736842105,-13
10658,171851,Mirage,HEROIC,0.4583333333333333,16
10659,172161,Mirage,HEROIC,0.5333333333333333,-21
10660,172406,Mirage,HEROIC,0.4090909090909091,-29
10661,175602,Mirage,HEROIC,0.3809523809523809,6
10662,175801,Mirage,HEROIC,0.3809523809523809,7
10663,176440,Mirage,HEROIC,0.6190476190476191,-19
10664,176501,Mirage,HEROIC,0.5909090909090909,8
10665,177129,Mirage,HEROIC,0.4090909090909091,-7
10666,180851,Mirage,HEROIC,0.35,-12
10667,183293,Mirage,HEROIC,0.5714285714285714,-11
10668,183534,Mirage,HEROIC,0.5416666666666666,-11
10669,184308,Mirage,HEROIC,0.5909090909090909,-5
10670,186085,Mirage,HEROIC,0.5416666666666666,13
10671,186231,Mirage,HEROIC,0.3157894736842105,15
10672,187465,Mirage,HEROIC,0.1333333333333333,-3
10673,188516,Mirage,HEROIC,0.65,-31
10674,189191,Mirage,HEROIC,0.6190476190476191,-2
10675,189279,Mirage,HEROIC,0.5652173913043478,3
10676,189358,Mirage,HEROIC,0.8125,6
10677,192004,Mirage,HEROIC,0.5365853658536586,-4
10678,192300,Mirage,HEROIC,0.65,-49
10679,193945,Mirage,HEROIC,0.8125,-76
10680,194082,Mirage,HEROIC,0.6842105263157895,-21
10681,197749,Mirage,HEROIC,0.5517241379310345,-7
10682,201183,Mirage,HEROIC,0.5652173913043478,-10
10683,201231,Mirage,HEROIC,0.4583333333333333,-34
10684,203687,Mirage,HEROIC,0.5652173913043478,5
10685,205659,Mirage,HEROIC,0.5333333333333333,17
10686,207531,Mirage,HEROIC,0.4482758620689655,4
10687,207766,Mirage,HEROIC,0.4347826086956521,10
10688,207844,Mirage,HEROIC,0.4347826086956521,3
10689,211209,Mirage,HEROIC,0.2352941176470588,8
10690,216712,Mirage,HEROIC,0.5333333333333333,5
10691,221779,Mirage,HEROIC,0.3809523809523809,14
10692,225236,Mirage,HEROIC,0.65,-48
10693,225492,Mirage,HEROIC,0.65,-10
10694,224453,Mirage,HEROIC,0.7647058823529411,-90
10695,227202,Mirage,HEROIC,0.6190476190476191,-2
10696,228697,Mirage,HEROIC,0.3809523809523809,-22
10697,165083,Mirage,HEROIC,0.6190476190476191,-38
10698,165279,Mirage,HEROIC,0.35,-17
10699,170118,Mirage,HEROIC,0.7647058823529412,4
10700,170704,Mirage,HEROIC,0.65,5
10701,170819,Mirage,HEROIC,0.5909090909090908,4
10702,172207,Mirage,HEROIC,0.65,6
10703,173077,Mirage,HEROIC,0.6190476190476191,-41
10704,181044,Mirage,HEROIC,0.4583333333333333,-5
10705,182757,Mirage,HEROIC,0.35,-6
10706,182535,Mirage,HEROIC,0.6842105263157895,-11
10707,182641,Mirage,HEROIC,0.5909090909090908,-4
10708,186024,Mirage,HEROIC,0.5909090909090908,-1
10709,189125,Mirage,HEROIC,0.65,-12
10710,189558,Mirage,HEROIC,0.4482758620689655,5
10711,192388,Mirage,HEROIC,0.6190476190476191,3
10712,193092,Mirage,HEROIC,0.8125,8
10713,194657,Mirage,HEROIC,0.4583333333333333,-68
10714,198245,Mirage,HEROIC,0.1875,-12
10715,198425,Mirage,HEROIC,0.7647058823529412,-12
10716,198812,Mirage,HEROIC,0.8125,-16
10717,198858,Mirage,HEROIC,0.1875,-5
10718,200962,Mirage,HEROIC,0.6842105263157895,-7
10719,200041,Mirage,HEROIC,0.6842105263157895,11
10720,201110,Mirage,HEROIC,0.5909090909090908,-18
10721,200158,Mirage,HEROIC,0.5333333333333333,8
10722,200177,Mirage,HEROIC,0.409090909090909,11
10723,203131,Mirage,HEROIC,0.65,-8
10724,205775,Mirage,HEROIC,0.35,11
10725,209374,Mirage,HEROIC,0.4347826086956522,9
10726,210939,Mirage,HEROIC,0.55,-6
10727,211950,Mirage,HEROIC,0.5416666666666667,-13
10728,212073,Mirage,HEROIC,0.7647058823529412,12
10729,214323,Mirage,HEROIC,0.4347826086956522,-12
10730,216464,Mirage,HEROIC,0.6190476190476191,-36
10731,217220,Mirage,HEROIC,0.8125,16
10732,217830,Mirage,HEROIC,0.3809523809523809,-3
10733,219513,Mirage,HEROIC,0.3157894736842105,12
10734,221880,Mirage,HEROIC,0.1875,5
10735,225037,Mirage,HEROIC,0.6190476190476191,-7
10736,224715,Mirage,HEROIC,0.4347826086956522,-68
10737,228505,Mirage,HEROIC,0.2352941176470588,21
10738,228580,Mirage,HEROIC,0.3157894736842105,-12
10739,165572,Nuke,HEROIC,0.7222222222222222,-57
10740,167108,Nuke,HEROIC,0.3157894736842105,27
10741,168133,Nuke,HEROIC,0.35,19
10742,170776,Nuke,HEROIC,0.4583333333333333,9
10743,171754,Nuke,HEROIC,0.7647058823529411,-10
10744,172143,Nuke,HEROIC,0.7222222222222222,-26
10745,172402,Nuke,HEROIC,0.3157894736842105,-29
10746,174633,Nuke,HEROIC,0.6190476190476191,-55
10747,174869,Nuke,HEROIC,0.4347826086956521,-31
10748,175598,Nuke,HEROIC,0.4583333333333333,6
10749,176494,Nuke,HEROIC,0.6190476190476191,8
10750,176643,Nuke,HEROIC,0.3809523809523809,4
10751,181957,Nuke,HEROIC,0.4583333333333333,-37
10752,182681,Nuke,HEROIC,0.3809523809523809,-15
10753,183115,Nuke,HEROIC,0.65,-3
10754,183205,Nuke,HEROIC,0.65,-36
10755,183315,Nuke,HEROIC,0.4583333333333333,-11
10756,183454,Nuke,HEROIC,0.65,-3
10757,183537,Nuke,HEROIC,0.5909090909090909,-11
10758,184319,Nuke,HEROIC,0.2777777777777778,-5
10759,189359,Nuke,HEROIC,0.2777777777777778,6
10760,192293,Nuke,HEROIC,0.4583333333333333,-49
10761,195115,Nuke,HEROIC,0.35,-27
10762,198263,Nuke,HEROIC,0.4666666666666667,-5
10763,203608,Nuke,HEROIC,0.5652173913043478,-5
10764,203793,Nuke,HEROIC,0.3809523809523809,14
10765,203863,Nuke,HEROIC,0.3157894736842105,-5
10766,205653,Nuke,HEROIC,0.8125,17
10767,207526,Nuke,HEROIC,0.5909090909090909,4
10768,207780,Nuke,HEROIC,0.4761904761904761,10
10769,211784,Nuke,HEROIC,0.65,-4
10770,212600,Nuke,HEROIC,0.3809523809523809,9
10771,216704,Nuke,HEROIC,0.6842105263157895,5
10772,221027,Nuke,HEROIC,0.5652173913043478,-3
10773,221266,Nuke,HEROIC,0.4761904761904761,-10
10774,221467,Nuke,HEROIC,0.6190476190476191,-5
10775,224026,Nuke,HEROIC,0.35,-58
10776,225231,Nuke,HEROIC,0.7647058823529411,-48
10777,225482,Nuke,HEROIC,0.5333333333333333,-10
10778,227177,Nuke,HEROIC,0.5909090909090909,-2
10779,227370,Nuke,HEROIC,0.0,-2
10780,165074,Nuke,HEROIC,0.5909090909090908,-38
10781,165270,Nuke,HEROIC,0.5416666666666667,-17
10782,165507,Nuke,HEROIC,0.65,-38
10783,165678,Nuke,HEROIC,0.65,-15
10784,167186,Nuke,HEROIC,0.4583333333333333,22
10785,169959,Nuke,HEROIC,0.3157894736842105,14
10786,170119,Nuke,HEROIC,0.6190476190476191,4
10787,170134,Nuke,HEROIC,0.3809523809523809,14
10788,171792,Nuke,HEROIC,0.4347826086956522,-3
10789,173074,Nuke,HEROIC,0.5416666666666667,-41
10790,173154,Nuke,HEROIC,0.6842105263157895,-4
10791,173264,Nuke,HEROIC,0.4482758620689655,6
10792,174749,Nuke,HEROIC,0.7222222222222222,-1
10793,174809,Nuke,HEROIC,0.5714285714285715,-10
10794,174831,Nuke,HEROIC,0.7222222222222222,-18
10795,176533,Nuke,HEROIC,0.7647058823529412,-18
10796,177011,Nuke,HEROIC,0.3157894736842105,1
10797,180979,Nuke,HEROIC,0.7222222222222222,-8
10798,181051,Nuke,HEROIC,0.4583333333333333,-5
10799,186484,Nuke,HEROIC,0.5652173913043479,-36
10800,186701,Nuke,HEROIC,0.35,-36
10801,186941,Nuke,HEROIC,0.5652173913043479,-14
10802,189557,Nuke,HEROIC,0.409090909090909,5
10803,192406,Nuke,HEROIC,0.65,3
10804,193095,Nuke,HEROIC,0.8666666666666667,8
10805,194693,Nuke,HEROIC,0.8666666666666667,-68
10806,194879,Nuke,HEROIC,0.5416666666666667,-40
10807,195027,Nuke,HEROIC,0.6190476190476191,-61
10808,193984,Nuke,HEROIC,0.2777777777777778,1
10809,198549,Nuke,HEROIC,0.6190476190476191,-39
10810,200108,Nuke,HEROIC,0.5517241379310345,13
10811,203134,Nuke,HEROIC,0.2777777777777778,-8
10812,203181,Nuke,HEROIC,0.5416666666666667,-10
10813,209390,Nuke,HEROIC,0.1333333333333333,9
10814,211945,Nuke,HEROIC,0.6190476190476191,-13
10815,212270,Nuke,HEROIC,0.35,5
10816,214326,Nuke,HEROIC,0.35,-12
10817,216457,Nuke,HEROIC,0.8666666666666667,-36
10818,217235,Nuke,HEROIC,0.409090909090909,16
10819,219273,Nuke,HEROIC,0.409090909090909,4
10820,219390,Nuke,HEROIC,0.7222222222222222,10
10821,220617,Nuke,HEROIC,0.65,-61
10822,220710,Nuke,HEROIC,0.8125,-28
10823,220838,Nuke,HEROIC,0.5416666666666667,-7
10824,221858,Nuke,HEROIC,0.1875,5
10825,225545,Nuke,HEROIC,0.35,-7
10826,228399,Nuke,HEROIC,0.6190476190476191,20
10827,173806,Ancient,JiJieHao,0.4090909090909091,-160
10828,173940,Ancient,JiJieHao,0.65,-160
10829,182646,Ancient,JiJieHao,0.4347826086956521,-52
10830,192139,Ancient,JiJieHao,0.5384615384615384,53
10831,192968,Ancient,JiJieHao,0.2777777777777778,46
10832,196768,Ancient,JiJieHao,0.8666666666666667,34
10833,197878,Ancient,JiJieHao,0.65,-97
10834,198275,Ancient,JiJieHao,0.4583333333333333,-27
10835,205145,Ancient,JiJieHao,0.4347826086956521,33
10836,205456,Ancient,JiJieHao,0.7222222222222222,28
10837,206300,Ancient,JiJieHao,0.3809523809523809,76
10838,207990,Ancient,JiJieHao,0.4347826086956521,11
10839,210358,Ancient,JiJieHao,0.4347826086956521,27
10840,209646,Ancient,JiJieHao,0.5909090909090909,20
10841,210330,Ancient,JiJieHao,0.4347826086956521,13
10842,213130,Ancient,JiJieHao,0.4090909090909091,19
10843,213462,Ancient,JiJieHao,0.7222222222222222,50
10844,213634,Ancient,JiJieHao,0.2352941176470588,19
10845,213527,Ancient,JiJieHao,0.1875,40
10846,213757,Ancient,JiJieHao,0.4411764705882353,7
10847,215770,Ancient,JiJieHao,0.5909090909090909,60
10848,216818,Ancient,JiJieHao,0.8125,-73
10849,221252,Ancient,JiJieHao,0.4583333333333333,-53
10850,224498,Ancient,JiJieHao,0.4090909090909091,-16
10851,224516,Ancient,JiJieHao,0.4666666666666667,23
10852,228824,Ancient,JiJieHao,0.7222222222222222,48
10853,229054,Ancient,JiJieHao,0.6842105263157895,48
10854,229130,Ancient,JiJieHao,0.3157894736842105,29
10855,189465,Ancient,JiJieHao,0.5416666666666667,156
10856,189660,Ancient,JiJieHao,0.409090909090909,-4
10857,190572,Ancient,JiJieHao,0.4347826086956522,42
10858,190905,Ancient,JiJieHao,0.3809523809523809,51
10859,191269,Ancient,JiJieHao,0.65,-19
10860,196819,Ancient,JiJieHao,0.409090909090909,30
10861,198650,Ancient,JiJieHao,0.4583333333333333,28
10862,198694,Ancient,JiJieHao,0.4347826086956522,20
10863,199805,Ancient,JiJieHao,0.2352941176470588,22
10864,205187,Ancient,JiJieHao,0.4347826086956522,71
10865,207749,Ancient,JiJieHao,0.35,29
10866,208282,Ancient,JiJieHao,0.5909090909090908,55
10867,213882,Ancient,JiJieHao,0.3809523809523809,-18
10868,212352,Ancient,JiJieHao,0.35,5
10869,212871,Ancient,JiJieHao,0.4722222222222222,-39
10870,213036,Ancient,JiJieHao,0.6190476190476191,-62
10871,213327,Ancient,JiJieHao,0.6190476190476191,31
10872,213989,Ancient,JiJieHao,0.4583333333333333,25
10873,214094,Ancient,JiJieHao,0.1333333333333333,64
10874,215625,Ancient,JiJieHao,0.4571428571428572,-133
10875,215903,Ancient,JiJieHao,0.4347826086956522,-39
10876,217481,Ancient,JiJieHao,0.4482758620689655,52
10877,218930,Ancient,JiJieHao,0.65,-75
10878,219002,Ancient,JiJieHao,0.2777777777777778,35
10879,221145,Ancient,JiJieHao,0.5909090909090908,-185
10880,221489,Ancient,JiJieHao,0.5416666666666667,8
10881,222470,Ancient,JiJieHao,0.2352941176470588,28
10882,224492,Ancient,JiJieHao,0.7222222222222222,3
10883,227970,Ancient,JiJieHao,0.3809523809523809,-33
10884,228574,Ancient,JiJieHao,0.6190476190476191,13
10885,228693,Ancient,JiJieHao,0.5517241379310345,-29
10886,171028,Anubis,JiJieHao,0.6190476190476191,-55
10887,173815,Anubis,JiJieHao,0.4090909090909091,-160
10888,173924,Anubis,JiJieHao,0.5333333333333333,-160
10889,189583,Anubis,JiJieHao,0.2352941176470588,188
10890,192152,Anubis,JiJieHao,0.35,53
10891,217276,Anubis,JiJieHao,0.8125,35
10892,217398,Anubis,JiJieHao,0.6190476190476191,56
10893,229141,Anubis,JiJieHao,0.4347826086956521,29
10894,171033,Anubis,JiJieHao,0.35,39
10895,191273,Anubis,JiJieHao,0.409090909090909,-19
10896,194529,Anubis,JiJieHao,0.5333333333333333,-1
10897,198656,Anubis,JiJieHao,0.35,28
10898,217485,Anubis,JiJieHao,0.2352941176470588,52
10899,227975,Anubis,JiJieHao,0.3809523809523809,-33
10900,228076,Anubis,JiJieHao,0.6842105263157895,-89
10901,229831,Anubis,JiJieHao,0.8666666666666667,-30
10902,190166,Dust2,JiJieHao,0.3157894736842105,46
10903,191182,Dust2,JiJieHao,0.4347826086956521,24
10904,196770,Dust2,JiJieHao,0.5652173913043478,34
10905,198546,Dust2,JiJieHao,0.6842105263157895,76
10906,198979,Dust2,JiJieHao,0.6190476190476191,4
10907,199188,Dust2,JiJieHao,0.6190476190476191,10
10908,199404,Dust2,JiJieHao,0.35,10
10909,203039,Dust2,JiJieHao,0.4347826086956521,11
10910,204685,Dust2,JiJieHao,0.4090909090909091,64
10911,204887,Dust2,JiJieHao,0.5365853658536586,51
10912,204938,Dust2,JiJieHao,0.5333333333333333,33
10913,205138,Dust2,JiJieHao,0.4571428571428571,33
10914,205446,Dust2,JiJieHao,0.5652173913043478,28
10915,205535,Dust2,JiJieHao,0.65,44
10916,206136,Dust2,JiJieHao,0.5652173913043478,53
10917,206296,Dust2,JiJieHao,0.35,76
10918,206932,Dust2,JiJieHao,0.5416666666666666,44
10919,207331,Dust2,JiJieHao,0.4090909090909091,34
10920,207534,Dust2,JiJieHao,0.6190476190476191,11
10921,207474,Dust2,JiJieHao,0.4482758620689655,58
10922,207983,Dust2,JiJieHao,0.5652173913043478,11
10923,208214,Dust2,JiJieHao,0.6190476190476191,32
10924,208439,Dust2,JiJieHao,0.4347826086956521,82
10925,209154,Dust2,JiJieHao,0.4583333333333333,21
10926,210339,Dust2,JiJieHao,0.5909090909090909,27
10927,209547,Dust2,JiJieHao,0.3809523809523809,-30
10928,209956,Dust2,JiJieHao,0.35,19
10929,212087,Dust2,JiJieHao,0.7647058823529411,-27
10930,212297,Dust2,JiJieHao,0.5909090909090909,-27
10931,212657,Dust2,JiJieHao,0.4347826086956521,8
10932,213458,Dust2,JiJieHao,0.7647058823529411,50
10933,213547,Dust2,JiJieHao,0.5909090909090909,-1
10934,213533,Dust2,JiJieHao,0.5416666666666666,40
10935,213934,Dust2,JiJieHao,0.3157894736842105,-15
10936,214384,Dust2,JiJieHao,0.6190476190476191,8
10937,215772,Dust2,JiJieHao,0.7222222222222222,60
10938,216817,Dust2,JiJieHao,0.7222222222222222,-73
10939,217267,Dust2,JiJieHao,0.3157894736842105,35
10940,221256,Dust2,JiJieHao,0.65,-53
10941,222496,Dust2,JiJieHao,0.6842105263157895,35
10942,222716,Dust2,JiJieHao,0.3809523809523809,-16
10943,227768,Dust2,JiJieHao,0.9285714285714286,-73
10944,229120,Dust2,JiJieHao,0.4615384615384615,29
10945,190437,Dust2,JiJieHao,0.6190476190476191,42
10946,190575,Dust2,JiJieHao,0.35,42
10947,191263,Dust2,JiJieHao,0.3157894736842105,-19
10948,191885,Dust2,JiJieHao,0.8666666666666667,-24
10949,194391,Dust2,JiJieHao,0.4285714285714286,-24
10950,196805,Dust2,JiJieHao,0.4482758620689655,30
10951,199800,Dust2,JiJieHao,0.65,22
10952,205031,Dust2,JiJieHao,1.0,75
10953,207736,Dust2,JiJieHao,0.4583333333333333,29
10954,208065,Dust2,JiJieHao,0.4583333333333333,52
10955,208274,Dust2,JiJieHao,0.6842105263157895,55
10956,209091,Dust2,JiJieHao,0.4583333333333333,24
10957,209810,Dust2,JiJieHao,0.7222222222222222,-6
10958,212831,Dust2,JiJieHao,0.6190476190476191,32
10959,212011,Dust2,JiJieHao,0.409090909090909,4
10960,212357,Dust2,JiJieHao,0.2777777777777778,5
10961,212881,Dust2,JiJieHao,0.5333333333333333,-39
10962,213332,Dust2,JiJieHao,0.4347826086956522,31
10963,213813,Dust2,JiJieHao,0.6190476190476191,23
10964,213984,Dust2,JiJieHao,0.7222222222222222,25
10965,214084,Dust2,JiJieHao,0.5588235294117647,64
10966,215863,Dust2,JiJieHao,0.8125,-133
10967,215883,Dust2,JiJieHao,0.5909090909090908,-39
10968,217496,Dust2,JiJieHao,0.35,52
10969,218931,Dust2,JiJieHao,0.6842105263157895,-75
10970,221500,Dust2,JiJieHao,0.5588235294117647,8
10971,228696,Dust2,JiJieHao,0.409090909090909,-29
10972,171026,Inferno,JiJieHao,0.5333333333333333,-55
10973,190161,Inferno,JiJieHao,0.1875,46
10974,191192,Inferno,JiJieHao,0.3157894736842105,24
10975,192157,Inferno,JiJieHao,0.35,53
10976,194594,Inferno,JiJieHao,0.35,69
10977,198267,Inferno,JiJieHao,0.8125,-27
10978,204675,Inferno,JiJieHao,0.4722222222222222,64
10979,205538,Inferno,JiJieHao,0.4090909090909091,44
10980,207037,Inferno,JiJieHao,0.2777777777777778,91
10981,206931,Inferno,JiJieHao,0.7222222222222222,44
10982,207460,Inferno,JiJieHao,0.4090909090909091,58
10983,207995,Inferno,JiJieHao,0.4482758620689655,11
10984,208202,Inferno,JiJieHao,0.6190476190476191,32
10985,210051,Inferno,JiJieHao,0.3809523809523809,22
10986,210305,Inferno,JiJieHao,0.4090909090909091,23
10987,210209,Inferno,JiJieHao,0.2352941176470588,39
10988,212304,Inferno,JiJieHao,0.5909090909090909,-27
10989,216816,Inferno,JiJieHao,0.4583333333333333,-73
10990,217389,Inferno,JiJieHao,0.5909090909090909,56
10991,221243,Inferno,JiJieHao,0.7222222222222222,-53
10992,222491,Inferno,JiJieHao,0.6190476190476191,-30
10993,228830,Inferno,JiJieHao,0.8666666666666667,48
10994,229045,Inferno,JiJieHao,0.5517241379310345,48
10995,229135,Inferno,JiJieHao,0.5909090909090909,29
10996,189461,Inferno,JiJieHao,0.6190476190476191,156
10997,189497,Inferno,JiJieHao,0.5416666666666667,174
10998,191969,Inferno,JiJieHao,0.5714285714285715,-24
10999,198693,Inferno,JiJieHao,0.35,20
11000,199799,Inferno,JiJieHao,0.35,22
11001,204650,Inferno,JiJieHao,0.1875,-60
11002,205280,Inferno,JiJieHao,0.2777777777777778,75
11003,205209,Inferno,JiJieHao,0.3157894736842105,71
11004,209078,Inferno,JiJieHao,0.2352941176470588,24
11005,209800,Inferno,JiJieHao,0.5517241379310345,-6
11006,212241,Inferno,JiJieHao,0.409090909090909,35
11007,211993,Inferno,JiJieHao,0.1875,4
11008,213878,Inferno,JiJieHao,0.6842105263157895,-18
11009,212892,Inferno,JiJieHao,0.5909090909090908,-39
11010,213808,Inferno,JiJieHao,0.5416666666666667,23
11011,213991,Inferno,JiJieHao,0.8125,25
11012,215891,Inferno,JiJieHao,0.4722222222222222,-39
11013,221138,Inferno,JiJieHao,0.523809523809524,-185
11014,229842,Inferno,JiJieHao,0.5714285714285715,-30
11015,229859,Inferno,JiJieHao,0.409090909090909,-90
11016,192960,Mirage,JiJieHao,0.3157894736842105,46
11017,194361,Mirage,JiJieHao,0.5652173913043478,34
11018,194580,Mirage,JiJieHao,0.4090909090909091,69
11019,203047,Mirage,JiJieHao,0.4722222222222222,11
11020,204897,Mirage,JiJieHao,0.6190476190476191,51
11021,205153,Mirage,JiJieHao,0.1333333333333333,72
11022,205451,Mirage,JiJieHao,0.35,28
11023,206145,Mirage,JiJieHao,0.65,53
11024,207314,Mirage,JiJieHao,0.65,34
11025,208194,Mirage,JiJieHao,0.35,32
11026,209162,Mirage,JiJieHao,0.4090909090909091,21
11027,210070,Mirage,JiJieHao,0.5428571428571428,22
11028,209552,Mirage,JiJieHao,0.5416666666666666,-30
11029,210309,Mirage,JiJieHao,0.65,23
11030,209641,Mirage,JiJieHao,0.5416666666666666,20
11031,210155,Mirage,JiJieHao,0.5652173913043478,-34
11032,212535,Mirage,JiJieHao,0.0714285714285714,45
11033,213141,Mirage,JiJieHao,0.2352941176470588,19
11034,211846,Mirage,JiJieHao,0.1875,42
11035,212656,Mirage,JiJieHao,0.2777777777777778,8
11036,213552,Mirage,JiJieHao,0.5909090909090909,-1
11037,213630,Mirage,JiJieHao,0.4090909090909091,19
11038,213537,Mirage,JiJieHao,0.7222222222222222,40
11039,214387,Mirage,JiJieHao,0.3809523809523809,8
11040,217268,Mirage,JiJieHao,0.5416666666666666,35
11041,221399,Mirage,JiJieHao,0.65,-34
11042,192237,Mirage,JiJieHao,0.4583333333333333,-73
11043,194532,Mirage,JiJieHao,0.65,-1
11044,196811,Mirage,JiJieHao,0.4583333333333333,30
11045,204659,Mirage,JiJieHao,0.2352941176470588,-60
11046,205276,Mirage,JiJieHao,0.1333333333333333,75
11047,212840,Mirage,JiJieHao,0.7647058823529412,32
11048,213874,Mirage,JiJieHao,0.4583333333333333,-18
11049,218918,Mirage,JiJieHao,0.409090909090909,-75
11050,228072,Mirage,JiJieHao,0.8125,-89
11051,228581,Mirage,JiJieHao,0.5416666666666667,13
11052,228699,Mirage,JiJieHao,0.7647058823529412,-29
11053,229879,Mirage,JiJieHao,0.4722222222222222,-90
11054,170995,Nuke,JiJieHao,0.4583333333333333,40
11055,189589,Nuke,JiJieHao,0.35,188
11056,198279,Nuke,JiJieHao,0.6842105263157895,-27
11057,198968,Nuke,JiJieHao,0.5428571428571428,4
11058,199183,Nuke,JiJieHao,0.5588235294117647,10
11059,199400,Nuke,JiJieHao,0.4583333333333333,10
11060,204952,Nuke,JiJieHao,0.5416666666666666,33
11061,205158,Nuke,JiJieHao,0.4090909090909091,72
11062,205143,Nuke,JiJieHao,0.5909090909090909,33
11063,205541,Nuke,JiJieHao,0.4583333333333333,44
11064,207345,Nuke,JiJieHao,0.4583333333333333,34
11065,207527,Nuke,JiJieHao,0.5333333333333333,11
11066,210039,Nuke,JiJieHao,0.6190476190476191,22
11067,209556,Nuke,JiJieHao,0.6190476190476191,-30
11068,210308,Nuke,JiJieHao,0.65,23
11069,209635,Nuke,JiJieHao,0.4285714285714285,20
11070,209946,Nuke,JiJieHao,0.3809523809523809,19
11071,210150,Nuke,JiJieHao,0.5416666666666666,-34
11072,210320,Nuke,JiJieHao,0.2352941176470588,13
11073,210235,Nuke,JiJieHao,0.4666666666666667,39
11074,212095,Nuke,JiJieHao,0.5909090909090909,-27
11075,212539,Nuke,JiJieHao,0.2352941176470588,45
11076,215771,Nuke,JiJieHao,0.4347826086956521,60
11077,189505,Nuke,JiJieHao,0.8125,174
11078,189667,Nuke,JiJieHao,0.409090909090909,-4
11079,190910,Nuke,JiJieHao,0.2777777777777778,51
11080,192232,Nuke,JiJieHao,0.3809523809523809,-73
11081,194383,Nuke,JiJieHao,0.3157894736842105,-24
11082,205040,Nuke,JiJieHao,0.7222222222222222,75
11083,208068,Nuke,JiJieHao,0.1875,52
11084,212235,Nuke,JiJieHao,0.3157894736842105,35
11085,213035,Nuke,JiJieHao,0.5416666666666667,-62
11086,213342,Nuke,JiJieHao,1.0,31
11087,214091,Nuke,JiJieHao,0.3157894736842105,64
11088,228579,Nuke,JiJieHao,0.1875,13
